Rank,Prev.,Country Flag,Rider,Team,Date of birth,CQ
1,(1),https://cqranking.com/common/flags/SLO.gif,POGACAR Tadej,UEX,21/09/1998,3853
2,(6),https://cqranking.com/common/flags/BEL.gif,EVENEPOEL Remco,RBH,25/01/2000,2190
3,(3),https://cqranking.com/common/flags/DEN.gif,VINGEGAARD HANSEN Jonas,TVL,10/12/1996,2111
4,(2),https://cqranking.com/common/flags/MEX.gif,DEL TORO ROMERO Isaac,UEX,27/11/2003,2029
5,(73),https://cqranking.com/common/flags/FRA.gif,SEIXAS Paul,DCT,24/09/2006,1740
6,(16),https://cqranking.com/common/flags/BEL.gif,PHILIPSEN Jasper,APT,02/03/1998,1300
7,(58),https://cqranking.com/common/flags/SUI.gif,SCHMID Mauro,JAY,04/12/1999,1296
8,(28),https://cqranking.com/common/flags/FRA.gif,MARTINEZ Lenny,TBV,11/07/2003,1248
9,(65),https://cqranking.com/common/flags/NOR.gif,JOHANNESSEN Tobias Halland,UXM,23/08/1999,1113
10,(34),https://cqranking.com/common/flags/AUT.gif,GALL Felix,DCT,27/02/1998,1087
11,(8),https://cqranking.com/common/flags/NED.gif,VAN DER POEL Mathieu,APT,19/01/1995,1086
12,(7),https://cqranking.com/common/flags/GBR.gif,PIDCOCK Thomas,PQT,30/07/1999,1070
13,(13),https://cqranking.com/common/flags/ITA.gif,SCARONI Christian,XAT,16/10/1997,1060
14,(24),https://cqranking.com/common/flags/BEL.gif,VAN AERT Wout,TVL,15/09/1994,1042
15,(29),https://cqranking.com/common/flags/GER.gif,LIPOWITZ Florian,RBH,21/09/2000,1027
16,(49),https://cqranking.com/common/flags/ECU.gif,CARAPAZ MONTENEGRO Richard Antonio,EFE,29/05/1993,993
17,(69),https://cqranking.com/common/flags/ITA.gif,PELLIZZARI Giulio,RBH,21/11/2003,984
18,(19),https://cqranking.com/common/flags/FRA.gif,GREGOIRE Romain,GFC,21/01/2003,981
19,(54),https://cqranking.com/common/flags/DEN.gif,LUND ANDRESEN Tobias,DCT,20/08/2002,979
20,(27),https://cqranking.com/common/flags/DEN.gif,SKJELMOSE JENSEN Mattias,LTK,26/09/2000,928
21,(297),https://cqranking.com/common/flags/NZL.gif,PITHIE Laurence,RBH,17/07/2002,903
22,(256),https://cqranking.com/common/flags/FRA.gif,COSNEFROY Benoit,UEX,17/10/1995,865
23,(22),https://cqranking.com/common/flags/ITA.gif,MILAN Jonathan,LTK,01/10/2000,850
24,(5),https://cqranking.com/common/flags/DEN.gif,PEDERSEN Mads,LTK,18/12/1995,823
25,(46),https://cqranking.com/common/flags/SUI.gif,CHRISTEN Jan,UEX,26/06/2004,761
26,(225),https://cqranking.com/common/flags/ESP.gif,IZAGIRRE INSAUSTI Ion,COF,04/02/1989,744
27,(12),https://cqranking.com/common/flags/ESP.gif,AYUSO PESQUERA Juan,LTK,16/09/2002,741
28,(10),https://cqranking.com/common/flags/FRA.gif,MAGNIER Paul,SOQ,14/04/2004,734
29,(32),https://cqranking.com/common/flags/USA.gif,JORGENSON Matteo,TVL,01/07/1999,724
30,(17),https://cqranking.com/common/flags/BEL.gif,MERLIER Tim,SOQ,30/10/1992,698
31,(263),https://cqranking.com/common/flags/FRA.gif,BAUDIN Alex,EFE,25/05/2001,689
32,(100),https://cqranking.com/common/flags/URU.gif,SILVA COUSSAN Guillermo Thomas,XAT,30/12/2001,681
33,(37),https://cqranking.com/common/flags/NED.gif,ARENSMAN Thymen,NCI,04/12/1999,663
34,(251),https://cqranking.com/common/flags/FRA.gif,LAPORTE Christophe,TVL,11/12/1992,662
35,(43),https://cqranking.com/common/flags/FRA.gif,GODON Dorian,NCI,25/05/1996,648
36,(18),https://cqranking.com/common/flags/ITA.gif,CICCONE Giulio,LTK,20/12/1994,648
37,(113),https://cqranking.com/common/flags/NED.gif,GROENEWEGEN Dylan,URR,21/06/1993,647
38,(95),https://cqranking.com/common/flags/AUS.gif,PLAPP Lucas,JAY,25/12/2000,623
39,(55),https://cqranking.com/common/flags/BEL.gif,MEEUS Jordi,RBH,01/07/1998,622
40,(70),https://cqranking.com/common/flags/AUS.gif,HINDLEY Jai,RBH,05/05/1996,619
41,(42),https://cqranking.com/common/flags/ERI.gif,GIRMAY HAILU Biniam,NSN,02/04/2000,617
42,(76),https://cqranking.com/common/flags/POR.gif,MORGADO Antonio Tomas,UEX,28/01/2004,609
43,(224),https://cqranking.com/common/flags/ERI.gif,TESFATSION Natnael Ocbit,MOV,23/05/1999,598
44,(57),https://cqranking.com/common/flags/ESP.gif,ARANBURU DEVA Alexander,COF,19/09/1995,597
45,(44),https://cqranking.com/common/flags/COL.gif,BERNAL GOMEZ Egan Arley,NCI,13/01/1997,594
46,(92),https://cqranking.com/common/flags/USA.gif,RICCITELLO Matthew,DCT,05/03/2002,591
47,(41),https://cqranking.com/common/flags/SVK.gif,KUBIS Lukas,URR,31/01/2000,586
48,(53),https://cqranking.com/common/flags/CAN.gif,GEE-WEST Derek,LTK,03/08/1997,575
49,(280),https://cqranking.com/common/flags/POR.gif,EULALIO Afonso,TBV,30/09/2001,572
50,(103),https://cqranking.com/common/flags/ITA.gif,TIBERI Antonio,TBV,24/06/2001,569
51,(88),https://cqranking.com/common/flags/ESP.gif,ROMEO ABAD Ivan,MOV,16/08/2003,563
52,(166),https://cqranking.com/common/flags/BEL.gif,STUYVEN Jasper,SOQ,17/04/1992,562
53,(243),https://cqranking.com/common/flags/ESP.gif,ARRIETA LIZARRAGA Igor,UEX,08/12/2002,554
54,(83),https://cqranking.com/common/flags/ITA.gif,PIGANZOLI Davide,TVL,08/07/2002,550
55,(350),https://cqranking.com/common/flags/GER.gif,BRENNER Marco,TUD,27/08/2002,549
56,(25),https://cqranking.com/common/flags/GBR.gif,BRENNAN Matthew,TVL,06/08/2005,528
57,(132),https://cqranking.com/common/flags/FRA.gif,RONDEL Mathys,TUD,23/09/2003,524
58,(101),https://cqranking.com/common/flags/FRA.gif,LAPEIRA Paul,DCT,25/05/2000,518
59,(119),https://cqranking.com/common/flags/FRA.gif,VENTURINI Clément,URR,16/10/1993,507
60,(30),https://cqranking.com/common/flags/ITA.gif,GANNA Filippo,NCI,25/07/1996,504
61,(337),https://cqranking.com/common/flags/DEN.gif,FOLDAGER Anders,JAY,27/07/2001,501
62,(127),https://cqranking.com/common/flags/COL.gif,TEJADA CANACUE Harold Alfonso,XAT,27/04/1997,487
63,(79),https://cqranking.com/common/flags/ERI.gif,MULUBRHAN Henok,XAT,11/11/1999,484
64,(64),https://cqranking.com/common/flags/GBR.gif,TULETT Ben,TVL,26/08/2001,482
65,(14),https://cqranking.com/common/flags/FRA.gif,VAUQUELIN Kévin,NCI,26/04/2001,482
66,(59),https://cqranking.com/common/flags/ESP.gif,BILBAO LOPEZ DE ARMENTIA Pello,TBV,25/02/1990,481
67,(98),https://cqranking.com/common/flags/GBR.gif,ASKEY Lewis,NSN,04/05/2001,478
68,(284),https://cqranking.com/common/flags/ITA.gif,ZANA Filippo,SOQ,18/03/1999,476
69,(33),https://cqranking.com/common/flags/SLO.gif,ROGLIC Primoz,RBH,29/10/1989,471
70,(50),https://cqranking.com/common/flags/GBR.gif,YATES Adam,UEX,07/08/1992,459
71,(153),https://cqranking.com/common/flags/USA.gif,KUSS Sepp,TVL,13/09/1994,457
72,(94),https://cqranking.com/common/flags/FRA.gif,JEGAT Jordan,TEN,07/06/1999,455
73,(90),https://cqranking.com/common/flags/GER.gif,KANTER Max,XAT,22/10/1997,452
74,(163),https://cqranking.com/common/flags/NOR.gif,LEKNESSUND Andreas,UXM,21/05/1999,441
75,(26),https://cqranking.com/common/flags/AUS.gif,STORER Michael,TUD,28/02/1997,431
76,(638),https://cqranking.com/common/flags/AUS.gif,BERWICK Sebastian,CJR,15/12/1999,422
77,(35),https://cqranking.com/common/flags/NZL.gif,STRONG Corbin,NSN,30/04/2000,418
78,(196),https://cqranking.com/common/flags/FRA.gif,PARET PEINTRE Valentin,SOQ,14/01/2001,417
79,(323),https://cqranking.com/common/flags/RUS.gif,VLASOV Aleksandr,RBH,23/04/1996,414
80,(272),https://cqranking.com/common/flags/FRA.gif,BISIAUX Léo,DCT,14/02/2005,410
81,(20),https://cqranking.com/common/flags/AUS.gif,VINE Jay,UEX,16/11/1995,409
82,(77),https://cqranking.com/common/flags/BEL.gif,VERMEERSCH Florian,UEX,12/03/1999,408
83,(364),https://cqranking.com/common/flags/NED.gif,LEMMEN Bart,TVL,14/10/1995,407
84,(194),https://cqranking.com/common/flags/ESP.gif,BARRENETXEA GOLZARRI Jon,MOV,20/04/2000,404
85,(121),https://cqranking.com/common/flags/FRA.gif,GRUEL Thibaud,GFC,01/05/2004,404
86,(154),https://cqranking.com/common/flags/BEL.gif,HERMANS Quinten,PQT,29/07/1995,399
87,(160),https://cqranking.com/common/flags/NZL.gif,FISHER-BLACK Finn,RBH,21/12/2001,398
88,(9),https://cqranking.com/common/flags/BEL.gif,DE LIE Arnaud,LOI,16/03/2002,396
89,(21),https://cqranking.com/common/flags/NED.gif,KOOIJ Olav,DCT,17/10/2001,395
90,(210),https://cqranking.com/common/flags/ITA.gif,VENDRAME Andrea,JAY,20/07/1994,394
91,(51),https://cqranking.com/common/flags/NOR.gif,WAERENSKJOLD Søren,UXM,12/03/2000,394
92,(181),https://cqranking.com/common/flags/BEL.gif,SEGAERT Alec,TBV,16/01/2003,392
93,(157),https://cqranking.com/common/flags/BEL.gif,BERCKMOES Jenno,LOI,04/02/2001,384
94,(235),https://cqranking.com/common/flags/NOR.gif,NORDHAGEN Jørgen,TVL,10/01/2005,384
95,(96),https://cqranking.com/common/flags/USA.gif,SIMMONS Quinn,LTK,08/05/2001,383
96,(109),https://cqranking.com/common/flags/CZE.gif,VACEK Mathias,LTK,12/06/2002,379
97,(67),https://cqranking.com/common/flags/COL.gif,BUITRAGO SANCHEZ Santiago,TBV,26/09/1999,377
98,(238),https://cqranking.com/common/flags/SUI.gif,VOISARD Yannis,TUD,26/07/1998,376
99,(457),https://cqranking.com/common/flags/ESP.gif,RUIZ SEDANO Ibon,EKP,30/01/1999,375
100,(908),https://cqranking.com/common/flags/AUS.gif,TUCKWELL Luke,RBH,21/06/2004,370
101,(191),https://cqranking.com/common/flags/FRA.gif,TURGIS Anthony,TEN,16/05/1994,369
102,(66),https://cqranking.com/common/flags/FRA.gif,CHAMPOUSSIN Clément,XAT,29/05/1998,367
103,(456),https://cqranking.com/common/flags/FRA.gif,MARIAULT Axel,CIC,07/06/1998,365
104,(308),https://cqranking.com/common/flags/USA.gif,VERMAERKE Kevin,UEX,16/10/2000,364
105,(169),https://cqranking.com/common/flags/USA.gif,SHEEHAN Riley,NSN,16/06/2000,362
106,(99),https://cqranking.com/common/flags/AUS.gif,O'CONNOR Ben,JAY,25/11/1995,361
107,(139),https://cqranking.com/common/flags/GBR.gif,VERNON Ethan,NSN,26/08/2000,354
108,(209),https://cqranking.com/common/flags/ITA.gif,FANCELLU Alessandro,MBH,24/04/2000,351
109,(516),https://cqranking.com/common/flags/COL.gif,MARTINEZ POVEDA Daniel Felipe,RBH,25/04/1996,350
110,(234),https://cqranking.com/common/flags/BEL.gif,VERMEERSCH Gianni,RBH,19/11/1992,349
111,(250),https://cqranking.com/common/flags/SRB.gif,RAJOVIC Dusan,TFT,19/11/1997,344
112,(116),https://cqranking.com/common/flags/ITA.gif,TRENTIN Matteo,TUD,02/08/1989,343
113,(195),https://cqranking.com/common/flags/SLO.gif,OMRZEL Jakob,TBV,21/03/2006,340
114,(691),https://cqranking.com/common/flags/ESP.gif,BELOKI FERNANDEZ Markel,EFE,27/07/2005,340
115,(739),https://cqranking.com/common/flags/COL.gif,SOSA CUERVO Ivan Ramiro,EKP,31/10/1997,340
116,(389),https://cqranking.com/common/flags/ESP.gif,BERASATEGI GARMENDIA Xabier,EUS,08/04/2000,339
117,(567),https://cqranking.com/common/flags/NOR.gif,HAGENES Per Strand,TVL,10/07/2003,338
118,(72),https://cqranking.com/common/flags/GBR.gif,WRIGHT Fred,PQT,13/06/1999,337
119,(226),https://cqranking.com/common/flags/BEL.gif,DE SCHUYTENEER Steffen,LOI,24/02/2005,336
120,(81),https://cqranking.com/common/flags/ITA.gif,ULISSI Diego,XAT,15/07/1989,329
121,(31),https://cqranking.com/common/flags/ECU.gif,NARVAEZ PRADO Jhonatan Manuel,UEX,04/03/1997,329
122,(140),https://cqranking.com/common/flags/FRA.gif,COQUARD Bryan,COF,25/04/1992,328
123,(145),https://cqranking.com/common/flags/FRA.gif,LAURANCE Axel,NCI,13/04/2001,328
124,(11),https://cqranking.com/common/flags/GBR.gif,ONLEY Oscar,NCI,13/10/2002,324
125,(142),https://cqranking.com/common/flags/POL.gif,ANIOLKOWSKI Stanislaw,COF,20/01/1997,323
126,(206),https://cqranking.com/common/flags/URU.gif,FAGUNDEZ LIMA Antonio Eric,BBH,19/08/1998,323
127,(995),https://cqranking.com/common/flags/FRA.gif,GRISEL Matys,LOI,14/07/2005,322
128,(275),https://cqranking.com/common/flags/ESP.gif,CASTELLON RIBALTA Jan,CJR,31/07/2003,322
129,(405),https://cqranking.com/common/flags/ESP.gif,PERICAS CAPDEVILA Adria,UEX,26/05/2006,319
130,(68),https://cqranking.com/common/flags/BEL.gif,FRETIN Milan,COF,19/03/2001,317
131,(414),https://cqranking.com/common/flags/BEL.gif,DE GENDT Aime,PQT,17/06/1994,316
132,(240),https://cqranking.com/common/flags/COL.gif,HIGUITA GARCIA Sergio Andres,XAT,01/08/1997,312
133,(276),https://cqranking.com/common/flags/ITA.gif,MOZZATO Luca,TUD,15/02/1998,310
134,(82),https://cqranking.com/common/flags/BEL.gif,UIJTDEBROEKS Cian,MOV,28/02/2003,310
135,(218),https://cqranking.com/common/flags/GER.gif,ZIMMERMANN Georg,LOI,11/10/1997,308
136,(871),https://cqranking.com/common/flags/DEN.gif,KRON Andreas Lorentz,UXM,01/06/1998,307
137,(859),https://cqranking.com/common/flags/NZL.gif,OLIVER Ben,MAP,17/12/1996,307
138,(556),https://cqranking.com/common/flags/ESP.gif,CAMPRUBI PIJUAN Marcel,PQT,15/09/2001,306
139,(171),https://cqranking.com/common/flags/FRA.gif,COSTIOU Ewen,GFC,10/11/2002,305
140,(231),https://cqranking.com/common/flags/ESP.gif,BERRADE FERNANDEZ Urko,EKP,28/11/1997,304
141,(86),https://cqranking.com/common/flags/NOR.gif,ABRAHAMSEN Jonas,UXM,20/09/1995,302
142,(390),https://cqranking.com/common/flags/ITA.gif,CRESCIOLI Ludovico,PTV,20/10/2003,302
143,(202),https://cqranking.com/common/flags/FRA.gif,GUERIN Alexis,ACR,06/06/1992,301
144,(261),https://cqranking.com/common/flags/ESP.gif,RODRIGUEZ CANO Carlos,NCI,02/02/2001,301
145,(85),https://cqranking.com/common/flags/NED.gif,DEL GROSSO Tibor,APT,27/07/2003,301
146,(174),https://cqranking.com/common/flags/FRA.gif,RENARD Alexis,COF,01/06/1999,300
147,(122),https://cqranking.com/common/flags/AUT.gif,GROSSSCHARTNER Felix,UEX,23/12/1993,300
148,(647),https://cqranking.com/common/flags/GER.gif,STEINHAUSER Georg,EFE,21/10/2001,299
149,(539),https://cqranking.com/common/flags/DEN.gif,VALGREN HUNDAHL Michael,EFE,07/02/1992,299
150,(245),https://cqranking.com/common/flags/ESP.gif,COBO CAYON Ivan,EKP,02/01/2000,298
151,(74),https://cqranking.com/common/flags/FRA.gif,DELETTRE Alexandre,TEN,25/10/1997,298
152,(211),https://cqranking.com/common/flags/SWE.gif,SÖDERQVIST Jakob,LTK,31/05/2003,296
153,(506),https://cqranking.com/common/flags/COL.gif,QUINTANA ROJAS Nairo Alexander,MOV,04/02/1990,294
154,(300),https://cqranking.com/common/flags/DEN.gif,CHARMIG Anthon,UXM,25/03/1998,293
155,(370),https://cqranking.com/common/flags/FRA.gif,BRAZ AFONSO Clément,GFC,08/11/1999,293
156,(178),https://cqranking.com/common/flags/AUS.gif,GILMORE Brady,NSN,14/04/2001,291
157,(123),https://cqranking.com/common/flags/ESP.gif,CANAL BLANCO Carlos,MOV,28/06/2001,290
158,(36),https://cqranking.com/common/flags/FRA.gif,JEANNIERE Emilien,TEN,26/09/1998,289
159,(187),https://cqranking.com/common/flags/ESP.gif,RODRIGUEZ MARTIN Cristian,XAT,03/03/1995,289
160,(192),https://cqranking.com/common/flags/NOR.gif,TILLER Rasmus Fossum,UXM,28/07/1996,288
161,(781),https://cqranking.com/common/flags/FRA.gif,ISIDORE Noa,DCT,17/09/2004,286
162,(377),https://cqranking.com/common/flags/AUT.gif,MÜHLBERGER Gregor,DCT,04/04/1994,285
163,(15),https://cqranking.com/common/flags/USA.gif,MCNULTY Brandon,UEX,02/04/1998,282
164,(666),https://cqranking.com/common/flags/BEL.gif,VERSTRYNGE Emiel,APT,04/02/2002,280
165,(321),https://cqranking.com/common/flags/ITA.gif,FINN Lorenzo,RBC,19/12/2006,279
166,(411),https://cqranking.com/common/flags/KAZ.gif,VINOKUROV Nicolya,XAT,07/07/2002,279
167,(-),https://cqranking.com/common/flags/ITA.gif,POZZOVIVO Domenico,TFT,30/11/1982,278
168,(124),https://cqranking.com/common/flags/DEN.gif,CORT NIELSEN Magnus,UXM,16/01/1993,273
169,(193),https://cqranking.com/common/flags/ESP.gif,GARCIA PIERNA Raul,MOV,23/02/2001,271
170,(60),https://cqranking.com/common/flags/CZE.gif,BITTNER Pavel,TPP,29/10/2002,269
171,(319),https://cqranking.com/common/flags/FRA.gif,GAUTHERAT Pierre,DCT,16/01/2003,268
172,(864),https://cqranking.com/common/flags/NED.gif,BIESTERBOS Frits,TPP,14/02/2002,268
173,(459),https://cqranking.com/common/flags/GER.gif,POLITT Nils,UEX,06/03/1994,268
174,(505),https://cqranking.com/common/flags/USA.gif,SHMIDT Artem,NCI,30/01/2004,266
175,(343),https://cqranking.com/common/flags/NOR.gif,FOSS Tobias Svendsen,NCI,25/05/1997,264
176,(611),https://cqranking.com/common/flags/GER.gif,HEIDUK Kim,NCI,03/03/2000,264
177,(213),https://cqranking.com/common/flags/AUS.gif,HARPER Chris,PQT,23/11/1994,263
178,(102),https://cqranking.com/common/flags/ESP.gif,MAS NICOLAU Enric,MOV,07/01/1995,263
179,(290),https://cqranking.com/common/flags/USA.gif,LAMPERTI Luke,EFE,31/12/2002,262
180,(89),https://cqranking.com/common/flags/FRA.gif,MARTIN GUYONNET Guillaume,GFC,09/06/1993,260
181,(104),https://cqranking.com/common/flags/FRA.gif,BARRE Louis,TVL,06/04/2000,260
182,(551),https://cqranking.com/common/flags/NED.gif,VAN DIJKE Tim,RBH,15/03/2000,257
183,(548),https://cqranking.com/common/flags/BEL.gif,VANSEVENANT Mauri,SOQ,01/06/1999,257
184,(545),https://cqranking.com/common/flags/ITA.gif,PESENTI Thomas,PTV,16/10/1999,256
185,(1157),https://cqranking.com/common/flags/BEL.gif,HERREGODTS Rune,UEX,27/07/1998,255
186,(294),https://cqranking.com/common/flags/ECU.gif,CEPEDA HERNANDEZ Jefferson Alveiro,MOV,02/03/1996,254
187,(313),https://cqranking.com/common/flags/BEL.gif,LOOCKX Lander,URR,25/04/1997,254
188,(164),https://cqranking.com/common/flags/ITA.gif,CARUSO Damiano,TBV,12/10/1987,254
189,(170),https://cqranking.com/common/flags/NED.gif,PLUIMERS Rick,TUD,07/12/2000,254
190,(1715),https://cqranking.com/common/flags/BRA.gif,BRAVO Henrique Ribeiro,SQD,20/04/2006,254
191,(728),https://cqranking.com/common/flags/FRA.gif,L'HOTE Antoine,DCT,27/05/2005,252
192,(858),https://cqranking.com/common/flags/ITA.gif,KONYCHEV Alexander,CAT,25/07/1998,251
193,(214),https://cqranking.com/common/flags/AUS.gif,WELSFORD Sam,NCI,19/01/1996,251
194,(749),https://cqranking.com/common/flags/AUS.gif,EDDY Patrick,TBN,17/10/2002,249
195,(114),https://cqranking.com/common/flags/ITA.gif,MOSCHETTI Matteo,PQT,14/08/1996,249
196,(107),https://cqranking.com/common/flags/NED.gif,TEUNISSEN Mike,XAT,25/08/1992,246
197,(664),https://cqranking.com/common/flags/GER.gif,WALSCHEID Maximilian,LTK,13/06/1993,246
198,(135),https://cqranking.com/common/flags/ITA.gif,LONARDI Giovanni,PTV,09/11/1996,246
199,(724),https://cqranking.com/common/flags/IRL.gif,MEEHAN Jamie,COF,06/09/2003,245
200,(368),https://cqranking.com/common/flags/ECU.gif,CAICEDO CEPEDA Jonathan Klever,CDT,28/04/1993,244
201,(617),https://cqranking.com/common/flags/COL.gif,PESCADOR CASTRO Diego,MOV,21/12/2004,244
202,(285),https://cqranking.com/common/flags/GBR.gif,DONOVAN Mark,PQT,03/04/1999,243
203,(328),https://cqranking.com/common/flags/POL.gif,BOGUSLAWSKI Marceli,ATT,07/09/1997,243
204,(223),https://cqranking.com/common/flags/ITA.gif,SOBRERO Matteo,LTK,14/05/1997,242
205,(310),https://cqranking.com/common/flags/ITA.gif,PINARELLO Alessandro,NSN,12/07/2003,241
206,(205),https://cqranking.com/common/flags/ESP.gif,DIAZ GALLEGO Jose Manuel,BBH,18/01/1995,240
207,(877),https://cqranking.com/common/flags/BEL.gif,SLOCK Liam,LOI,18/09/2000,240
208,(4),https://cqranking.com/common/flags/POR.gif,ALMEIDA Joao Pedro Gonçalves,UEX,05/08/1998,237
209,(1054),https://cqranking.com/common/flags/BEL.gif,VAN KERCKHOVE Matisse,VLD,11/09/2006,236
210,(471),https://cqranking.com/common/flags/ESP.gif,MARTIN SANZ Gotzon,EUS,15/02/1996,233
211,(679),https://cqranking.com/common/flags/BEL.gif,CRABBE Tom,TFB,02/06/2005,233
212,(228),https://cqranking.com/common/flags/BEL.gif,VAN EETVELT Lennert,LOI,17/07/2001,233
213,(536),https://cqranking.com/common/flags/RSA.gif,MUNTON Byron,MAP,12/12/1998,232
214,(518),https://cqranking.com/common/flags/FRA.gif,IZQUIERDO Clément,COF,16/02/2002,230
215,(485),https://cqranking.com/common/flags/NZL.gif,BENNETT George,NSN,07/04/1990,230
216,(701),https://cqranking.com/common/flags/BEL.gif,DEWULF Stan,DCT,20/12/1997,229
217,(576),https://cqranking.com/common/flags/FRA.gif,TESSON Jason,TEN,09/01/1998,228
218,(563),https://cqranking.com/common/flags/ARG.gif,SEPULVEDA Eduardo,LNS,13/06/1991,228
219,(91),https://cqranking.com/common/flags/USA.gif,SHEFFIELD Magnus,NCI,19/04/2002,228
220,(80),https://cqranking.com/common/flags/BEL.gif,VAN WILDER Ilan,SOQ,14/05/2000,228
221,(349),https://cqranking.com/common/flags/BEL.gif,THIJSSEN Gerben,APT,21/06/1998,227
222,(47),https://cqranking.com/common/flags/ITA.gif,FORTUNATO Lorenzo,XAT,09/05/1996,225
223,(137),https://cqranking.com/common/flags/ITA.gif,ZAMBANINI Edoardo,TBV,21/04/2001,225
224,(434),https://cqranking.com/common/flags/FRA.gif,HUENS Axel,GFC,05/09/2001,224
225,(398),https://cqranking.com/common/flags/NED.gif,KELDERMAN Wilco,TVL,25/03/1991,221
226,(345),https://cqranking.com/common/flags/BEL.gif,VAN MOER Brent,PQT,12/01/1998,218
227,(207),https://cqranking.com/common/flags/ESP.gif,CASTRILLO ZAPATER Pablo,MOV,02/01/2001,217
228,(384),https://cqranking.com/common/flags/ITA.gif,GAROFOLI Gianmarco,SOQ,06/10/2002,217
229,(56),https://cqranking.com/common/flags/BEL.gif,WELLENS Tim,UEX,10/05/1991,216
230,(1018),https://cqranking.com/common/flags/ITA.gif,DATI Tommaso,TUK,13/07/2002,216
231,(522),https://cqranking.com/common/flags/COL.gif,UMBA LOPEZ Abner Santiago,TFT,20/11/2002,215
232,(264),https://cqranking.com/common/flags/ESP.gif,HERRADA LOPEZ Jesus,BBH,26/07/1990,215
233,(236),https://cqranking.com/common/flags/SLO.gif,MOHORIC Matej,TBV,19/10/1994,215
234,(404),https://cqranking.com/common/flags/USA.gif,AUGUST Andrew,NCI,12/10/2005,215
235,(222),https://cqranking.com/common/flags/BEL.gif,BIERMANS Jenthe,COF,30/10/1995,213
236,(176),https://cqranking.com/common/flags/FRA.gif,PENHOËT Paul,GFC,28/12/2001,213
237,(199),https://cqranking.com/common/flags/ESP.gif,MIQUEL DELGADO Pau,TBV,20/08/2000,213
238,(126),https://cqranking.com/common/flags/ESP.gif,SOLER GIMENEZ Marc,UEX,22/11/1993,212
239,(302),https://cqranking.com/common/flags/DEN.gif,KRAGH ANDERSEN Søren,LTK,10/08/1994,211
240,(271),https://cqranking.com/common/flags/FRA.gif,BREUILLARD Nicolas,TEN,13/03/2000,210
241,(801),https://cqranking.com/common/flags/DEN.gif,KAMP Alexander,UXM,14/12/1993,209
242,(133),https://cqranking.com/common/flags/NOR.gif,DVERSNES LAVIK Fredrik,UXM,20/03/1997,208
243,(180),https://cqranking.com/common/flags/BEL.gif,VAN GILS Maxim,RBH,25/11/1999,208
244,(416),https://cqranking.com/common/flags/ECU.gif,CEPEDA ORTIZ Jefferson Alexander,EFE,16/06/1998,207
245,(886),https://cqranking.com/common/flags/NED.gif,JOHANNINK Jelle,URR,22/10/1996,207
246,(898),https://cqranking.com/common/flags/NZL.gif,BURNETT Josh,BBH,26/10/2000,204
247,(592),https://cqranking.com/common/flags/ITA.gif,GUALDI Simone,LOI,16/04/2005,203
248,(149),https://cqranking.com/common/flags/ITA.gif,BETTIOL Alberto,XAT,29/10/1993,203
249,(646),https://cqranking.com/common/flags/DEN.gif,JOHANSEN Julius,UEX,13/09/1999,202
250,(48),https://cqranking.com/common/flags/SUI.gif,HIRSCHI Marc,TUD,24/08/1998,202
251,(152),https://cqranking.com/common/flags/FRA.gif,HOFSTETTER Hugo,NSN,13/02/1994,200
252,(630),https://cqranking.com/common/flags/GBR.gif,HOBBS Noah,EFE,23/07/2004,199
253,(106),https://cqranking.com/common/flags/ESP.gif,ROMO OLIVER Javier,MOV,06/01/1999,198
254,(844),https://cqranking.com/common/flags/DEN.gif,PEDERSEN Henrik Breiner,UXM,03/12/2004,197
255,(108),https://cqranking.com/common/flags/BEL.gif,LECERF William Junior,SOQ,15/10/2002,196
256,(258),https://cqranking.com/common/flags/FRA.gif,VERCHER Matteo,TEN,26/01/2001,196
257,(527),https://cqranking.com/common/flags/POR.gif,ANTUNES Tiago Gomes,EFP,09/04/1997,196
258,(269),https://cqranking.com/common/flags/ITA.gif,FIORELLI Filippo,TVL,19/11/1994,194
259,(325),https://cqranking.com/common/flags/GER.gif,SCHIFFER Anton,TVL,01/09/1999,194
260,(165),https://cqranking.com/common/flags/FRA.gif,DELBOVE Joris,TEN,15/07/2000,194
261,(93),https://cqranking.com/common/flags/NOR.gif,KULSET Johannes,UXM,14/04/2004,193
262,(252),https://cqranking.com/common/flags/ESP.gif,PARRA CUERDA Jose Felix,CJR,16/01/1997,192
263,(312),https://cqranking.com/common/flags/NOR.gif,SVESTAD-BAARDSENG Embret,NCI,01/09/2002,192
264,(183),https://cqranking.com/common/flags/NED.gif,POELS Wout,URR,01/10/1987,191
265,(277),https://cqranking.com/common/flags/NED.gif,MOLENAAR Alex,CJR,13/07/1999,191
266,(128),https://cqranking.com/common/flags/BEL.gif,MENTEN Milan,LOI,31/10/1996,191
267,(161),https://cqranking.com/common/flags/ESP.gif,BARCELO ARAGON Fernando,CJR,06/01/1996,190
268,(189),https://cqranking.com/common/flags/COL.gif,MOLANO BENAVIDES Juan Sebastian,UEX,04/11/1994,190
269,(185),https://cqranking.com/common/flags/CZE.gif,KOPECKY Matyas,URR,19/01/2003,189
270,(397),https://cqranking.com/common/flags/NED.gif,ARTZ Huub,LOI,14/05/2002,189
271,(410),https://cqranking.com/common/flags/ITA.gif,TOLIO Alex,BCS,30/03/2000,188
272,(1088),https://cqranking.com/common/flags/ITA.gif,CALZONI Walter,PQT,08/08/2001,187
273,(418),https://cqranking.com/common/flags/FRA.gif,ZINGLE Axel,TVL,18/12/1998,187
274,(499),https://cqranking.com/common/flags/LUX.gif,WENZEL Mats,EKP,19/12/2002,187
275,(608),https://cqranking.com/common/flags/ESP.gif,ALVAREZ MARTINEZ Hector,LTF,12/12/2006,186
276,(221),https://cqranking.com/common/flags/KAZ.gif,FEDOROV Yevgeniy,XAT,16/02/2000,186
277,(188),https://cqranking.com/common/flags/ITA.gif,BALLERINI Davide,XAT,21/09/1994,185
278,(803),https://cqranking.com/common/flags/ITA.gif,FABBRO Matteo,TFT,10/04/1995,185
279,(182),https://cqranking.com/common/flags/ITA.gif,QUARTUCCI Lorenzo,BBH,05/04/1999,184
280,(628),https://cqranking.com/common/flags/ITA.gif,VERRE Alessandro,MBH,17/11/2001,184
281,(105),https://cqranking.com/common/flags/NED.gif,VAN POPPEL Danny,RBH,26/07/1993,184
282,(129),https://cqranking.com/common/flags/DEN.gif,WITHEN PHILIPSEN Albert,LTK,03/09/2006,183
283,(840),https://cqranking.com/common/flags/NOR.gif,GUDMESTAD Tord,DCT,08/05/2001,183
284,(400),https://cqranking.com/common/flags/FRA.gif,CAVAGNA Rémi,GFC,10/08/1995,182
285,(159),https://cqranking.com/common/flags/VEN.gif,AULAR SANABRIA Orluis Alberto,MOV,05/11/1996,182
286,(447),https://cqranking.com/common/flags/POR.gif,LEITAO Iuri Gabriel Dantas,CJR,03/07/1998,181
287,(204),https://cqranking.com/common/flags/BEL.gif,MARIT Arne,RBH,21/01/1999,181
288,(322),https://cqranking.com/common/flags/NED.gif,MOLLEMA Bauke,LTK,26/11/1986,180
289,(642),https://cqranking.com/common/flags/ITA.gif,ROMELE Alessandro,XAT,30/08/2003,180
290,(483),https://cqranking.com/common/flags/GBR.gif,SWIFT Connor,NCI,30/10/1995,179
291,(212),https://cqranking.com/common/flags/BEL.gif,REX Laurenz,SOQ,15/12/1999,177
292,(704),https://cqranking.com/common/flags/ESP.gif,BOU COMPANY Joan,CJR,16/01/1997,176
293,(510),https://cqranking.com/common/flags/ITA.gif,COVILI Luca,BCS,10/02/1997,176
294,(115),https://cqranking.com/common/flags/ITA.gif,BAGIOLI Andrea,LTK,23/03/1999,175
295,(442),https://cqranking.com/common/flags/RSA.gif,HATHERLY Alan,JAY,15/03/1996,175
296,(125),https://cqranking.com/common/flags/GBR.gif,DOUBLE Paul,JAY,25/06/1996,175
297,(484),https://cqranking.com/common/flags/ITA.gif,MARCELLUSI Martin,BCS,05/04/2000,174
298,(23),https://cqranking.com/common/flags/IRL.gif,HEALY Ben,EFE,11/09/2000,174
299,(367),https://cqranking.com/common/flags/ITA.gif,RACCAGNI NOVIERO Andrea,SOQ,26/01/2004,174
300,(584),https://cqranking.com/common/flags/BEL.gif,DEBRUYNE Ramses,APT,31/08/2002,174
301,(131),https://cqranking.com/common/flags/FRA.gif,BERTHET Clément,GFC,02/08/1997,173
302,(740),https://cqranking.com/common/flags/KAZ.gif,PRONSKIY Vadim,TSG,04/06/1998,172
303,(575),https://cqranking.com/common/flags/AUS.gif,SWEENY Harrison,EFE,09/07/1998,172
304,(179),https://cqranking.com/common/flags/GBR.gif,TURNER Ben,NCI,28/05/1999,171
305,(640),https://cqranking.com/common/flags/GBR.gif,DONALDSON Robert,JAY,08/04/2002,170
306,(1092),https://cqranking.com/common/flags/GER.gif,MÜLLER Tobias,URR,31/03/2004,168
307,(254),https://cqranking.com/common/flags/ESP.gif,GARCIA CORTINA Ivan,MOV,20/11/1995,168
308,(463),https://cqranking.com/common/flags/NED.gif,VAN DIJKE Mick,RBH,15/03/2000,167
309,(376),https://cqranking.com/common/flags/GBR.gif,NERURKAR Lukas,EFE,14/11/2003,167
310,(464),https://cqranking.com/common/flags/FRA.gif,SPARFEL Aubin,DCD,03/05/2006,165
311,(112),https://cqranking.com/common/flags/FRA.gif,DUJARDIN Sandy,TEN,29/05/1997,165
312,(233),https://cqranking.com/common/flags/ESP.gif,PRADES REVERTER Eduard,CJR,09/08/1987,165
313,(278),https://cqranking.com/common/flags/GUA.gif,CHUMIL GONZALEZ Sergio Geovani,BBH,08/10/2000,164
314,(574),https://cqranking.com/common/flags/BEL.gif,AERTS Toon,LOI,19/10/1993,164
315,(433),https://cqranking.com/common/flags/BLR.gif,TSISHKOU Raman,LNS,02/12/1994,164
316,(244),https://cqranking.com/common/flags/GER.gif,STORK Florian,TUD,27/04/1997,163
317,(293),https://cqranking.com/common/flags/NED.gif,BOL Cees,DCT,27/07/1995,163
318,(2875),https://cqranking.com/common/flags/CZE.gif,JEZEK Vaclav,KCR,08/03/2005,162
319,(190),https://cqranking.com/common/flags/GER.gif,ENGELHARDT Felix,JAY,19/08/2000,160
320,(62),https://cqranking.com/common/flags/GBR.gif,WATSON Samuel,NCI,24/09/2001,159
321,(1443),https://cqranking.com/common/flags/LAT.gif,PLUTO Martins,ENT,13/01/1998,159
322,(230),https://cqranking.com/common/flags/GER.gif,TEUTENBERG Tim Torn,LTK,19/06/2002,156
323,(393),https://cqranking.com/common/flags/ESP.gif,NICOLAU BELTRAN Joel,CJR,23/12/1997,156
324,(355),https://cqranking.com/common/flags/GER.gif,ACKERMANN Pascal,JAY,17/01/1994,155
325,(1007),https://cqranking.com/common/flags/EST.gif,PAJUR Romet,RBC,26/09/2004,155
326,(340),https://cqranking.com/common/flags/ESP.gif,AGIRRE EGAÑA Jon,EUS,10/09/1997,154
327,(525),https://cqranking.com/common/flags/ITA.gif,MAESTRI Mirco,PTV,26/10/1991,153
328,(1168),https://cqranking.com/common/flags/CZE.gif,HIRT Jan,NSN,21/01/1991,153
329,(144),https://cqranking.com/common/flags/DEN.gif,SALBY Alexander,LNS,04/06/1998,152
330,(373),https://cqranking.com/common/flags/ESP.gif,MARTI SORIANO Pau,NSN,24/11/2004,152
331,(439),https://cqranking.com/common/flags/BEL.gif,BRAET Vito,LOI,02/11/2000,152
332,(331),https://cqranking.com/common/flags/DEN.gif,ASGREEN Kasper,EFE,08/02/1995,152
333,(665),https://cqranking.com/common/flags/NED.gif,DEKKER David,BCY,02/02/1998,150
334,(782),https://cqranking.com/common/flags/SLO.gif,ERMAKOV Roman,TBV,06/10/2004,150
335,(388),https://cqranking.com/common/flags/DEN.gif,PEDERSEN Rasmus Søjberg,DCT,09/07/2002,150
336,(136),https://cqranking.com/common/flags/DEN.gif,LARSEN Niklas,URR,22/03/1997,150
337,(45),https://cqranking.com/common/flags/FRA.gif,PRODHOMME Nicolas,DCT,01/02/1997,150
338,(725),https://cqranking.com/common/flags/SLO.gif,ERZEN Zak,TBV,19/10/2005,149
339,(1910),https://cqranking.com/common/flags/FRA.gif,HARDOUIN Louis,VRR,22/09/2000,149
340,(-),https://cqranking.com/common/flags/ITA.gif,MAGAGNOTTI Alessio,RBC,27/01/2007,149
341,(392),https://cqranking.com/common/flags/ESP.gif,JUARISTI ARRIETA Txomin,EUS,20/07/1995,148
342,(486),https://cqranking.com/common/flags/ESP.gif,VERONA QUINTANILLA Carlos,LTK,04/11/1992,148
343,(487),https://cqranking.com/common/flags/MEX.gif,CADENA MARTINEZ Edgar David,TSM,20/08/2000,147
344,(1002),https://cqranking.com/common/flags/SUI.gif,BALMER Alexandre,TFT,04/05/2000,146
345,(421),https://cqranking.com/common/flags/SLO.gif,GOVEKAR Matevz,TBV,17/04/2000,146
346,(716),https://cqranking.com/common/flags/ESP.gif,SEVILLA LOPEZ Diego Pablo,PTV,04/03/1996,146
347,(468),https://cqranking.com/common/flags/ITA.gif,OLDANI Stefano,CJR,10/01/1998,146
348,(554),https://cqranking.com/common/flags/POR.gif,OLIVEIRA Rui Filipe Alves,UEX,05/09/1996,146
349,(283),https://cqranking.com/common/flags/COL.gif,PEÑA JIMENEZ Jesus David,EFP,08/05/2000,145
350,(186),https://cqranking.com/common/flags/BEL.gif,DE BONDT Dries,JAY,04/07/1991,145
351,(503),https://cqranking.com/common/flags/GER.gif,KRETSCHY Moritz,NSN,12/05/2002,144
352,(887),https://cqranking.com/common/flags/ITA.gif,TONEATTI Davide,XAT,09/04/2001,144
353,(635),https://cqranking.com/common/flags/COL.gif,GAVIRIA RENDON Fernando,CJR,19/08/1994,143
354,(482),https://cqranking.com/common/flags/COL.gif,RIVERA VARGAS Brandon Smith,NCI,21/03/1996,143
355,(198),https://cqranking.com/common/flags/GER.gif,BAUHAUS Phil,TBV,08/07/1994,142
356,(528),https://cqranking.com/common/flags/ITA.gif,COLNAGHI Luca,BCS,14/01/1999,142
357,(558),https://cqranking.com/common/flags/ESP.gif,FERNANDEZ GARCIA Samuel,CJR,11/07/2003,140
358,(162),https://cqranking.com/common/flags/NOR.gif,BLIKRA Erlend Jordbrekk,UXM,11/01/1997,140
359,(150),https://cqranking.com/common/flags/ESP.gif,DE LA CRUZ MELGAREJO David,PQT,06/05/1989,140
360,(1005),https://cqranking.com/common/flags/FRA.gif,BOICHIS Adrien,RBH,02/01/2003,139
361,(812),https://cqranking.com/common/flags/ESP.gif,BRUSTENGA MASAGUE Marc,EKP,04/09/1999,139
362,(130),https://cqranking.com/common/flags/ITA.gif,FRIGO Marco,NSN,02/03/2000,139
363,(265),https://cqranking.com/common/flags/ITA.gif,CATTANEO Mattia,RBH,25/10/1990,138
364,(120),https://cqranking.com/common/flags/FRA.gif,ARMIRAIL Bruno,TVL,11/04/1994,138
365,(446),https://cqranking.com/common/flags/NED.gif,VAN ENGELEN Adne,TSG,16/03/1993,137
366,(369),https://cqranking.com/common/flags/POL.gif,BUDZINSKI Marcin,MBH,24/04/1998,137
367,(415),https://cqranking.com/common/flags/GRE.gif,ARVANITOU Nikiforos,TUS,13/01/2003,136
368,(469),https://cqranking.com/common/flags/GBR.gif,KOERDT Bjoern,TPP,20/07/2004,135
369,(758),https://cqranking.com/common/flags/ESP.gif,MUÑOZ LLANA Francisco,PTV,24/06/2001,135
370,(861),https://cqranking.com/common/flags/NED.gif,KERCKHAERT Jochem,BCY,29/10/2000,135
371,(1985),https://cqranking.com/common/flags/ITA.gif,BESSEGA Gabriele,PTV,18/02/2004,135
372,(1072),https://cqranking.com/common/flags/FRA.gif,VEISTROFFER Baptiste,LOI,29/05/2000,135
373,(336),https://cqranking.com/common/flags/ITA.gif,ALEOTTI Giovanni,RBH,25/05/1999,134
374,(427),https://cqranking.com/common/flags/FRA.gif,DECOMBLE Maxime,GFC,16/07/2005,134
375,(530),https://cqranking.com/common/flags/BEL.gif,BONNEU Kamiel,TFT,01/08/1999,133
376,(78),https://cqranking.com/common/flags/ITA.gif,MALUCELLI Matteo,XAT,20/10/1993,133
377,(2130),https://cqranking.com/common/flags/COL.gif,JAMAICA MEJIA Javier Ernesto,TNC,02/03/1996,133
378,(598),https://cqranking.com/common/flags/BEL.gif,VAN DEN BOSSCHE Fabio,SOQ,21/09/2000,132
379,(1034),https://cqranking.com/common/flags/AUS.gif,FOX Matthew,LOI,28/09/2002,132
380,(361),https://cqranking.com/common/flags/ROU.gif,RAILEANU Cristian,LNS,24/01/1993,132
381,(84),https://cqranking.com/common/flags/BEL.gif,BENOOT Tiesj,DCT,11/03/1994,132
382,(493),https://cqranking.com/common/flags/NED.gif,VAN BAARLE Dylan,SOQ,21/05/1992,131
383,(645),https://cqranking.com/common/flags/BEL.gif,RICKAERT Jonas,APT,07/02/1994,131
384,(2497),https://cqranking.com/common/flags/FRA.gif,VEZIE Maxime,CIC,20/02/2006,130
385,(1568),https://cqranking.com/common/flags/ITA.gif,MANENTI Marco,BCS,07/09/2002,130
386,(571),https://cqranking.com/common/flags/ITA.gif,PALETTI Luca,BCS,05/06/2004,129
387,(262),https://cqranking.com/common/flags/BEL.gif,MEURISSE Xandro,PQT,31/01/1992,128
388,(391),https://cqranking.com/common/flags/CAN.gif,COTE Pier-André,NSN,24/04/1997,128
389,(473),https://cqranking.com/common/flags/BEL.gif,VERVAEKE Louis,SOQ,06/10/1993,128
390,(335),https://cqranking.com/common/flags/ESP.gif,PEÑALVER ANIORTE Manuel,PTV,10/12/1998,127
391,(755),https://cqranking.com/common/flags/AUS.gif,BETTLES Carter,ROI,02/09/1998,127
392,(138),https://cqranking.com/common/flags/NED.gif,VAN DEN BERG Marijn,EFE,19/07/1999,127
393,(550),https://cqranking.com/common/flags/SUI.gif,STÜSSI Colin,VBG,04/06/1993,127
394,(552),https://cqranking.com/common/flags/GBR.gif,PICKERING Finlay,JAY,27/01/2003,127
395,(1074),https://cqranking.com/common/flags/ITA.gif,BELLETTA Dario Igor,PTV,27/01/2004,126
396,(167),https://cqranking.com/common/flags/ESP.gif,ADRIA OLIVERAS Roger,MOV,18/04/1998,126
397,(745),https://cqranking.com/common/flags/NOR.gif,SKAARSETH Anders,UXM,07/05/1995,125
398,(1755),https://cqranking.com/common/flags/BEL.gif,VAN TRICHT Floris,NSN,23/06/2001,125
399,(227),https://cqranking.com/common/flags/RUS.gif,NYCH Artem,ACR,21/03/1995,125
400,(1820),https://cqranking.com/common/flags/FRA.gif,THEOT Killian,VRR,06/06/1999,124
401,(497),https://cqranking.com/common/flags/ESP.gif,LOPEZ CARAVACA Jordi,EUS,14/08/1998,124
402,(40),https://cqranking.com/common/flags/AUS.gif,MATTHEWS Michael,JAY,26/09/1990,123
403,(1022),https://cqranking.com/common/flags/AUS.gif,CHAMBERLAIN Oscar,DCT,15/01/2005,123
404,(631),https://cqranking.com/common/flags/GER.gif,JASCH Lennart,TUD,14/11/2000,123
405,(329),https://cqranking.com/common/flags/ITA.gif,BUSATTO Francesco,APT,01/11/2002,122
406,(87),https://cqranking.com/common/flags/NZL.gif,GATE Aaron,XAT,26/11/1990,122
407,(260),https://cqranking.com/common/flags/SUI.gif,BISSEGGER Stefan,DCT,13/09/1998,122
408,(625),https://cqranking.com/common/flags/CZE.gif,KOPECKY Tomas,URR,08/04/2000,121
409,(274),https://cqranking.com/common/flags/BEL.gif,WIDAR Jarno,LOI,13/11/2005,121
410,(208),https://cqranking.com/common/flags/GBR.gif,TARLING Joshua,NCI,15/02/2004,120
411,(941),https://cqranking.com/common/flags/NED.gif,BLOEM Joren,URR,21/12/1999,120
412,(880),https://cqranking.com/common/flags/ESP.gif,SORARRAIN AGIRREZABALA Gorka,CJR,21/05/1996,119
413,(281),https://cqranking.com/common/flags/NOR.gif,EIKING Odd Christian,URR,28/12/1994,119
414,(480),https://cqranking.com/common/flags/LAT.gif,NEILANDS Krists,NSN,18/08/1994,118
415,(141),https://cqranking.com/common/flags/GER.gif,SCHACHMANN Maximilian,SOQ,09/01/1994,118
416,(860),https://cqranking.com/common/flags/ESP.gif,AZPARREN IRURZUN Xabier Mikel,PQT,25/02/1999,117
417,(498),https://cqranking.com/common/flags/DEN.gif,ANDERSEN Mads,SWT,27/11/2000,116
418,(241),https://cqranking.com/common/flags/ESP.gif,BALDERSTONE ROUMENS Abel,CJR,07/07/2000,116
419,(1033),https://cqranking.com/common/flags/ITA.gif,BORGO Alessandro,TBV,06/02/2005,115
420,(366),https://cqranking.com/common/flags/BEL.gif,VAN MECHELEN Vlad,TBV,02/06/2004,115
421,(379),https://cqranking.com/common/flags/ITA.gif,GARIBBO Nicolo,TUK,29/06/1999,115
422,(158),https://cqranking.com/common/flags/FRA.gif,MADOUAS Valentin,GFC,12/07/1996,115
423,(330),https://cqranking.com/common/flags/FRA.gif,ALLENO Clément,BBH,08/10/2000,115
424,(1096),https://cqranking.com/common/flags/BEL.gif,VANHUFFEL Matteo,DPP,27/08/2006,115
425,(698),https://cqranking.com/common/flags/ISR.gif,RAISBERG Nadav,NSN,29/03/2001,115
426,(738),https://cqranking.com/common/flags/ESP.gif,LASTRA MARTINEZ Jonathan,EUS,03/06/1993,114
427,(779),https://cqranking.com/common/flags/SLO.gif,GLIVAR Gal,APT,01/05/2002,114
428,(477),https://cqranking.com/common/flags/NED.gif,GRAAT Tijmen,TVL,10/01/2003,114
429,(517),https://cqranking.com/common/flags/ITA.gif,SCALCO Matteo,XAD,25/06/2004,114
430,(879),https://cqranking.com/common/flags/AUS.gif,BROWNING Fergus,TSG,04/12/2003,114
431,(402),https://cqranking.com/common/flags/NOR.gif,TJØTTA Martin,UXM,27/03/2001,113
432,(438),https://cqranking.com/common/flags/AUS.gif,PLOWRIGHT Jensen,APT,15/05/2000,112
433,(-),https://cqranking.com/common/flags/NED.gif,ZOMERMAAND Jurgen,DPP,13/02/2006,112
434,(253),https://cqranking.com/common/flags/BEL.gif,TEUNS Dylan,COF,01/03/1992,111
435,(353),https://cqranking.com/common/flags/RSA.gif,DE BOD Stefan,MAP,17/11/1996,111
436,(580),https://cqranking.com/common/flags/FRA.gif,BURGAUDEAU Mathieu,TEN,17/11/1998,111
437,(395),https://cqranking.com/common/flags/ITA.gif,ZANONCELLO Enrico,BCS,02/08/1997,111
438,(267),https://cqranking.com/common/flags/POR.gif,OLIVEIRA Ivo Emanuel Alves,UEX,05/09/1996,110
439,(519),https://cqranking.com/common/flags/USA.gif,WARBASSE Lawrence,TUD,28/06/1990,110
440,(829),https://cqranking.com/common/flags/MEX.gif,MACIAS ESTRADA Cesar,BBH,17/09/2003,110
441,(488),https://cqranking.com/common/flags/ESP.gif,TORRES ARIAS Pablo,UEX,10/11/2005,110
442,(957),https://cqranking.com/common/flags/FRA.gif,BARBIER Pierre,TSG,25/09/1997,109
443,(232),https://cqranking.com/common/flags/NED.gif,HOOLE Daan,DCT,22/02/1999,109
444,(714),https://cqranking.com/common/flags/ESP.gif,BIZKARRA ETXEGIBEL Mikel,EUS,21/08/1989,109
445,(577),https://cqranking.com/common/flags/CZE.gif,PRIDAL Tomas,TUS,02/02/2004,108
446,(-),https://cqranking.com/common/flags/ARG.gif,CROZZOLO Fabricio German,PTV,17/03/2005,108
447,(248),https://cqranking.com/common/flags/EST.gif,MIHKELS Madis,EFE,31/05/2003,108
448,(374),https://cqranking.com/common/flags/FRA.gif,MOLARD Rudy,GFC,17/09/1989,108
449,(798),https://cqranking.com/common/flags/EST.gif,ÄRM Rait,ENT,31/03/2000,108
450,(401),https://cqranking.com/common/flags/USA.gif,BARTA William,TUD,04/01/1996,107
451,(462),https://cqranking.com/common/flags/POL.gif,PEKALA Piotr,ATT,04/08/1998,107
452,(318),https://cqranking.com/common/flags/ISR.gif,KOGUT Oded,NSN,14/02/2001,106
453,(408),https://cqranking.com/common/flags/NED.gif,VAN DER TUUK Axel,EUS,25/05/2001,105
454,(1123),https://cqranking.com/common/flags/GER.gif,ADAMIETZ Johannes,RRN,24/05/1998,105
455,(184),https://cqranking.com/common/flags/FRA.gif,THOMAS Benjamin,COF,12/09/1995,105
456,(1449),https://cqranking.com/common/flags/MLT.gif,MIFSUD Andréa,PTV,28/05/1999,105
457,(177),https://cqranking.com/common/flags/NOR.gif,TRAEEN Torstein,UXM,16/07/1995,105
458,(460),https://cqranking.com/common/flags/DEN.gif,BJERG Mikkel Norsgaard,UEX,03/11/1998,105
459,(175),https://cqranking.com/common/flags/COL.gif,RUBIO REYES Einer Augusto,MOV,22/02/1998,105
460,(863),https://cqranking.com/common/flags/LUX.gif,KOCKELMANN Mathieu,LOI,31/01/2004,104
461,(461),https://cqranking.com/common/flags/HUN.gif,VALTER Attila,TBV,12/06/1998,104
462,(523),https://cqranking.com/common/flags/FRA.gif,LE BERRE Mathis,TEN,16/04/2001,104
463,(652),https://cqranking.com/common/flags/COL.gif,PAREDES ZAPATA Wilmar Andres,MED,27/04/1996,103
464,(648),https://cqranking.com/common/flags/ESP.gif,MURGUIALDAY ELORZA Jokin,EUS,19/03/2000,103
465,(440),https://cqranking.com/common/flags/FRA.gif,RUSSO Clément,GFC,20/01/1995,103
466,(588),https://cqranking.com/common/flags/AUS.gif,HAMILTON Christopher,TPP,18/05/1995,103
467,(431),https://cqranking.com/common/flags/GER.gif,UHLIG Henri,APT,01/08/2001,103
468,(326),https://cqranking.com/common/flags/DEN.gif,PEDERSEN Casper,SOQ,15/03/1996,103
469,(641),https://cqranking.com/common/flags/LAT.gif,BELOHVOSCIKS Kristians,BAI,01/02/2002,103
470,(156),https://cqranking.com/common/flags/GBR.gif,HAYTER Ethan,SOQ,18/09/1998,102
471,(362),https://cqranking.com/common/flags/FRA.gif,BERNARD Julien,LTK,17/03/1992,102
472,(314),https://cqranking.com/common/flags/ESP.gif,CAVIA SANZ Daniel,BBH,02/06/2002,102
473,(1185),https://cqranking.com/common/flags/USA.gif,QUINN Sean,EFE,10/05/2000,102
474,(289),https://cqranking.com/common/flags/ITA.gif,MILESI Lorenzo,MOV,19/03/2002,102
475,(533),https://cqranking.com/common/flags/ITA.gif,GAFFURI Mattia,TPP,04/07/1999,101
476,(111),https://cqranking.com/common/flags/FRA.gif,PARET PEINTRE Aurélien,DCT,27/02/1996,101
477,(428),https://cqranking.com/common/flags/NED.gif,EENKHOORN Pascal,SOQ,08/02/1997,101
478,(216),https://cqranking.com/common/flags/NED.gif,VAN DEN BROEK Frank,TPP,28/12/2000,101
479,(295),https://cqranking.com/common/flags/BEL.gif,CAMPENAERTS Victor,TVL,28/10/1991,100
480,(650),https://cqranking.com/common/flags/ITA.gif,DONATI Davide,RBC,08/04/2005,100
481,(339),https://cqranking.com/common/flags/NOR.gif,HOLTER Aadne,UXM,08/07/2000,99
482,(110),https://cqranking.com/common/flags/NOR.gif,JOHANNESSEN Anders Halland,UXM,23/08/1999,99
483,(352),https://cqranking.com/common/flags/GER.gif,DENZ Nico,RBH,15/02/1994,99
484,(383),https://cqranking.com/common/flags/BEL.gif,NAESEN Oliver,DCT,16/09/1990,99
485,(259),https://cqranking.com/common/flags/RUS.gif,RIKUNOV Petr,CDT,24/02/1997,98
486,(338),https://cqranking.com/common/flags/BEL.gif,VAN BOVEN Luca,LOI,06/01/2000,98
487,(865),https://cqranking.com/common/flags/GBR.gif,ROWE Elliot,VLD,01/06/2006,98
488,(301),https://cqranking.com/common/flags/POL.gif,KWIATKOWSKI Michal,NCI,02/06/1990,98
489,(470),https://cqranking.com/common/flags/NED.gif,DE KLEIJN Arvid,TUD,21/03/1994,98
490,(496),https://cqranking.com/common/flags/ITA.gif,CONCI Nicola,XAT,05/01/1997,97
491,(203),https://cqranking.com/common/flags/ITA.gif,DAINESE Alberto,SOQ,25/03/1998,97
492,(1304),https://cqranking.com/common/flags/FRA.gif,RENARD HAQUIN Henri-François,TPP,12/12/2002,96
493,(288),https://cqranking.com/common/flags/AUS.gif,HOPKINS Dylan,ROI,23/09/2001,95
494,(1701),https://cqranking.com/common/flags/NOR.gif,MARTINSEN Toralf Rydningen,DRP,26/12/2002,95
495,(1621),https://cqranking.com/common/flags/BEL.gif,DRIESEN Niels,LWD,25/08/2005,95
496,(151),https://cqranking.com/common/flags/BEL.gif,NYS Thibau,LTK,12/11/2002,95
497,(713),https://cqranking.com/common/flags/FRA.gif,THIERRY Pierre,TEN,31/05/2003,94
498,(926),https://cqranking.com/common/flags/CYP.gif,MILTIADIS Andreas,QPT,30/08/1996,94
499,(1328),https://cqranking.com/common/flags/DEN.gif,LANDBO Mads,TCQ,30/09/2004,94
500,(467),https://cqranking.com/common/flags/UZB.gif,TSVETKOV Nikita,BCS,14/02/2005,94
501,(855),https://cqranking.com/common/flags/POL.gif,FRATCZAK Radoslaw,LPP,18/09/2002,94
502,(526),https://cqranking.com/common/flags/FRA.gif,PACHER Quentin,GFC,06/01/1992,94
503,(807),https://cqranking.com/common/flags/FRA.gif,JARNET Maxime,VRR,06/09/1998,94
504,(1136),https://cqranking.com/common/flags/FRA.gif,BONNET Thomas,TEN,13/09/1998,93
505,(806),https://cqranking.com/common/flags/BEL.gif,TEUGELS Lennert,TIS,09/04/1993,93
506,(371),https://cqranking.com/common/flags/ESP.gif,TERCERO LOPEZ Fernando,PTV,28/12/2001,93
507,(394),https://cqranking.com/common/flags/FRA.gif,MAISONOBE Sam,COF,08/09/2003,93
508,(797),https://cqranking.com/common/flags/LAT.gif,LIEPINS Emils,PQT,29/10/1992,93
509,(680),https://cqranking.com/common/flags/ESP.gif,DARDER GARI Sergi,CJR,30/06/2003,93
510,(600),https://cqranking.com/common/flags/FRA.gif,DONNENWIRTH Tom,GFC,19/01/1998,92
511,(242),https://cqranking.com/common/flags/ITA.gif,ALBANESE Vincenzo,EFE,12/11/1996,92
512,(544),https://cqranking.com/common/flags/FRA.gif,FERRON Valentin,COF,08/02/1998,91
513,(-),https://cqranking.com/common/flags/GER.gif,ZEMKE Jermaine,RRN,29/08/2005,91
514,(417),https://cqranking.com/common/flags/FRA.gif,PAGE Hugo,COF,24/07/2001,91
515,(436),https://cqranking.com/common/flags/GBR.gif,SHAW James,EFE,13/06/1996,91
516,(1080),https://cqranking.com/common/flags/AUT.gif,GOGL Michael,APT,04/11/1993,90
517,(672),https://cqranking.com/common/flags/IRL.gif,MULLEN Ryan,NSN,07/08/1994,90
518,(675),https://cqranking.com/common/flags/BEL.gif,DUPONT Timothy,TIS,01/11/1987,90
519,(954),https://cqranking.com/common/flags/IRL.gif,DUNWOODY Seth,BVD,26/05/2006,90
520,(547),https://cqranking.com/common/flags/CZE.gif,OTRUBA Jakub,CJR,30/01/1998,90
521,(706),https://cqranking.com/common/flags/DEN.gif,BLUME LEVY William,UXM,14/01/2001,90
522,(715),https://cqranking.com/common/flags/ITA.gif,MASNADA Fausto,MBH,06/11/1993,90
523,(1117),https://cqranking.com/common/flags/BEL.gif,VAN GESTEL Dries,SOQ,30/09/1994,89
524,(1669),https://cqranking.com/common/flags/ITA.gif,PERSICO Davide,MBH,01/04/2001,88
525,(693),https://cqranking.com/common/flags/NED.gif,REINDERS Elmar,URR,14/03/1992,88
526,(747),https://cqranking.com/common/flags/ITA.gif,BAIS Mattia,PTV,19/10/1996,88
527,(981),https://cqranking.com/common/flags/LUX.gif,WALLENBORN Arno,LKH,08/04/2003,87
528,(774),https://cqranking.com/common/flags/GER.gif,DEGENKOLB John,TPP,07/01/1989,87
529,(61),https://cqranking.com/common/flags/FRA.gif,ALAPHILIPPE Julian,TUD,11/06/1992,87
530,(472),https://cqranking.com/common/flags/FRA.gif,ROULAND Louis,COF,21/10/2002,87
531,(155),https://cqranking.com/common/flags/FRA.gif,TRONCHON Bastien,GFC,29/03/2002,87
532,(1376),https://cqranking.com/common/flags/ETH.gif,DESTA Teweldemedhin Amaniel,AMN,19/09/2005,87
533,(682),https://cqranking.com/common/flags/NED.gif,SINSCHEK Nils,LNS,24/06/1998,87
534,(52),https://cqranking.com/common/flags/ITA.gif,VELASCO Simone,XAT,02/12/1995,87
535,(387),https://cqranking.com/common/flags/ESP.gif,APARICIO MUÑOZ Mario,BBH,23/04/2000,86
536,(629),https://cqranking.com/common/flags/NED.gif,REINDERINK Pepijn,SOQ,04/05/2002,86
537,(1270),https://cqranking.com/common/flags/COL.gif,RODRIGUEZ CONTRERAS Juan Felipe,EFA,05/11/2003,86
538,(593),https://cqranking.com/common/flags/ITA.gif,ROTA Lorenzo,LOI,23/05/1995,86
539,(490),https://cqranking.com/common/flags/BEL.gif,DE PESTEL Sander,DCT,11/10/1998,86
540,(1332),https://cqranking.com/common/flags/ESP.gif,LOZANO NAVARRO Juan Pedro,TSG,28/11/2003,85
541,(837),https://cqranking.com/common/flags/NED.gif,VAN DEN BERG Julius,TPP,23/10/1996,85
542,(-),https://cqranking.com/common/flags/USA.gif,BARRY Ashlin,VLD,25/09/2007,85
543,(1071),https://cqranking.com/common/flags/AUS.gif,BLEDDYN Oliver,TBN,27/01/2002,85
544,(-),https://cqranking.com/common/flags/BLR.gif,SHNYRKO Aliaksei,LNS,12/05/1994,85
545,(1122),https://cqranking.com/common/flags/SUI.gif,FROIDEVAUX Robin,TUD,17/10/1998,85
546,(2077),https://cqranking.com/common/flags/FRA.gif,ARSAC Rémi,DCD,21/01/2005,85
547,(324),https://cqranking.com/common/flags/BEL.gif,DEHAIRS Simon,APT,04/06/2001,84
548,(422),https://cqranking.com/common/flags/ESP.gif,DE LA CALLE ARANGO Hugo,BBH,12/07/2004,83
549,(955),https://cqranking.com/common/flags/GER.gif,SÜTTERLIN Jasha,JAY,04/11/1992,83
550,(690),https://cqranking.com/common/flags/NED.gif,VAN DER LEE Jardi,EFE,06/08/2001,83
551,(445),https://cqranking.com/common/flags/EST.gif,VAHTRA Norman,CAT,23/11/1996,83
552,(581),https://cqranking.com/common/flags/VEN.gif,PEÑUELA SANDOVAL Francisco Joel,CJR,11/02/2001,83
553,(599),https://cqranking.com/common/flags/ITA.gif,DE CASSAN Davide,GEF,04/01/2002,83
554,(667),https://cqranking.com/common/flags/AUS.gif,SCOTT Cameron,LNS,04/01/1998,83
555,(1373),https://cqranking.com/common/flags/GBR.gif,SUTTON Louis,EUS,27/05/2002,82
556,(644),https://cqranking.com/common/flags/ITA.gif,MELLANO Ludovico,XAD,23/08/2006,82
557,(2202),https://cqranking.com/common/flags/NOR.gif,URIANSTAD BUGGE Martin,UXM,06/02/1999,82
558,(731),https://cqranking.com/common/flags/GBR.gif,KYFFIN Zeb,TSG,23/02/1998,82
559,(729),https://cqranking.com/common/flags/ITA.gif,MOSCA Jacopo,LTK,29/08/1993,81
560,(134),https://cqranking.com/common/flags/UKR.gif,TSARENKO Kyrylo,TFT,13/10/2000,81
561,(732),https://cqranking.com/common/flags/LUX.gif,KLUCKERS Arthur,TUD,15/03/2000,81
562,(676),https://cqranking.com/common/flags/NED.gif,OOMEN Sam,LTK,15/08/1995,81
563,(453),https://cqranking.com/common/flags/ISR.gif,EINHORN Itamar,NSN,20/09/1997,81
564,(229),https://cqranking.com/common/flags/ESP.gif,ETXEBERRIA ANSALAS Haimar,RBH,08/09/2003,81
565,(614),https://cqranking.com/common/flags/RSA.gif,SMIT Willem Jakobus,CAT,29/12/1992,81
566,(-),https://cqranking.com/common/flags/DEN.gif,STOKBRO Sylvester Vittinghus,GSH,16/07/2007,81
567,(466),https://cqranking.com/common/flags/BEL.gif,GEENS Jonas,APT,04/01/1999,80
568,(-),https://cqranking.com/common/flags/DEN.gif,EGHOLM Kristian,LTF,16/03/2004,80
569,(346),https://cqranking.com/common/flags/ITA.gif,MAGLI Filippo,BCS,29/04/1999,80
570,(287),https://cqranking.com/common/flags/DEN.gif,BREGNHØJ Mathias,TSG,11/11/1995,80
571,(512),https://cqranking.com/common/flags/FRA.gif,DAUPHIN Florian,TEN,06/04/1999,80
572,(892),https://cqranking.com/common/flags/SLO.gif,TRATNIK Jan,RBH,23/02/1990,80
573,(1325),https://cqranking.com/common/flags/NED.gif,ROUFFAER Lars,EEW,16/11/2003,80
574,(-),https://cqranking.com/common/flags/BEL.gif,THONNON Senne,TFB,19/03/2003,80
575,(542),https://cqranking.com/common/flags/BEL.gif,LANHOVE Milan,TFB,01/11/2003,80
576,(827),https://cqranking.com/common/flags/CAN.gif,ZUKOWSKY Nickolas,PQT,03/06/1998,80
577,(1169),https://cqranking.com/common/flags/POL.gif,MALECKI Kamil,PQT,02/01/1996,79
578,(2266),https://cqranking.com/common/flags/BEL.gif,LAURYSSEN Yorben,TIS,25/01/2002,79
579,(413),https://cqranking.com/common/flags/FRA.gif,LOUVEL Matîs,NSN,19/07/1999,79
580,(923),https://cqranking.com/common/flags/DEN.gif,ØXENBERG HANSEN Peter,NCI,23/10/2005,79
581,(896),https://cqranking.com/common/flags/PAN.gif,SAMUDIO CARRERA Carlos Ariel,TFT,05/10/1997,79
582,(796),https://cqranking.com/common/flags/POR.gif,OLIVEIRA Nelson Filipe Santos Simoes,MOV,06/03/1989,78
583,(1203),https://cqranking.com/common/flags/GBR.gif,WHITEHOUSE Daniel,STG,12/01/1995,78
584,(327),https://cqranking.com/common/flags/ESP.gif,IRIBAR JAUREGI Unai,EKP,12/06/1999,78
585,(1714),https://cqranking.com/common/flags/FRA.gif,DAUMAS Rémi,CGF,12/03/2006,78
586,(1273),https://cqranking.com/common/flags/ECU.gif,NAVAS PAREDES Kevin Elian,BES,28/01/2005,77
587,(1099),https://cqranking.com/common/flags/NED.gif,BOUWMAN Koen,JAY,02/12/1993,77
588,(654),https://cqranking.com/common/flags/RUS.gif,SYRITSA Gleb,XAT,14/04/2000,77
589,(1195),https://cqranking.com/common/flags/NED.gif,HOOGENDOORN Roy,MET,17/07/2001,77
590,(535),https://cqranking.com/common/flags/AUS.gif,HAIG Jack,NCI,06/09/1993,76
591,(2128),https://cqranking.com/common/flags/ITA.gif,MERIS Sergio,URR,10/03/2001,76
592,(1031),https://cqranking.com/common/flags/SUI.gif,DARBELLAY Valentin,EFC,19/11/1997,76
593,(1540),https://cqranking.com/common/flags/GBR.gif,CARR Simon,COF,29/08/1998,76
594,(-),https://cqranking.com/common/flags/THA.gif,POULARD Athit (Baptiste),ROI,28/01/2003,75
595,(450),https://cqranking.com/common/flags/POL.gif,MACIEJUK Filip,MOV,03/09/1999,75
596,(1014),https://cqranking.com/common/flags/DEN.gif,NIELSEN Sebastian,TCQ,27/08/2000,75
597,(1475),https://cqranking.com/common/flags/BRA.gif,AVANCINI Henrique Silva,LMS,30/03/1989,75
598,(148),https://cqranking.com/common/flags/NOR.gif,HOELGAARD Markus,UXM,04/10/1994,75
599,(304),https://cqranking.com/common/flags/AUT.gif,HALLER Marco,TUD,01/04/1991,75
600,(419),https://cqranking.com/common/flags/FRA.gif,LABROSSE Jordan,DCT,15/09/2002,75
601,(1167),https://cqranking.com/common/flags/EST.gif,KURITS Karl,LUC,14/06/2005,75
602,(1940),https://cqranking.com/common/flags/POR.gif,COSTA Fabio Manuel Fernandes,BOA,04/07/1999,75
603,(590),https://cqranking.com/common/flags/AUS.gif,O'BRIEN Kelland,JAY,22/05/1998,74
604,(587),https://cqranking.com/common/flags/ERI.gif,GHEBREIGZABHIER Amanuel,LTK,17/08/1994,74
605,(1091),https://cqranking.com/common/flags/CAN.gif,GAUTHIER Jérôme,PEC,13/07/2004,74
606,(953),https://cqranking.com/common/flags/IRL.gif,RAFFERTY Adam,HBG,04/10/2005,74
607,(673),https://cqranking.com/common/flags/POR.gif,SILVA Pedro Miguel Fernandes,BOA,07/07/2001,73
608,(1394),https://cqranking.com/common/flags/GBR.gif,JOHNSTON Calum,LNS,01/11/1998,73
609,(147),https://cqranking.com/common/flags/SUI.gif,KÜNG Stefan,TUD,16/11/1993,72
610,(922),https://cqranking.com/common/flags/BEL.gif,LAMBRECHT Michiel,TFB,10/02/2003,72
611,(351),https://cqranking.com/common/flags/BEL.gif,THEUNS Edward,LTK,30/04/1991,72
612,(465),https://cqranking.com/common/flags/AUS.gif,SCOTSON Callum,DCT,10/08/1996,72
613,(589),https://cqranking.com/common/flags/SLO.gif,FINKST Tilen,TFT,06/07/1997,72
614,(773),https://cqranking.com/common/flags/ITA.gif,CRETTI Luca,MBH,30/06/2001,71
615,(1811),https://cqranking.com/common/flags/NED.gif,VAN BEKKUM Darren,XAT,20/03/2002,71
616,(-),https://cqranking.com/common/flags/POL.gif,JACKOWIAK Jan,BVD,23/12/2007,71
617,(951),https://cqranking.com/common/flags/POL.gif,POMORSKI Michal,ATT,04/08/2003,71
618,(883),https://cqranking.com/common/flags/FRA.gif,LOULERGUE Victor,CGF,27/10/2004,70
619,(1229),https://cqranking.com/common/flags/AUS.gif,DINHAM Matthew,TPP,09/04/2000,70
620,(772),https://cqranking.com/common/flags/NED.gif,BAX Sjoerd,PQT,06/01/1996,70
621,(799),https://cqranking.com/common/flags/ITA.gif,NEGRENTE Mattia,XAD,28/05/2005,69
622,(754),https://cqranking.com/common/flags/AUS.gif,STANNARD Robert,TBV,16/09/1998,69
623,(2367),https://cqranking.com/common/flags/ITA.gif,BAGATIN Christian,MBH,14/06/2002,69
624,(623),https://cqranking.com/common/flags/NZL.gif,MUDGWAY Luke,LNS,12/06/1996,69
625,(217),https://cqranking.com/common/flags/FRA.gif,GAUDU David,GFC,10/10/1996,69
626,(726),https://cqranking.com/common/flags/POL.gif,STOSZ Patryk,VOS,15/07/1994,69
627,(219),https://cqranking.com/common/flags/ITA.gif,BARONCINI Filippo,UEX,26/08/2000,68
628,(909),https://cqranking.com/common/flags/BEL.gif,MARIVOET SCHOLIERS Duarte,LWD,02/02/2005,68
629,(888),https://cqranking.com/common/flags/USA.gif,HAUG Kieran,MAP,06/10/2002,68
630,(-),https://cqranking.com/common/flags/FRA.gif,HEBERT Théo,VDU,13/11/2003,68
631,(643),https://cqranking.com/common/flags/IRL.gif,RAFFERTY Darren,EFE,01/07/2003,68
632,(540),https://cqranking.com/common/flags/BEL.gif,PLANCKAERT Edward,APT,01/02/1995,67
633,(828),https://cqranking.com/common/flags/GER.gif,MÄRKL Niklas,TPP,03/03/1999,67
634,(75),https://cqranking.com/common/flags/LAT.gif,SKUJINS Toms,LTK,15/06/1991,67
635,(420),https://cqranking.com/common/flags/FRA.gif,ROLLAND Brieuc,GFC,13/08/2003,67
636,(948),https://cqranking.com/common/flags/DEN.gif,KOLZE CHANGIZI Sebastian,TUD,29/12/2000,67
637,(699),https://cqranking.com/common/flags/ERI.gif,KUDUS Merhawi Gebremedhin,BBH,23/01/1994,67
638,(867),https://cqranking.com/common/flags/SUI.gif,DILLIER Silvan,APT,03/08/1990,66
639,(1063),https://cqranking.com/common/flags/ITA.gif,GIAIMI Luca,UEX,12/01/2005,66
640,(604),https://cqranking.com/common/flags/SUI.gif,JACOBS Johan,GFC,01/03/1997,66
641,(2511),https://cqranking.com/common/flags/AUS.gif,CHRISTIE-JOHNSTON Alastair,CBW,29/03/1998,66
642,(1164),https://cqranking.com/common/flags/NED.gif,VAN ZANDEN Otto,AVV,27/10/2004,66
643,(454),https://cqranking.com/common/flags/DEN.gif,BEVORT Carl-Frederik,UXM,24/11/2003,66
644,(412),https://cqranking.com/common/flags/GER.gif,PETER Jannis,URR,30/10/2000,65
645,(282),https://cqranking.com/common/flags/EST.gif,TAARAMÄE Rein,KIN,24/04/1987,65
646,(907),https://cqranking.com/common/flags/BEL.gif,SENTJENS Sente,APT,02/09/2005,65
647,(945),https://cqranking.com/common/flags/BEL.gif,TAMINIAUX Lionel,LOI,21/05/1996,65
648,(306),https://cqranking.com/common/flags/GER.gif,RUTSCH Jonas,LOI,24/01/1998,65
649,(1280),https://cqranking.com/common/flags/CZE.gif,KUKRLE Michael,KCR,17/11/1994,65
650,(613),https://cqranking.com/common/flags/NED.gif,VADER Milan,PQT,18/02/1996,65
651,(385),https://cqranking.com/common/flags/CAN.gif,LEONARD Michael,EFE,26/03/2004,65
652,(1249),https://cqranking.com/common/flags/ITA.gif,MARTINELLI Alessio,BCS,26/04/2001,65
653,(718),https://cqranking.com/common/flags/ESP.gif,GONZALEZ LOPEZ David,PQT,21/02/1996,65
654,(524),https://cqranking.com/common/flags/AUT.gif,SCHRETTL Marco,XAT,11/09/2003,65
655,(1559),https://cqranking.com/common/flags/BEL.gif,DHONDT Robbe,TPP,25/06/2004,65
656,(257),https://cqranking.com/common/flags/ESP.gif,LOPEZ PEREZ Juan Pedro,MOV,31/07/1997,65
657,(476),https://cqranking.com/common/flags/ITA.gif,GERMANI Lorenzo,GFC,03/03/2002,65
658,(1089),https://cqranking.com/common/flags/ITA.gif,MASCIARELLI Lorenzo,MBH,22/10/2003,64
659,(2541),https://cqranking.com/common/flags/POL.gif,MACIEJUK Kacper,VOS,18/05/2003,64
660,(1181),https://cqranking.com/common/flags/SUI.gif,THALMANN Roland,TUD,05/08/1993,64
661,(2253),https://cqranking.com/common/flags/BEL.gif,VERBRUGGHE Jens,NDT,23/09/2004,64
662,(1413),https://cqranking.com/common/flags/CMR.gif,KUERE NOUNAWE Rodrigue Eric,-,22/06/1998,64
663,(1309),https://cqranking.com/common/flags/GBR.gif,BUCK JONES Huw,BAC,24/03/2004,63
664,(359),https://cqranking.com/common/flags/FRA.gif,GACHIGNARD Thomas,TEN,17/08/2000,63
665,(632),https://cqranking.com/common/flags/POL.gif,KACZMAREK Jakub,VOS,27/09/1993,63
666,(1844),https://cqranking.com/common/flags/CZE.gif,MONTI Alberto Carlo,ATT,23/02/2004,63
667,(435),https://cqranking.com/common/flags/ITA.gif,TURCONI Filippo,BCS,20/10/2005,63
668,(494),https://cqranking.com/common/flags/UKR.gif,BUDIAK Anatolii,CNM,29/09/1995,63
669,(-),https://cqranking.com/common/flags/MEX.gif,CISNEROS DIAZ DE LEON Jose Said,SQD,23/04/2007,63
670,(700),https://cqranking.com/common/flags/BEL.gif,MARCHAND Gianni,TIS,01/06/1990,63
671,(1917),https://cqranking.com/common/flags/ITA.gif,BESSEGA Tommaso,PTV,18/02/2004,62
672,(670),https://cqranking.com/common/flags/GRE.gif,BOUGLAS Georgios,BBH,17/11/1990,62
673,(354),https://cqranking.com/common/flags/GER.gif,ZWIEHOFF Ben,RBH,22/02/1994,62
674,(760),https://cqranking.com/common/flags/NED.gif,MARSMAN Tim,APT,04/10/2000,62
675,(-),https://cqranking.com/common/flags/BEL.gif,BOLLE Bert,VWE,05/02/2004,62
676,(874),https://cqranking.com/common/flags/FRA.gif,BOUCHARD Geoffrey,TEN,01/04/1992,62
677,(637),https://cqranking.com/common/flags/BEL.gif,VANHOOF Ward,TFB,18/04/1999,62
678,(697),https://cqranking.com/common/flags/ESP.gif,GARCIA PIERNA Carlos,BBH,23/07/1999,62
679,(117),https://cqranking.com/common/flags/ITA.gif,COVI Alessandro,JAY,28/09/1998,62
680,(1577),https://cqranking.com/common/flags/ESP.gif,GIMENO FERRER Nil,EKP,21/04/2004,61
681,(1427),https://cqranking.com/common/flags/FRA.gif,PAPON Victor,NMC,25/01/2001,61
682,(-),https://cqranking.com/common/flags/RUS.gif,BOLDYREV Matvey,UAZ,26/08/2007,61
683,(918),https://cqranking.com/common/flags/BEL.gif,DEWEIRDT Siebe,TFB,08/05/2002,61
684,(1463),https://cqranking.com/common/flags/BEL.gif,GODFROID Olivier,BPL,17/08/1994,61
685,(1750),https://cqranking.com/common/flags/ITA.gif,IACOMONI Federico,TUK,10/07/2002,61
686,(478),https://cqranking.com/common/flags/DEN.gif,HANSEN Marcus Sander,BPC,25/08/2000,61
687,(802),https://cqranking.com/common/flags/LUX.gif,KIRSCH Alex,COF,12/06/1992,61
688,(935),https://cqranking.com/common/flags/GER.gif,RAPP Jonas,FNX,16/07/1994,61
689,(538),https://cqranking.com/common/flags/ITA.gif,VERGALLITO Luca,APT,14/09/1997,60
690,(846),https://cqranking.com/common/flags/FRA.gif,SENECHAL Florian,APT,10/07/1993,60
691,(901),https://cqranking.com/common/flags/NOR.gif,INGEBRIGTSEN Storm,UXM,17/02/2005,60
692,(97),https://cqranking.com/common/flags/SUI.gif,CHRISTEN Fabio,PQT,29/06/2002,60
693,(636),https://cqranking.com/common/flags/CZE.gif,NEUMAN Dominik,ATT,23/10/1995,60
694,(1453),https://cqranking.com/common/flags/BEL.gif,AVONDTS Mathis,AVV,15/06/2003,60
695,(375),https://cqranking.com/common/flags/BEL.gif,CAPIOT Amaury,JAY,25/06/1993,60
696,(586),https://cqranking.com/common/flags/ITA.gif,BURATTI Nicolo,MBH,07/07/2001,60
697,(360),https://cqranking.com/common/flags/ERI.gif,MAEKELE Milkias,IGA,04/09/2005,60
698,(305),https://cqranking.com/common/flags/GBR.gif,GLOAG Thomas,PQT,13/09/2001,60
699,(616),https://cqranking.com/common/flags/FRA.gif,BARTHE Cyril,GFC,14/02/1996,60
700,(292),https://cqranking.com/common/flags/AUT.gif,KONRAD Patrick,LTK,13/10/1991,60
701,(818),https://cqranking.com/common/flags/CHN.gif,SU Haoyu,XAT,26/10/2000,59
702,(674),https://cqranking.com/common/flags/FRA.gif,BOULAHOITE Rayan,TEN,24/02/2004,59
703,(71),https://cqranking.com/common/flags/FRA.gif,SIVAKOV Pavel,UEX,11/07/1997,59
704,(960),https://cqranking.com/common/flags/CHI.gif,ROJAS NARANJO Vicente Rodrigo,BCS,30/04/2002,59
705,(303),https://cqranking.com/common/flags/GER.gif,BUCHMANN Emanuel,COF,18/11/1992,59
706,(579),https://cqranking.com/common/flags/PAN.gif,GONZALEZ CASTILLERO Roberto Carlos,TFT,21/05/1994,59
707,(559),https://cqranking.com/common/flags/COL.gif,VARGAS ALZATE Walter Alejandro,MED,16/04/1992,59
708,(914),https://cqranking.com/common/flags/BEL.gif,VAN TRICHT Stan,SQD,20/09/1999,59
709,(564),https://cqranking.com/common/flags/NED.gif,ZIJLAARD Maikel,TUD,01/06/1999,59
710,(1138),https://cqranking.com/common/flags/SVK.gif,SVRCEK Martin,SOQ,17/02/2003,59
711,(762),https://cqranking.com/common/flags/BEL.gif,HEREMANS Joppe,VRR,20/08/2003,58
712,(813),https://cqranking.com/common/flags/BEL.gif,CRAPS Lars,LOI,17/10/2001,58
713,(2388),https://cqranking.com/common/flags/FIN.gif,KÄLLBERG Axel,LUC,24/10/2003,58
714,(601),https://cqranking.com/common/flags/ESP.gif,FAURA ASENSIO Jose Luis,BBH,15/09/2000,58
715,(707),https://cqranking.com/common/flags/BEL.gif,SOENENS Viktor,SQD,05/10/2005,58
716,(934),https://cqranking.com/common/flags/COL.gif,HENAO MONTOYA Sergio Luis,TNC,10/12/1987,58
717,(-),https://cqranking.com/common/flags/NED.gif,KONINGS Roan,MET,04/04/2003,58
718,(1075),https://cqranking.com/common/flags/GBR.gif,DODD Matthew,IGA,27/11/2004,58
719,(1030),https://cqranking.com/common/flags/RWA.gif,NIYONKURU Samuel,AMN,03/05/2003,58
720,(950),https://cqranking.com/common/flags/AUT.gif,HOFBAUER Philipp,VBG,20/08/2002,58
721,(927),https://cqranking.com/common/flags/AUS.gif,PORTER Rudy,JAY,15/12/2000,58
722,(1050),https://cqranking.com/common/flags/FRA.gif,AUGE Ronan,URR,29/04/2004,57
723,(905),https://cqranking.com/common/flags/ITA.gif,CONFORTI Lorenzo,BCS,22/05/2004,57
724,(662),https://cqranking.com/common/flags/POR.gif,REIS Rafael Ferreira,ACR,15/07/1992,57
725,(249),https://cqranking.com/common/flags/BEL.gif,CRAS Steff,SOQ,13/02/1996,57
726,(594),https://cqranking.com/common/flags/HUN.gif,DINA Marton,MBH,11/04/1996,56
727,(1087),https://cqranking.com/common/flags/ESP.gif,SERRANO RODRIGUEZ Javier,PTV,17/04/2001,56
728,(-),https://cqranking.com/common/flags/FRA.gif,GIULIANO Dario,PTV,04/02/2005,56
729,(946),https://cqranking.com/common/flags/TUR.gif,ABAY Burak,KBB,01/01/1996,56
730,(444),https://cqranking.com/common/flags/BEL.gif,VAN ASBROECK Tom,NSN,19/04/1990,56
731,(814),https://cqranking.com/common/flags/NED.gif,HUISING Menno,TVL,08/04/2004,56
732,(2692),https://cqranking.com/common/flags/AUS.gif,WARD Jack,LTF,02/05/2005,55
733,(1204),https://cqranking.com/common/flags/AUS.gif,RICHARDS Kane,ROI,01/12/1996,55
734,(1178),https://cqranking.com/common/flags/GER.gif,BOCK Max,RBC,10/03/2005,55
735,(168),https://cqranking.com/common/flags/MON.gif,LANGELLOTTI Victor,XAT,07/06/1995,55
736,(1282),https://cqranking.com/common/flags/MGL.gif,ENKHTAIVAN Bolorerdene,HST,08/06/1995,55
737,(894),https://cqranking.com/common/flags/BEL.gif,MARIS Elias,TFB,05/10/1999,55
738,(1425),https://cqranking.com/common/flags/ERI.gif,MULUGETA Yafiet,-,06/02/2005,55
739,(1902),https://cqranking.com/common/flags/BEL.gif,REX Tim,TVL,11/04/2004,55
740,(1047),https://cqranking.com/common/flags/AUS.gif,MACKELLAR Alastair,EFE,20/01/2002,55
741,(920),https://cqranking.com/common/flags/ESP.gif,ISASA LARRAÑAGA Xabier,EUS,24/08/2001,55
742,(936),https://cqranking.com/common/flags/BEL.gif,BEULLENS Cédric,LOI,27/01/1997,55
743,(900),https://cqranking.com/common/flags/BEL.gif,EEMAN Kamiel,LWD,10/08/2005,55
744,(678),https://cqranking.com/common/flags/NED.gif,LEEMREIZE Gijs,TPP,23/10/1999,55
745,(657),https://cqranking.com/common/flags/FRA.gif,CHAMPION Thomas,AUB,08/09/1999,54
746,(426),https://cqranking.com/common/flags/COL.gif,CAMARGO PINEDA Diego Andres,MED,03/05/1998,54
747,(573),https://cqranking.com/common/flags/CAN.gif,HOULE Hugo,APT,27/09/1990,54
748,(603),https://cqranking.com/common/flags/CZE.gif,NOVAK Pavel,MOV,03/12/2004,54
749,(1008),https://cqranking.com/common/flags/USA.gif,COLE Owen,-,01/05/2004,54
750,(810),https://cqranking.com/common/flags/LTU.gif,MIKUTIS Aivaras,TUD,16/09/2002,54
751,(1374),https://cqranking.com/common/flags/FRA.gif,SANLAVILLE Mathias,CIC,19/01/2003,54
752,(333),https://cqranking.com/common/flags/BEL.gif,VAN HEMELEN Vincent,TFB,02/11/2000,54
753,(495),https://cqranking.com/common/flags/ITA.gif,AFFINI Edoardo,TVL,24/06/1996,53
754,(215),https://cqranking.com/common/flags/DEN.gif,HONORE Mikkel Frølich,EFE,21/01/1997,53
755,(437),https://cqranking.com/common/flags/ITA.gif,BAIS Davide,PTV,02/04/1998,53
756,(866),https://cqranking.com/common/flags/DEN.gif,JUUL JENSEN Christopher,JAY,06/07/1989,53
757,(1416),https://cqranking.com/common/flags/DEN.gif,GUDNITZ Joshua Amos,TCQ,19/08/2001,53
758,(1196),https://cqranking.com/common/flags/AUS.gif,ROGERS Cameron,IGA,16/12/2004,53
759,(1073),https://cqranking.com/common/flags/ESP.gif,DELGADO HIGUERUELO David,QPT,13/07/2000,53
760,(1706),https://cqranking.com/common/flags/ITA.gif,LORELLO Riccardo,PAD,23/12/2005,53
761,(511),https://cqranking.com/common/flags/ITA.gif,BALLABIO Giacomo,VBG,10/01/1998,53
762,(856),https://cqranking.com/common/flags/NED.gif,REMIJN Senna,APT,22/01/2006,52
763,(381),https://cqranking.com/common/flags/ITA.gif,DE PRETTO Davide,JAY,19/04/2002,52
764,(808),https://cqranking.com/common/flags/POR.gif,DUARTE Emanuel Fieber,LAA,24/01/1997,52
765,(795),https://cqranking.com/common/flags/AUT.gif,ZOIDL Riccardo,HAC,08/04/1988,52
766,(1151),https://cqranking.com/common/flags/UKR.gif,ANTONENKO Heorhii,ENT,08/04/2005,52
767,(1177),https://cqranking.com/common/flags/ESP.gif,ARRIOLABENGOA BEITIA Julen,CJR,16/02/2001,52
768,(458),https://cqranking.com/common/flags/ALG.gif,HAMZA Yacine,MPT,18/04/1997,52
769,(356),https://cqranking.com/common/flags/NED.gif,VAN UDEN Casper,TPP,22/07/2001,52
770,(-),https://cqranking.com/common/flags/NOR.gif,STIANSEN Jesper,TUU,22/04/2005,52
771,(1609),https://cqranking.com/common/flags/DEN.gif,MALMBERG Matias Gunnar,SWT,31/08/2000,52
772,(2645),https://cqranking.com/common/flags/ITA.gif,D'AIUTO Filippo,GEF,21/03/2002,52
773,(741),https://cqranking.com/common/flags/BEL.gif,HESTERS Jules,TFB,11/11/1998,52
774,(612),https://cqranking.com/common/flags/UKR.gif,PONOMAR Andriy,GEF,05/09/2002,51
775,(372),https://cqranking.com/common/flags/COL.gif,MARTINEZ HUERTAS Juan Guillermo,TPP,21/11/2004,51
776,(1028),https://cqranking.com/common/flags/POL.gif,PROC Bartlomiej,LPP,12/12/1999,51
777,(710),https://cqranking.com/common/flags/NOR.gif,RESELL Erik Nordsaeter,UXM,28/09/1996,51
778,(561),https://cqranking.com/common/flags/GER.gif,HERZOG Emil,RBH,06/10/2004,51
779,(723),https://cqranking.com/common/flags/BEL.gif,GRIGNARD Sébastien,LOI,29/04/1999,50
780,(332),https://cqranking.com/common/flags/NOR.gif,STAUNE-MITTET Johannes,DCT,18/01/2002,50
781,(508),https://cqranking.com/common/flags/ESP.gif,PRADES REVERTER Benjami,VCF,26/10/1983,50
782,(1254),https://cqranking.com/common/flags/ITA.gif,MATTIO Pietro,TVL,27/06/2004,50
783,(-),https://cqranking.com/common/flags/ESP.gif,ROMEO ABAD Sergio,EKP,05/02/2005,50
784,(320),https://cqranking.com/common/flags/GER.gif,KÄMNA Lennard,LTK,09/09/1996,50
785,(695),https://cqranking.com/common/flags/ESP.gif,SERRANO RODRIGUEZ Gonzalo,MOV,17/08/1994,50
786,(237),https://cqranking.com/common/flags/NOR.gif,LØLAND Sakarias Koller,UXM,20/09/2001,50
787,(451),https://cqranking.com/common/flags/AUS.gif,DURBRIDGE Luke,JAY,09/04/1991,50
788,(279),https://cqranking.com/common/flags/BEL.gif,LIVYNS Arjen,XAT,01/09/1994,50
789,(752),https://cqranking.com/common/flags/POL.gif,GRADEK Kamil,TBV,17/09/1990,50
790,(220),https://cqranking.com/common/flags/BEL.gif,KIELICH Timo,TVL,05/08/1999,50
791,(1221),https://cqranking.com/common/flags/SLO.gif,NOVAK Domen,UEX,12/07/1995,50
792,(1412),https://cqranking.com/common/flags/SRB.gif,STOJNIC Veljko,TUS,04/02/1999,50
793,(893),https://cqranking.com/common/flags/BEL.gif,VANDENABEELE Henri,TFB,15/04/2000,50
794,(-),https://cqranking.com/common/flags/GBR.gif,HOWELL Adam,BAC,08/12/2004,50
795,(824),https://cqranking.com/common/flags/ITA.gif,MOSCON Gianni,RBH,20/04/1994,50
796,(2841),https://cqranking.com/common/flags/TUR.gif,TARAKCI Mustafa,KBB,07/08/2005,50
797,(448),https://cqranking.com/common/flags/NZL.gif,SMITH Dion,NSN,03/03/1993,50
798,(1358),https://cqranking.com/common/flags/BEL.gif,POLLEFLIET Gianluca,DCT,28/01/2002,49
799,(1176),https://cqranking.com/common/flags/EST.gif,TAMM Lauri,-,02/04/2004,49
800,(668),https://cqranking.com/common/flags/GBR.gif,WALKER Max,EFE,12/07/2001,49
801,(1109),https://cqranking.com/common/flags/NED.gif,KONIJN Alexander,NMC,15/10/1999,49
802,(1141),https://cqranking.com/common/flags/ITA.gif,BRUTTOMESSO Alberto,TBV,30/10/2003,49
803,(1618),https://cqranking.com/common/flags/EST.gif,RAGILO Frank Aron,LUC,22/03/2004,49
804,(-),https://cqranking.com/common/flags/GBR.gif,WOOD Oliver,-,26/11/1995,48
805,(531),https://cqranking.com/common/flags/GBR.gif,THORNLEY Callum,RBH,05/08/2003,48
806,(514),https://cqranking.com/common/flags/AUT.gif,KEPPLINGER Rainer,TBV,19/08/1997,48
807,(255),https://cqranking.com/common/flags/BEL.gif,MONIQUET Sylvain,COF,14/01/1998,48
808,(407),https://cqranking.com/common/flags/FRA.gif,GUERNALEC Thibault,TEN,31/07/1997,48
809,(502),https://cqranking.com/common/flags/NOR.gif,CHRISTOPHERSEN Cedrik Bakke,URR,11/12/2001,48
810,(830),https://cqranking.com/common/flags/FRA.gif,LOZOUET Léandre,CIC,03/09/2004,47
811,(570),https://cqranking.com/common/flags/DEN.gif,NØRTOFT Morten Aalling,TCQ,05/09/2002,47
812,(-),https://cqranking.com/common/flags/CAN.gif,ROY Léo,-,10/05/2002,47
813,(977),https://cqranking.com/common/flags/GER.gif,HESSMANN Michel,MOV,06/04/2001,47
814,(63),https://cqranking.com/common/flags/ECU.gif,LOPEZ GRANIZO Harold Martin,XAT,03/12/2000,47
815,(979),https://cqranking.com/common/flags/FRA.gif,BENETEAU Lucas,AUB,15/03/2002,47
816,(686),https://cqranking.com/common/flags/FRA.gif,DELACROIX Théo,AUB,21/02/1999,47
817,(569),https://cqranking.com/common/flags/AUS.gif,WALSH Liam,CBW,29/05/2001,46
818,(842),https://cqranking.com/common/flags/BEL.gif,GELDERS Gil,SOQ,16/12/2002,46
819,(1815),https://cqranking.com/common/flags/JPN.gif,TODOME Yuhi,ART,18/06/2002,46
820,(911),https://cqranking.com/common/flags/USA.gif,STITES Tyler,MAP,18/03/1998,46
821,(602),https://cqranking.com/common/flags/MGL.gif,SAINBAYAR Jambaljamts,BBH,04/09/1996,46
822,(882),https://cqranking.com/common/flags/USA.gif,HLADY Gavin,EFA,01/02/2003,46
823,(790),https://cqranking.com/common/flags/ITA.gif,CONSONNI Simone,LTK,12/09/1994,46
824,(546),https://cqranking.com/common/flags/NED.gif,DE VRIES Hartthijs,URR,11/07/1996,46
825,(793),https://cqranking.com/common/flags/SLO.gif,ZUMER Matic,FAS,19/11/1997,45
826,(1683),https://cqranking.com/common/flags/ITA.gif,ZAMPERINI Edoardo,COF,19/03/2003,45
827,(788),https://cqranking.com/common/flags/ITA.gif,TONELLI Alessandro,PTV,29/05/1992,45
828,(1557),https://cqranking.com/common/flags/ESP.gif,DOMINGUEZ VILCHEZ David,BOA,28/07/2000,45
829,(627),https://cqranking.com/common/flags/ECU.gif,RAMIREZ TORRES Mateo Pablo,UAZ,09/03/2006,45
830,(843),https://cqranking.com/common/flags/CRO.gif,MIHOLJEVIC Fran,TBV,02/08/2002,45
831,(791),https://cqranking.com/common/flags/AUS.gif,SCHULTZ Nicholas,NSN,13/09/1994,45
832,(696),https://cqranking.com/common/flags/AUT.gif,BAYER Tobias,APT,17/11/1999,45
833,(342),https://cqranking.com/common/flags/LUX.gif,GENIETS Kévin,GFC,09/01/1997,45
834,(1543),https://cqranking.com/common/flags/NED.gif,VAN BELLE Loe,TVL,24/01/2002,45
835,(820),https://cqranking.com/common/flags/GBR.gif,GIDDINGS Joshua,LOI,20/07/2003,45
836,(406),https://cqranking.com/common/flags/KAZ.gif,LUTSENKO Alexey,NSN,07/09/1992,45
837,(1230),https://cqranking.com/common/flags/CZE.gif,KELEMEN Petr,TUD,18/11/2000,45
838,(659),https://cqranking.com/common/flags/CZE.gif,VOLTR Martin,ATT,27/12/2001,45
839,(583),https://cqranking.com/common/flags/DEN.gif,HELLEMOSE Asbjørn,JAY,15/01/1999,45
840,(794),https://cqranking.com/common/flags/ALG.gif,AMARI Hamza,MPT,02/10/2002,44
841,(568),https://cqranking.com/common/flags/ITA.gif,RACCANI Simone,TUK,02/03/2001,44
842,(566),https://cqranking.com/common/flags/ARG.gif,TIVANI PEREZ German Nicolas,ALL,31/10/1995,44
843,(1364),https://cqranking.com/common/flags/NED.gif,MOURIS Wessel,URR,30/12/2002,44
844,(-),https://cqranking.com/common/flags/FRA.gif,FOFONOV Artem,XAD,08/01/2005,44
845,(1287),https://cqranking.com/common/flags/AZE.gif,MIKAYILZADE Musa,-,16/06/1998,43
846,(270),https://cqranking.com/common/flags/FRA.gif,MAIRE Adrien,URR,17/11/2000,43
847,(-),https://cqranking.com/common/flags/NED.gif,DIJKMAN Daan,UAZ,04/10/2007,43
848,(1017),https://cqranking.com/common/flags/ITA.gif,SKERL Daniel,TBV,21/03/2003,43
849,(1049),https://cqranking.com/common/flags/ECU.gif,OBANDO ROSAS Bryan Raul,GES,18/08/2001,43
850,(491),https://cqranking.com/common/flags/SLO.gif,MAROLT Jaka,FRT,21/09/2005,43
851,(622),https://cqranking.com/common/flags/ESP.gif,URIARTE BELZUNEGI Diego,EKP,26/10/2001,43
852,(825),https://cqranking.com/common/flags/DEN.gif,NORSGAARD Mathias Sunekaer,LTK,05/05/1997,43
853,(1213),https://cqranking.com/common/flags/HUN.gif,TAKACS Zsombor,MBH,06/01/2006,43
854,(1643),https://cqranking.com/common/flags/DEN.gif,WANG Gustav,XAD,13/03/2003,43
855,(1191),https://cqranking.com/common/flags/GER.gif,KOECH Silas,LKH,29/06/2003,43
856,(2394),https://cqranking.com/common/flags/ITA.gif,ARRIGHETTI Nicolo,GEF,23/12/2004,43
857,(717),https://cqranking.com/common/flags/ITA.gif,ZOCCARATO Samuele,MBH,09/01/1998,43
858,(386),https://cqranking.com/common/flags/IRL.gif,DUNBAR Edward,PQT,01/09/1996,43
859,(959),https://cqranking.com/common/flags/SUI.gif,DONZE Robin,TUD,06/11/2003,43
860,(-),https://cqranking.com/common/flags/GBR.gif,MITCHELL Adam,VDU,24/02/2002,43
861,(-),https://cqranking.com/common/flags/GBR.gif,PORTSMOUTH Tom,-,19/12/2001,42
862,(143),https://cqranking.com/common/flags/IRL.gif,TOWNSEND Rory,URR,30/06/1995,42
863,(380),https://cqranking.com/common/flags/FRA.gif,LEROUX Samuel,TEN,27/11/1994,42
864,(307),https://cqranking.com/common/flags/FRA.gif,BARGUIL Warren,TPP,28/10/1991,42
865,(247),https://cqranking.com/common/flags/GER.gif,MAYRHOFER Marius,TUD,18/09/2000,42
866,(956),https://cqranking.com/common/flags/JPN.gif,KOISHI Yuma,KIN,15/09/1993,42
867,(-),https://cqranking.com/common/flags/SVK.gif,NOVAK Samuel,TIR,10/01/2005,42
868,(1192),https://cqranking.com/common/flags/AUT.gif,PUTZ Sebastian,RBC,26/08/2003,42
869,(1516),https://cqranking.com/common/flags/ESP.gif,DEL PINO CORROCHANO Jesus,ALL,09/09/1990,42
870,(2531),https://cqranking.com/common/flags/AUS.gif,GREENWOOD Matthew,CBW,07/02/2003,42
871,(578),https://cqranking.com/common/flags/NOR.gif,BYSTRØM Sven Erik,UXM,21/01/1992,41
872,(595),https://cqranking.com/common/flags/FRA.gif,VADIC Baptiste,TEN,15/04/2002,41
873,(606),https://cqranking.com/common/flags/CAN.gif,PICKRELL Riley,MAP,16/08/2001,41
874,(761),https://cqranking.com/common/flags/ERI.gif,AMAN Awet,IST,24/03/2003,41
875,(507),https://cqranking.com/common/flags/SLO.gif,STAJNAR Mihael,PGL,06/10/2000,41
876,(-),https://cqranking.com/common/flags/CZE.gif,BRADAC Adam,FRT,20/06/2006,41
877,(1623),https://cqranking.com/common/flags/SVK.gif,RISKA Richard,HAC,27/12/2005,41
878,(976),https://cqranking.com/common/flags/NED.gif,NABERMAN Tim,TPP,11/05/1999,41
879,(-),https://cqranking.com/common/flags/SUI.gif,ZÜGER Andrin,RRS,08/06/2002,41
880,(1437),https://cqranking.com/common/flags/POR.gif,CAMPOS Francisco Joaquim Brito,TCA,10/10/1997,41
881,(1161),https://cqranking.com/common/flags/CRC.gif,RAMIREZ VENEGAS Joseph Gerardo,-,14/07/2002,41
882,(671),https://cqranking.com/common/flags/GBR.gif,DOULL Owain,TVL,02/05/1993,40
883,(1105),https://cqranking.com/common/flags/CRC.gif,HUERTAS ARAYA Jason Andrey,-,24/03/1998,40
884,(1247),https://cqranking.com/common/flags/POR.gif,SILVA Afonso Miguel Martins,TCA,22/03/2000,40
885,(-),https://cqranking.com/common/flags/FRA.gif,BOUQUET Axel,AUB,02/02/2006,40
886,(2305),https://cqranking.com/common/flags/AUS.gif,COOK Leighton,A6C,26/06/1997,40
887,(2655),https://cqranking.com/common/flags/BEL.gif,VAN DE PUTTE Victor,LWD,20/05/2002,39
888,(429),https://cqranking.com/common/flags/ESP.gif,GUTIERREZ GONZALEZ Jorge,EKP,23/09/2002,39
889,(423),https://cqranking.com/common/flags/BEL.gif,LAMPAERT Yves,SOQ,10/04/1991,39
890,(296),https://cqranking.com/common/flags/BEL.gif,DE PLUS Laurens,NCI,04/09/1995,39
891,(2859),https://cqranking.com/common/flags/ESP.gif,PEREZ LOPEZ Cesar,EKP,23/11/2004,39
892,(815),https://cqranking.com/common/flags/NED.gif,HAVERDINGS David,APD,01/04/2004,39
893,(743),https://cqranking.com/common/flags/FRA.gif,HENNEQUIN Paul,EUS,09/12/2002,38
894,(555),https://cqranking.com/common/flags/MRI.gif,MAYER Alexandre,BBH,29/04/1998,38
895,(785),https://cqranking.com/common/flags/BEL.gif,VERCOUILLIE Victor,TFB,03/11/2002,38
896,(1382),https://cqranking.com/common/flags/IRL.gif,MCDUNPHY Conn,APS,03/02/1997,38
897,(834),https://cqranking.com/common/flags/FIN.gif,BORREMANS Kasper,BVD,21/08/2006,38
898,(991),https://cqranking.com/common/flags/GBR.gif,GEORGE Alfred,EFC,30/01/2001,38
899,(1532),https://cqranking.com/common/flags/NOR.gif,HVIDEBERG Jonas Hem,UXM,09/02/1999,37
900,(479),https://cqranking.com/common/flags/NZL.gif,KENCH Joshua,GFC,06/05/2001,37
901,(1090),https://cqranking.com/common/flags/GER.gif,ROTTMANN Jonathan Malte,LKH,03/05/2004,37
902,(365),https://cqranking.com/common/flags/GER.gif,MATTHEIS Oliver,BAI,24/04/1995,37
903,(-),https://cqranking.com/common/flags/AUS.gif,LEAHY Conor,TBN,16/04/1999,37
904,(-),https://cqranking.com/common/flags/AUS.gif,BURNS Luke,VCH,11/06/1998,37
905,(475),https://cqranking.com/common/flags/MGL.gif,BATSAIKHAN Tegshbayar,ROI,01/06/1998,37
906,(1798),https://cqranking.com/common/flags/NED.gif,QUAEDVLIEG Lars,UNI,19/01/1995,37
907,(2424),https://cqranking.com/common/flags/NED.gif,GAL Ryan,MET,07/03/2005,37
908,(1004),https://cqranking.com/common/flags/CRC.gif,RAMIREZ GONZALEZ Donovan,-,03/05/2002,37
909,(980),https://cqranking.com/common/flags/ITA.gif,KAJAMINI Florian Samuel,MBH,28/02/2003,37
910,(1019),https://cqranking.com/common/flags/NZL.gif,BOWER Lewis,GFC,14/10/2004,37
911,(687),https://cqranking.com/common/flags/ITA.gif,PARISINI Nicolo,PQT,25/04/2000,37
912,(146),https://cqranking.com/common/flags/ESP.gif,LANDA MEANA Mikel,SOQ,13/12/1989,37
913,(1335),https://cqranking.com/common/flags/VEN.gif,ABREU SOLER Jorge Luis,-,16/03/1990,37
914,(1499),https://cqranking.com/common/flags/CAN.gif,PLAMONDON Joel,-,05/09/2002,37
915,(2443),https://cqranking.com/common/flags/POL.gif,GOSZCZURNY Patryk,VLD,14/03/2006,37
916,(783),https://cqranking.com/common/flags/UAE.gif,JASIM ALALI Abdulla,UAZ,17/01/2003,36
917,(-),https://cqranking.com/common/flags/SUI.gif,JENNI Luca,RRS,06/05/2002,36
918,(-),https://cqranking.com/common/flags/COL.gif,GUAVITA CAMACHO Cesar David,BES,13/01/2002,36
919,(1653),https://cqranking.com/common/flags/ECU.gif,GUAMA DE LA CRUZ Bayron Patricio,BES,14/06/1985,36
920,(2596),https://cqranking.com/common/flags/POR.gif,CARVALHO Gonçalo Henrique Matos,TAV,03/12/1997,36
921,(-),https://cqranking.com/common/flags/GBR.gif,CHARLTON Josh,IGA,10/02/2003,36
922,(481),https://cqranking.com/common/flags/BEL.gif,VANHOUCKE Harm,PQT,17/06/1997,36
923,(750),https://cqranking.com/common/flags/SUI.gif,WEISS Fabian,TUD,11/04/2002,36
924,(1029),https://cqranking.com/common/flags/ITA.gif,GALIMBERTI Lorenzo,SWT,02/01/2001,36
925,(1366),https://cqranking.com/common/flags/CAN.gif,VALENTI Luke,-,05/06/2004,36
926,(777),https://cqranking.com/common/flags/NZL.gif,THOMPSON Reuben,LOI,15/02/2001,36
927,(1145),https://cqranking.com/common/flags/CRC.gif,BRENES MATA Sebastian,CAJ,10/08/2000,35
928,(733),https://cqranking.com/common/flags/IRL.gif,CROCKETT Finn,VWE,30/06/1999,35
929,(1011),https://cqranking.com/common/flags/SWE.gif,FORSSELL Hugo,-,04/01/1999,35
930,(2835),https://cqranking.com/common/flags/GER.gif,CHARROIS Leo,-,10/10/1998,35
931,(1240),https://cqranking.com/common/flags/NOR.gif,HAUGLAND Kasper,DCD,27/03/2005,35
932,(299),https://cqranking.com/common/flags/AUS.gif,HOWSON Damien,PQT,13/08/1992,35
933,(-),https://cqranking.com/common/flags/FRA.gif,ADAM Guillaume,VCR,20/02/2002,35
934,(2293),https://cqranking.com/common/flags/ESP.gif,MUÑOZ GABIÑA Hodei,-,01/08/2006,35
935,(-),https://cqranking.com/common/flags/ERI.gif,TESFALEM Natan,-,13/08/2007,35
936,(930),https://cqranking.com/common/flags/IRL.gif,O'BRIEN Liam,LTF,16/03/2005,35
937,(703),https://cqranking.com/common/flags/PAN.gif,ARCHIBOLD CASTILLO Franklin,-,24/08/1997,35
938,(2131),https://cqranking.com/common/flags/FRA.gif,MAINGUENAUD Tom,NMC,13/08/2000,35
939,(-),https://cqranking.com/common/flags/FRA.gif,BARRILLOT Bohémond,AIX,08/04/2004,35
940,(1021),https://cqranking.com/common/flags/GBR.gif,SMITHSON Jed,HBG,19/08/2005,35
941,(273),https://cqranking.com/common/flags/GBR.gif,STEWART Jake,NSN,02/10/1999,35
942,(1446),https://cqranking.com/common/flags/RUS.gif,STEPANOV Andrey,CDT,18/04/1999,35
943,(876),https://cqranking.com/common/flags/DEN.gif,ROSENLUND RICHTER Stian,GSH,04/04/2002,35
944,(658),https://cqranking.com/common/flags/FRA.gif,PALENI Enzo,GFC,30/05/2002,35
945,(565),https://cqranking.com/common/flags/DEN.gif,DALBY Simon,UXM,29/01/2003,35
946,(-),https://cqranking.com/common/flags/USA.gif,CAUDELL Ezra,MAP,08/09/2006,35
947,(-),https://cqranking.com/common/flags/SUI.gif,ZUMSTEIN Melk,-,14/10/2005,34
948,(2221),https://cqranking.com/common/flags/ITA.gif,PIRAS Andrea,TFT,05/02/2002,34
949,(620),https://cqranking.com/common/flags/DEN.gif,STOKBRO Andreas Nielsen,TCQ,08/04/1997,34
950,(-),https://cqranking.com/common/flags/NED.gif,KROONEN Max,BCY,23/08/2000,34
951,(286),https://cqranking.com/common/flags/FRA.gif,DOUBEY Fabien,TEN,21/10/1993,34
952,(621),https://cqranking.com/common/flags/USA.gif,SIMMONS Colby,EFE,16/10/2003,34
953,(1433),https://cqranking.com/common/flags/URU.gif,ASCONEGUY DIAZ Roderyck,-,20/06/1990,33
954,(1649),https://cqranking.com/common/flags/BEL.gif,SCHOOFS Jasper,SQD,30/03/2006,33
955,(39),https://cqranking.com/common/flags/USA.gif,POWLESS Neilson,EFE,03/09/1996,33
956,(958),https://cqranking.com/common/flags/NOR.gif,FELDMANN Karsten Larsen,URR,28/03/2003,33
957,(919),https://cqranking.com/common/flags/NED.gif,KRIJNSEN Jelte,JAY,12/05/2001,33
958,(765),https://cqranking.com/common/flags/LAT.gif,BOGDANOVICS Maris,FNX,19/11/1991,33
959,(1976),https://cqranking.com/common/flags/NZL.gif,GARDNER James,TSG,18/03/2005,33
960,(2226),https://cqranking.com/common/flags/ITA.gif,NENCINI Tommaso,TFT,10/09/2000,33
961,(1670),https://cqranking.com/common/flags/LUX.gif,BETTENDORFF Loïc,HAC,28/04/2001,33
962,(1149),https://cqranking.com/common/flags/NED.gif,REEMEIJER Niels,HST,04/07/2002,33
963,(2289),https://cqranking.com/common/flags/GBR.gif,LIGHTFOOT Mark,AIX,26/06/2005,33
964,(660),https://cqranking.com/common/flags/ESP.gif,MINTEGI CLAVER Iker,EUS,15/11/2002,33
965,(1237),https://cqranking.com/common/flags/ITA.gif,CATTANI Alessandro,TER,08/03/2005,33
966,(1351),https://cqranking.com/common/flags/AUT.gif,ZANGERLE Emanuel,VBG,24/09/2000,33
967,(2819),https://cqranking.com/common/flags/ITA.gif,DELLE VEDOVE Alessio,XAD,11/02/2004,33
968,(952),https://cqranking.com/common/flags/GBR.gif,PATTINSON Tomos,EFA,17/10/2005,33
969,(1067),https://cqranking.com/common/flags/BER.gif,HOPKINS Kaden,A6C,24/03/2000,32
970,(768),https://cqranking.com/common/flags/KAZ.gif,KUZMIN Anton,XAT,20/11/1996,32
971,(1032),https://cqranking.com/common/flags/LAT.gif,KLISMETS Karlis,ENT,17/07/2003,32
972,(928),https://cqranking.com/common/flags/RWA.gif,MASENGESHO Vainqueur,BBT,01/01/2002,32
973,(730),https://cqranking.com/common/flags/POL.gif,BANASZEK Norbert,ATT,18/06/1997,32
974,(1044),https://cqranking.com/common/flags/ALG.gif,ASSAL Mohamed Nadjib,MPT,07/06/1999,32
975,(899),https://cqranking.com/common/flags/BEL.gif,TAILLIEU Aldo,VLD,10/02/2006,32
976,(1001),https://cqranking.com/common/flags/VEN.gif,LINAREZ MENESES Leangel Ruben,TAV,07/08/1997,32
977,(974),https://cqranking.com/common/flags/COL.gif,PEÑA MOLANO Wilson Estiben,ESC,07/04/1998,32
978,(1137),https://cqranking.com/common/flags/BER.gif,NARRAWAY Nicholas,CER,28/06/2002,31
979,(1699),https://cqranking.com/common/flags/FRA.gif,JEAN Victor,EFC,03/10/2003,31
980,(853),https://cqranking.com/common/flags/USA.gif,BRUNNER Eric,PEC,01/12/1998,31
981,(839),https://cqranking.com/common/flags/DEN.gif,PRICE-PEJTERSEN Johan,APT,26/05/1999,31
982,(656),https://cqranking.com/common/flags/RSA.gif,JANSE VAN RENSBURG Reinardt,TPC,03/02/1989,31
983,(633),https://cqranking.com/common/flags/COL.gif,CONTRERAS PINZON Rodrigo,TNC,02/06/1994,31
984,(1507),https://cqranking.com/common/flags/LAT.gif,SKRAPCIS Olivers Jekabs,ENT,29/08/2006,31
985,(268),https://cqranking.com/common/flags/SUI.gif,PELLAUD Simon,LNS,06/11/1992,31
986,(2502),https://cqranking.com/common/flags/ALG.gif,SAIDI Nassim,MPT,09/12/1994,31
987,(2836),https://cqranking.com/common/flags/FRA.gif,HUE Antoine,VCR,17/12/2004,31
988,(-),https://cqranking.com/common/flags/POR.gif,FERNANDES Jose Carlos Prates Neves,GSU,30/10/1995,31
989,(557),https://cqranking.com/common/flags/ITA.gif,TAROZZI Manuele,BCS,20/06/1998,31
990,(964),https://cqranking.com/common/flags/SLO.gif,MEZGEC Luka,JAY,27/06/1988,31
991,(1232),https://cqranking.com/common/flags/ITA.gif,MILAN Matteo,GFC,22/01/2003,31
992,(1015),https://cqranking.com/common/flags/SUI.gif,TENDON Arnaud,VRR,06/11/2002,31
993,(-),https://cqranking.com/common/flags/NZL.gif,WILSON Matthew,-,15/09/2001,30
994,(2023),https://cqranking.com/common/flags/ECU.gif,MONTENEGRO NARVAEZ Jimmy Santiago,BES,15/05/1998,30
995,(1739),https://cqranking.com/common/flags/GRE.gif,GIANNOUTSOS Miltiadis,-,18/08/1997,30
996,(-),https://cqranking.com/common/flags/TUR.gif,SAMLI Feritcan,STC,29/01/1994,30
997,(982),https://cqranking.com/common/flags/POR.gif,LOPES Lucas Simoes,EFP,10/04/2003,30
998,(1278),https://cqranking.com/common/flags/BEL.gif,VERGAERDE Otto,LTK,15/07/1994,30
999,(1134),https://cqranking.com/common/flags/BEL.gif,BASTIAENS Ayco,SOQ,03/06/1996,30
1000,(921),https://cqranking.com/common/flags/BEL.gif,VAN HAUTEGEM Leander,TFB,09/03/2003,30
1001,(-),https://cqranking.com/common/flags/FRA.gif,LAYRAC Gabriel,AIX,10/11/2006,30
1002,(1558),https://cqranking.com/common/flags/FRA.gif,FAURE PROST Alexy,TPP,22/04/2004,30
1003,(933),https://cqranking.com/common/flags/NED.gif,KRUIJSWIJK Steven,TVL,07/06/1987,30
1004,(-),https://cqranking.com/common/flags/ITA.gif,ANASTASIA Tommaso,TER,12/11/2006,30
1005,(409),https://cqranking.com/common/flags/GBR.gif,SWIFT Ben,NCI,05/11/1987,30
1006,(1222),https://cqranking.com/common/flags/POL.gif,PAWLAK Tobiasz,ATT,24/11/1995,30
1007,(2361),https://cqranking.com/common/flags/URU.gif,RODRIGUEZ RAMOS Diego Leonel,-,10/10/1995,30
1008,(1620),https://cqranking.com/common/flags/BEL.gif,DE BRUYCKERE Kay,PSC,21/03/2004,30
1009,(1833),https://cqranking.com/common/flags/ESP.gif,RETEGI GOÑI Mikel,EKP,27/04/2001,30
1010,(1588),https://cqranking.com/common/flags/SWE.gif,DE LUCA Teodor,LUC,27/02/2006,30
1011,(776),https://cqranking.com/common/flags/AUS.gif,HAMILTON Lucas,NCI,12/02/1996,30
1012,(2227),https://cqranking.com/common/flags/GBR.gif,STOCKWELL Oliver,TBV,07/06/2002,30
1013,(-),https://cqranking.com/common/flags/USA.gif,MARIS Jesse,-,19/03/2004,30
1014,(1244),https://cqranking.com/common/flags/BEL.gif,FRISON Frederik,PQT,28/07/1992,30
1015,(1923),https://cqranking.com/common/flags/CRC.gif,CALDERON CASALVOLONE Sebastian,-,24/06/2003,30
1016,(2456),https://cqranking.com/common/flags/JPN.gif,HAYASHIBARA Shoma,SMN,25/10/2003,30
1017,(-),https://cqranking.com/common/flags/IRL.gif,MCGEOUGH Cormac,7RP,11/08/1996,30
1018,(778),https://cqranking.com/common/flags/ITA.gif,MORO Manlio,MOV,17/03/2002,30
1019,(513),https://cqranking.com/common/flags/DEN.gif,WANDAHL Frederik,RBH,09/05/2001,30
1020,(1993),https://cqranking.com/common/flags/IRI.gif,SOHRABI Mehdi,-,12/10/1981,30
1021,(872),https://cqranking.com/common/flags/NED.gif,PAASSCHENS Mathijs,TBV,18/03/1996,30
1022,(309),https://cqranking.com/common/flags/FRA.gif,ROCHAS Rémy,GFC,18/05/1996,30
1023,(2408),https://cqranking.com/common/flags/RSA.gif,KIECK Blaine,-,10/05/2004,30
1024,(1000),https://cqranking.com/common/flags/BEL.gif,DESAL Cériel,SQD,20/10/1999,29
1025,(1281),https://cqranking.com/common/flags/GER.gif,CARSTENSEN Lucas,KIN,16/06/1994,29
1026,(931),https://cqranking.com/common/flags/COL.gif,HERREÑO POLANIA Martin Santiago,BCS,13/09/2006,29
1027,(653),https://cqranking.com/common/flags/FRA.gif,GUGLIELMI Simon,AUB,01/07/1997,29
1028,(1716),https://cqranking.com/common/flags/INA.gif,RIZQI Dimas Nur Fadhil,JPC,12/05/2006,29
1029,(2626),https://cqranking.com/common/flags/TUR.gif,DEPE Serdar Anil,STC,20/02/1998,29
1030,(1252),https://cqranking.com/common/flags/ITA.gif,AMBROSINI Matteo,MBH,23/04/2002,29
1031,(634),https://cqranking.com/common/flags/FRA.gif,VERSCHUREN Killian,URR,20/10/2002,29
1032,(1359),https://cqranking.com/common/flags/COL.gif,MESA PIETRALUNGA Santiago,ACR,11/11/1997,28
1033,(775),https://cqranking.com/common/flags/ESP.gif,FERNANDEZ ANDUJAR Ruben,ACR,01/03/1991,28
1034,(492),https://cqranking.com/common/flags/FRA.gif,BRUNEL Alexys,TEN,10/10/1998,28
1035,(-),https://cqranking.com/common/flags/SUI.gif,HALDIMANN Guillaume,-,15/10/2002,28
1036,(1110),https://cqranking.com/common/flags/NOR.gif,DOLVEN Halvor,LWD,13/04/2004,28
1037,(1417),https://cqranking.com/common/flags/GER.gif,BORRESCH Julian,RRN,19/03/2002,28
1038,(913),https://cqranking.com/common/flags/PAN.gif,ESPINOSA SERRANO Bolivar,-,08/12/1996,28
1039,(1108),https://cqranking.com/common/flags/ITA.gif,CANTONI Andrea,MGK,11/09/2000,27
1040,(939),https://cqranking.com/common/flags/FRA.gif,CAPRON Rémi,VRR,18/06/2000,27
1041,(529),https://cqranking.com/common/flags/NZL.gif,WRIGHT Paul,MAP,03/02/1998,27
1042,(1684),https://cqranking.com/common/flags/GBR.gif,BROUGH Jack,AIX,23/07/2003,27
1043,(1023),https://cqranking.com/common/flags/FRA.gif,BLAISE Arthur,AAR,15/03/2005,27
1044,(2229),https://cqranking.com/common/flags/DEN.gif,DAHL Gustav Frederik,TGS,27/11/2000,27
1045,(1132),https://cqranking.com/common/flags/BEL.gif,KUYPERS Gerben,PSC,01/02/2000,27
1046,(1904),https://cqranking.com/common/flags/USA.gif,LOPEZ DE SAN ROMAN Ian,MAP,28/10/2003,27
1047,(1581),https://cqranking.com/common/flags/GBR.gif,BROOKES Joseph,AIX,14/09/2004,27
1048,(831),https://cqranking.com/common/flags/BEL.gif,COPPENS Michiel,BCY,17/12/2002,27
1049,(2317),https://cqranking.com/common/flags/GBR.gif,RIWNYJ Danylo,-,02/03/1999,26
1050,(1639),https://cqranking.com/common/flags/COL.gif,ROJAS VEGA Brandon Alejandro,GES,02/07/2002,26
1051,(1797),https://cqranking.com/common/flags/MGL.gif,IDERBOLD Bold,CDT,27/06/1998,26
1052,(1100),https://cqranking.com/common/flags/HUN.gif,PELIKAN Janos,TUS,19/04/1995,26
1053,(1345),https://cqranking.com/common/flags/KOR.gif,KIM Eu-ro,LXC,07/10/1999,26
1054,(1852),https://cqranking.com/common/flags/NED.gif,VAN DEN EIJNDEN Guus,APD,03/10/2005,26
1055,(2398),https://cqranking.com/common/flags/ITA.gif,REGNANTI Matteo,TFT,27/07/2001,26
1056,(1084),https://cqranking.com/common/flags/ITA.gif,PIETROBON Andrea,PTV,11/03/1999,26
1057,(-),https://cqranking.com/common/flags/SWE.gif,LOVIDIUS Gustav,-,27/08/2004,26
1058,(1271),https://cqranking.com/common/flags/EST.gif,KÜÜT Oskar,QPT,20/09/2005,26
1059,(2291),https://cqranking.com/common/flags/COL.gif,CRUZ MARTINEZ Edward Santiago,BCS,05/07/2006,26
1060,(582),https://cqranking.com/common/flags/ESP.gif,SAMITIER SAMITIER Sergio,COF,31/08/1995,26
1061,(1459),https://cqranking.com/common/flags/ITA.gif,NESPOLI Lorenzo,MBH,30/09/2004,26
1062,(1853),https://cqranking.com/common/flags/ALB.gif,KAMBERAJ Valentino,TSL,11/05/2005,25
1063,(-),https://cqranking.com/common/flags/COL.gif,QUINTERO OSORNO Juan Diego,IGA,20/09/2006,25
1064,(1143),https://cqranking.com/common/flags/DEN.gif,SVARRE Tobias,UXM,19/07/2004,25
1065,(969),https://cqranking.com/common/flags/FRA.gif,OURSELIN Paul,COF,13/04/1994,25
1066,(452),https://cqranking.com/common/flags/BEL.gif,ALLEGAERT Piet,COF,20/01/1995,25
1067,(-),https://cqranking.com/common/flags/ITA.gif,SANFILIPPO Cristian,BIE,27/02/2006,25
1068,(1003),https://cqranking.com/common/flags/NED.gif,RASENBERG Martijn,URR,09/11/2001,25
1069,(751),https://cqranking.com/common/flags/BEL.gif,VERVENNE Jonathan,SOQ,27/05/2003,25
1070,(2717),https://cqranking.com/common/flags/BEL.gif,DE CLERCQ Matthijs,SQD,23/01/2006,25
1071,(1209),https://cqranking.com/common/flags/GBR.gif,PEACE Oliver,TPP,02/04/2005,25
1072,(984),https://cqranking.com/common/flags/ALG.gif,MIMOUNI Oussama Abdellah,MPT,27/03/2003,25
1073,(966),https://cqranking.com/common/flags/BEL.gif,VAN LERBERGHE Bert,SOQ,29/09/1992,25
1074,(1112),https://cqranking.com/common/flags/NOR.gif,LAENGEN Vegard Stake,UEX,07/02/1989,25
1075,(1666),https://cqranking.com/common/flags/POR.gif,SALGUEIRO Carlos Miguel Leite,TCA,09/06/1999,25
1076,(819),https://cqranking.com/common/flags/KAZ.gif,REMKHI Rudolf,BKC,05/10/2003,25
1077,(1046),https://cqranking.com/common/flags/CZE.gif,REHA Filip,ATT,12/03/2001,25
1078,(2247),https://cqranking.com/common/flags/BEL.gif,VERMOOTE Jelle,TIS,29/08/2001,25
1079,(1504),https://cqranking.com/common/flags/CYP.gif,ZABELINSKIY Bogdan,AAR,12/01/2005,25
1080,(985),https://cqranking.com/common/flags/BEL.gif,DEMAN Brem,TFB,16/05/2002,25
1081,(2559),https://cqranking.com/common/flags/SUI.gif,GINTER Nicolas,TIR,05/02/2006,25
1082,(651),https://cqranking.com/common/flags/GBR.gif,KNOX James,TPP,04/11/1995,25
1083,(1533),https://cqranking.com/common/flags/SWE.gif,ERIKSSON Jacob,TUD,01/10/1999,25
1084,(1272),https://cqranking.com/common/flags/TUR.gif,YILMAZ Ramazan,KBB,24/01/2005,25
1085,(1738),https://cqranking.com/common/flags/HUN.gif,PEAK Barnabas,MBH,29/11/1998,25
1086,(1043),https://cqranking.com/common/flags/COL.gif,LOPEZ RIVERA Robinson Fabian,GES,17/09/1996,25
1087,(811),https://cqranking.com/common/flags/ITA.gif,VILLA Giacomo,BIE,29/01/2002,25
1088,(705),https://cqranking.com/common/flags/POL.gif,BUDZINSKI Tomasz,ATT,24/04/1998,25
1089,(639),https://cqranking.com/common/flags/FRA.gif,JOALLAND Yael,COF,20/09/2000,25
1090,(-),https://cqranking.com/common/flags/FRA.gif,LANGELLA Lénaïc,CIC,14/06/2004,24
1091,(-),https://cqranking.com/common/flags/EST.gif,MÄTIK Oliver,TUU,03/06/2006,24
1092,(1651),https://cqranking.com/common/flags/ITA.gif,BICELLI Michele,BIE,11/06/2006,24
1093,(735),https://cqranking.com/common/flags/ERI.gif,YEMANE Even,BAI,19/08/2005,24
1094,(2821),https://cqranking.com/common/flags/ITA.gif,BOZZOLA Mirko,PAD,20/02/2004,24
1095,(1202),https://cqranking.com/common/flags/GUA.gif,RODAS OCHOA Manuel Oseas,-,05/07/1984,24
1096,(897),https://cqranking.com/common/flags/TUR.gif,BULUT Samet,BKC,18/08/2002,24
1097,(-),https://cqranking.com/common/flags/ARG.gif,DOMINGUEZ CAMPOS Mauricio Ricardo,-,22/12/2001,24
1098,(1107),https://cqranking.com/common/flags/ITA.gif,D'AMATO Andrea,TUK,14/11/2002,24
1099,(1258),https://cqranking.com/common/flags/TUR.gif,ÖRKEN Ahmet,STC,12/03/1993,24
1100,(572),https://cqranking.com/common/flags/SVK.gif,SCHWARZBACHER Matthias,EFE,22/12/2005,24
1101,(2588),https://cqranking.com/common/flags/CZE.gif,ZAHALKA Matej,KCR,04/12/1993,24
1102,(2825),https://cqranking.com/common/flags/AUS.gif,MCKENZIE Hamish,JAY,13/09/2004,24
1103,(1644),https://cqranking.com/common/flags/NED.gif,DORENBOS Yanne,AVV,15/09/2000,24
1104,(-),https://cqranking.com/common/flags/NZL.gif,PRESBURY Jeremy,NZP,07/08/1995,24
1105,(-),https://cqranking.com/common/flags/ERI.gif,EFREM Nftalem,-,30/10/2007,24
1106,(-),https://cqranking.com/common/flags/CZE.gif,SUMPIK Pavel,DPP,11/09/2006,24
1107,(1297),https://cqranking.com/common/flags/SRB.gif,DJURIC Djordje,TFT,21/06/2000,24
1108,(-),https://cqranking.com/common/flags/HUN.gif,TOTH Marko,TUS,06/09/2005,24
1109,(972),https://cqranking.com/common/flags/POR.gif,NUNES Hugo Rafael Andrade,LAA,17/11/1996,24
1110,(849),https://cqranking.com/common/flags/ITA.gif,SAVINO Federico,SQD,10/07/2004,24
1111,(-),https://cqranking.com/common/flags/USA.gif,WELCH Patrick,APS,19/04/2001,24
1112,(-),https://cqranking.com/common/flags/BRA.gif,MELO Alex Ferreira,-,17/11/1993,24
1113,(1983),https://cqranking.com/common/flags/BRA.gif,METZGER Gabriel,-,13/09/2001,23
1114,(1027),https://cqranking.com/common/flags/SLO.gif,PRIMOZIC Jaka,HAC,08/12/1998,23
1115,(1832),https://cqranking.com/common/flags/ESP.gif,LOPEZ CUESTA Joseba,CJR,05/03/2000,23
1116,(-),https://cqranking.com/common/flags/VEN.gif,MENDEZ PEREZ Diego Alejandro,-,11/10/2006,23
1117,(1127),https://cqranking.com/common/flags/ITA.gif,BATTISTELLA Samuele,EFE,14/11/1998,23
1118,(-),https://cqranking.com/common/flags/GER.gif,BALLERSTEDT Maurice,APT,16/01/2001,23
1119,(1506),https://cqranking.com/common/flags/BEL.gif,VAN GILS Lucas,LWD,15/09/2006,23
1120,(549),https://cqranking.com/common/flags/FRA.gif,HUBY Antoine,7RP,19/01/2001,23
1121,(-),https://cqranking.com/common/flags/CHN.gif,CHEN Yusheng,CAT,07/05/2004,23
1122,(836),https://cqranking.com/common/flags/JPN.gif,OKA Atsushi,ABZ,03/09/1995,23
1123,(2848),https://cqranking.com/common/flags/FRA.gif,SANCHEZ Clément,VDU,01/10/2005,23
1124,(1284),https://cqranking.com/common/flags/PAN.gif,JURADO LOPEZ Christofer Robin,-,27/10/1995,23
1125,(2710),https://cqranking.com/common/flags/GER.gif,SCHEMPP Oscar,BAI,18/03/2005,23
1126,(2803),https://cqranking.com/common/flags/SUI.gif,SOMMER Jan,EFC,22/08/2000,23
1127,(2791),https://cqranking.com/common/flags/COL.gif,GOMEZ JARAMILLO Nicolas David,GES,27/05/2000,23
1128,(1867),https://cqranking.com/common/flags/ALG.gif,RIAHI Anes,MPT,10/05/2006,23
1129,(-),https://cqranking.com/common/flags/ITA.gif,CETTOLIN Filippo,BCS,23/06/2006,23
1130,(816),https://cqranking.com/common/flags/UZB.gif,KHALMURATOV Muradjan,SAB,11/06/1982,23
1131,(1488),https://cqranking.com/common/flags/NOR.gif,AARNES Daniel Smajkic,VRR,06/06/2000,23
1132,(1327),https://cqranking.com/common/flags/UAE.gif,ALMUTAIWEI Mohamed,UAZ,28/11/2003,23
1133,(1489),https://cqranking.com/common/flags/BRA.gif,ROSSI Joao Pedro,LMS,02/10/1999,23
1134,(1897),https://cqranking.com/common/flags/RWA.gif,MUHOZA Eric,AMN,01/01/2002,23
1135,(562),https://cqranking.com/common/flags/ITA.gif,MILESI Nicolas,IGA,22/07/2004,22
1136,(1511),https://cqranking.com/common/flags/MDA.gif,SEREMET Ilie,-,23/03/1993,22
1137,(618),https://cqranking.com/common/flags/SLO.gif,RAVBAR Anze,FRT,11/05/2005,22
1138,(1061),https://cqranking.com/common/flags/ESP.gif,ALUSTIZA GOENAGA Nicolas,EUS,04/01/2003,22
1139,(1308),https://cqranking.com/common/flags/SUR.gif,SIMSON Jorryn,-,01/06/2001,22
1140,(-),https://cqranking.com/common/flags/USA.gif,SHERRY Gavin,-,11/05/2004,22
1141,(-),https://cqranking.com/common/flags/CPV.gif,SOARES Eliezer,-,08/04/1995,22
1142,(2054),https://cqranking.com/common/flags/INA.gif,ROYAN Muhammad Andy,NCT,03/09/2003,22
1143,(1574),https://cqranking.com/common/flags/MAC.gif,KAM Chin Pok,CAT,08/03/2003,22
1144,(1503),https://cqranking.com/common/flags/GBR.gif,BUSH Jacob,DPP,02/06/2005,22
1145,(2032),https://cqranking.com/common/flags/URU.gif,ALONSO TORRES Agustin,-,18/09/1996,22
1146,(1076),https://cqranking.com/common/flags/HON.gif,MENENDEZ PEREIRA Hector Manuel,-,01/06/2005,22
1147,(2439),https://cqranking.com/common/flags/SIN.gif,LIM Bing Yi Eamon,-,21/03/2005,22
1148,(2786),https://cqranking.com/common/flags/MGL.gif,ERDENEBAT Bilguunjargal,KSZ,07/03/1997,22
1149,(1603),https://cqranking.com/common/flags/VIN.gif,ANTROBUS Lucky,-,03/01/1992,22
1150,(1724),https://cqranking.com/common/flags/ANT.gif,WHITTAKER Alexander,-,10/04/1991,22
1151,(1231),https://cqranking.com/common/flags/ROU.gif,VAIDIAN Iustin-Ioan,MEN,05/01/2001,22
1152,(2025),https://cqranking.com/common/flags/ZIM.gif,CHIKWAKA Andrew,-,14/09/1996,22
1153,(1316),https://cqranking.com/common/flags/LCA.gif,ALPHONSE Denver,-,14/07/2007,22
1154,(702),https://cqranking.com/common/flags/RSA.gif,ORMISTON Callum,THT,02/08/2000,22
1155,(1613),https://cqranking.com/common/flags/ISL.gif,JONSSON David,-,13/11/2004,22
1156,(1268),https://cqranking.com/common/flags/ESP.gif,FERNANDEZ RODRIGUEZ Sinuhe,BBH,15/06/2000,22
1157,(-),https://cqranking.com/common/flags/BEL.gif,VANDEN EYNDE Mats,LTF,12/01/2007,22
1158,(1314),https://cqranking.com/common/flags/SEY.gif,GABRIEL Jahdel,-,16/01/2005,22
1159,(-),https://cqranking.com/common/flags/COL.gif,FLOREZ GARCES Samuel Alejandro,MAP,28/07/2005,22
1160,(943),https://cqranking.com/common/flags/NOR.gif,FOUGNER Eivind Broholt,URR,02/03/2003,22
1161,(1292),https://cqranking.com/common/flags/KOS.gif,NUHA Blerton,CLN,26/08/2000,22
1162,(1184),https://cqranking.com/common/flags/JPN.gif,IMAMURA Shunsuke,LWD,14/02/1998,21
1163,(1256),https://cqranking.com/common/flags/ITA.gif,CAPRA Thomas,BVD,03/02/2005,21
1164,(1059),https://cqranking.com/common/flags/ITA.gif,PETTITI Nicolo,SWT,10/08/2002,21
1165,(2433),https://cqranking.com/common/flags/ITA.gif,BAMBAGIONI Tommaso,TER,27/04/2005,21
1166,(-),https://cqranking.com/common/flags/GBR.gif,BRIGHT Benjamin,-,01/05/2003,21
1167,(875),https://cqranking.com/common/flags/NED.gif,VAN SINTMAARTENSDIJK Roel,LOI,08/05/2001,21
1168,(2233),https://cqranking.com/common/flags/BEL.gif,ORINS Robin,LOI,06/03/2002,21
1169,(769),https://cqranking.com/common/flags/DEN.gif,FRYDKJAER Patrick Boje,LTF,19/03/2005,21
1170,(932),https://cqranking.com/common/flags/FRA.gif,BOULET Eliott,CGF,07/09/2006,21
1171,(-),https://cqranking.com/common/flags/NOR.gif,MESSEL Kevin Andre Sandli,RSK,02/07/2004,21
1172,(2090),https://cqranking.com/common/flags/GBR.gif,ROSSITER Matthew,-,25/09/1989,21
1173,(-),https://cqranking.com/common/flags/ESP.gif,BENITO GONZALEZ Adrian,PTV,07/06/2004,21
1174,(756),https://cqranking.com/common/flags/ITA.gif,CATALDO Lorenzo,CNM,07/11/1999,21
1175,(-),https://cqranking.com/common/flags/BEL.gif,DE KEERSMAEKER Mathias,LWD,12/03/2007,21
1176,(2242),https://cqranking.com/common/flags/ITA.gif,RACCAGNI Gabriele,PTV,05/02/2003,21
1177,(961),https://cqranking.com/common/flags/POR.gif,GONÇALVES Diogo Henrique Ferreira,EFP,15/05/2001,21
1178,(1607),https://cqranking.com/common/flags/KAZ.gif,PRONSKIY Daniil,VNQ,04/06/2000,21
1179,(-),https://cqranking.com/common/flags/POR.gif,RODRIGUES Ruben Mota,BOA,06/07/2004,21
1180,(-),https://cqranking.com/common/flags/ISR.gif,RAMON Omer,NDT,05/06/2007,21
1181,(986),https://cqranking.com/common/flags/NOR.gif,ØRN-KRISTOFF Felix,LOI,15/03/2006,21
1182,(709),https://cqranking.com/common/flags/NED.gif,OTTEMA Rick,EEW,25/06/1992,21
1183,(942),https://cqranking.com/common/flags/NED.gif,VERHOEFF Stefan,UNI,08/03/1999,21
1184,(-),https://cqranking.com/common/flags/BEL.gif,MELOTTE Matteo,CCA,26/04/2004,20
1185,(681),https://cqranking.com/common/flags/FRA.gif,DE ROSSI Lucas,CAT,16/08/1995,20
1186,(1246),https://cqranking.com/common/flags/LUX.gif,WIRTGEN Luc,TUD,07/07/1998,20
1187,(1452),https://cqranking.com/common/flags/ECU.gif,ROSERO ROJAS Nixon Efrain,BES,24/01/2002,20
1188,(938),https://cqranking.com/common/flags/ARG.gif,COBARRUBIA LUCERO Leonardo Franco,-,26/03/1998,20
1189,(424),https://cqranking.com/common/flags/BEL.gif,CUYLITS Mauro,LWD,23/05/2005,20
1190,(1454),https://cqranking.com/common/flags/AUT.gif,STIEGER Adrian,SIC,13/07/2003,20
1191,(605),https://cqranking.com/common/flags/FRA.gif,GUERNALEC Victor,CIC,16/03/2000,20
1192,(742),https://cqranking.com/common/flags/NZL.gif,SEXTON Tom,STG,19/11/1998,20
1193,(649),https://cqranking.com/common/flags/ESP.gif,SAGRADO PEREZ Alvaro,TSM,28/11/2000,20
1194,(2041),https://cqranking.com/common/flags/ITA.gif,RIDOLFO Filippo,TNN,08/11/2001,20
1195,(677),https://cqranking.com/common/flags/GER.gif,HEIDEMANN Miguel,RRN,27/01/1998,20
1196,(534),https://cqranking.com/common/flags/SUI.gif,LIENHARD Fabian,TUD,03/09/1993,20
1197,(1155),https://cqranking.com/common/flags/MGL.gif,BATMUNKH Maral-Erdene,ROI,15/10/1994,20
1198,(2421),https://cqranking.com/common/flags/SUI.gif,AEBERSOLD Nils,EFC,15/02/2003,20
1199,(1102),https://cqranking.com/common/flags/GBR.gif,LEWIS Adam,APS,21/08/1995,20
1200,(382),https://cqranking.com/common/flags/IRI.gif,SAFARZADEH Saeid,TYD,21/09/1985,20
1201,(-),https://cqranking.com/common/flags/ESP.gif,TORRES ARIAS Jaime,UAZ,10/10/2007,20
1202,(610),https://cqranking.com/common/flags/AUT.gif,GAMPER Patrick,JAY,18/02/1997,20
1203,(694),https://cqranking.com/common/flags/NED.gif,MAAS Jan,COF,19/02/1996,20
1204,(1485),https://cqranking.com/common/flags/HKG.gif,NG Pak Hang,HKS,22/02/1999,20
1205,(1013),https://cqranking.com/common/flags/ITA.gif,LUCCA Riccardo,QPT,24/02/1997,20
1206,(1188),https://cqranking.com/common/flags/NED.gif,GELEIJN Owen,URR,14/01/2001,20
1207,(873),https://cqranking.com/common/flags/AUS.gif,DRIZNERS Jarrad,RBH,31/05/1999,20
1208,(832),https://cqranking.com/common/flags/FRA.gif,HOUCOU Emmanuel,PQT,14/02/2003,20
1209,(683),https://cqranking.com/common/flags/ISR.gif,TENE Rotem,NSN,30/03/2001,20
1210,(2357),https://cqranking.com/common/flags/GUA.gif,CANASTUJ CALEL José David,-,12/01/1997,20
1211,(994),https://cqranking.com/common/flags/COL.gif,CASTILLO MIRANDA Kevin David,-,15/11/2001,20
1212,(1225),https://cqranking.com/common/flags/ESP.gif,ARCAS PEÑA Jorge,MOV,08/07/1992,20
1213,(2712),https://cqranking.com/common/flags/AUT.gif,POSCHACHER Valentin,HAC,12/08/2006,20
1214,(1660),https://cqranking.com/common/flags/RSA.gif,BASSON Gustav,TPC,23/02/1996,20
1215,(1294),https://cqranking.com/common/flags/BOL.gif,MOYATA CRUZ Eduardo Edwin,PRC,07/02/2000,19
1216,(1371),https://cqranking.com/common/flags/FRA.gif,FABRIES Ugo,UAZ,03/08/2005,19
1217,(-),https://cqranking.com/common/flags/GUA.gif,CHONAY BATZ Wilson Ottoniel,HIN,14/02/2003,19
1218,(1208),https://cqranking.com/common/flags/BEL.gif,SANTY Arne,TIS,20/10/2000,19
1219,(2254),https://cqranking.com/common/flags/BEL.gif,PLACE Maxence,AAR,18/01/2004,19
1220,(854),https://cqranking.com/common/flags/CRC.gif,ROJAS CAMPOS Gabriel Francisco,-,09/02/2000,19
1221,(744),https://cqranking.com/common/flags/SRB.gif,STOLIC Mihajlo,BVD,15/02/2004,19
1222,(1348),https://cqranking.com/common/flags/FRA.gif,RETAILLEAU Valentin,TEN,18/06/2000,19
1223,(1392),https://cqranking.com/common/flags/PUR.gif,GONZALEZ RIVERA Abner,CDF,09/10/2000,19
1224,(1631),https://cqranking.com/common/flags/TTO.gif,NEAVES Jadian,-,28/03/2006,19
1225,(-),https://cqranking.com/common/flags/SRB.gif,NIKACEVIC Rastko,TUS,18/03/2007,19
1226,(-),https://cqranking.com/common/flags/BAR.gif,HUTCHINSON Liam,-,26/07/2005,19
1227,(2861),https://cqranking.com/common/flags/DEN.gif,NIELSEN Emil Nymand,NDT,13/04/2006,19
1228,(2248),https://cqranking.com/common/flags/FRA.gif,BEAUNE Mavric,VCR,27/11/2001,19
1229,(-),https://cqranking.com/common/flags/NED.gif,PETERS Marvin,EEW,28/04/2004,19
1230,(1206),https://cqranking.com/common/flags/COL.gif,PIRA PARADA Yesid Albeiro,HIN,28/06/1999,19
1231,(895),https://cqranking.com/common/flags/CMR.gif,KAMZONG ABOSSOLO Clovis,-,09/10/1991,19
1232,(-),https://cqranking.com/common/flags/NOR.gif,MARTINSEN Georg Rydningen,DRP,17/09/2005,19
1233,(-),https://cqranking.com/common/flags/CAN.gif,SMITH Adam,AIX,25/09/2006,19
1234,(-),https://cqranking.com/common/flags/PHI.gif,QUITA Ronnilan,7RP,23/01/1995,19
1235,(2052),https://cqranking.com/common/flags/CAY.gif,BODDEN Christopher,-,13/01/1994,19
1236,(1174),https://cqranking.com/common/flags/BIZ.gif,CHAVARRIA Derrick,CNM,17/08/2003,19
1237,(2210),https://cqranking.com/common/flags/ARG.gif,CONTTE Tomas,ALL,01/08/1998,19
1238,(1133),https://cqranking.com/common/flags/VEN.gif,VILORIA VIERAS Enmanuel David,-,11/08/2001,19
1239,(1362),https://cqranking.com/common/flags/MRI.gif,DE COMARMOND Aurelien,THT,03/10/2002,19
1240,(-),https://cqranking.com/common/flags/GEO.gif,KHUTSISHVILI Giorgi,-,04/09/2006,19
1241,(2426),https://cqranking.com/common/flags/MLI.gif,DIALLO Tiemoko,-,04/11/2003,19
1242,(585),https://cqranking.com/common/flags/HUN.gif,FELDHOFFER Balint,BVD,26/12/2005,18
1243,(-),https://cqranking.com/common/flags/GBR.gif,LAVERICK Joseph,-,06/12/2000,18
1244,(-),https://cqranking.com/common/flags/ROU.gif,CARBUNAREA Andrei,-,25/04/2005,18
1245,(1419),https://cqranking.com/common/flags/IRL.gif,PEDEN George,-,09/11/1999,18
1246,(1892),https://cqranking.com/common/flags/KAZ.gif,CHZHAN Igor,QPT,02/10/1999,18
1247,(1170),https://cqranking.com/common/flags/JPN.gif,KANEKO Sohei,-,14/11/1997,18
1248,(1333),https://cqranking.com/common/flags/SLO.gif,PETERLIN Nejc,ADR,17/08/2006,18
1249,(2525),https://cqranking.com/common/flags/FRA.gif,THEOT Hugo,-,17/08/2001,18
1250,(2217),https://cqranking.com/common/flags/ESP.gif,SANCHEZ MAYO Pelayo,MOV,27/03/2000,18
1251,(-),https://cqranking.com/common/flags/DOM.gif,OGANDO REYNOSO Jonathan,-,16/07/1985,18
1252,(532),https://cqranking.com/common/flags/GBR.gif,WALLS Matthew,TSM,20/04/1998,18
1253,(-),https://cqranking.com/common/flags/AUS.gif,WALSH Finlay,CBW,13/05/2003,18
1254,(1598),https://cqranking.com/common/flags/COL.gif,AGUIRRE CALPA Hernan Ricardo,TYD,13/12/1995,18
1255,(852),https://cqranking.com/common/flags/USA.gif,SWIRBUL Keegan,EFP,02/09/1995,18
1256,(-),https://cqranking.com/common/flags/GRE.gif,KOUSIS Georgios,-,12/10/2007,18
1257,(-),https://cqranking.com/common/flags/SWE.gif,OLARS Anton,-,31/07/2003,18
1258,(2540),https://cqranking.com/common/flags/JPN.gif,HASHIKAWA Takeshi Jo,KIN,06/02/2003,18
1259,(2302),https://cqranking.com/common/flags/ITA.gif,SAMBINELLO Enea,UAZ,09/02/2006,18
1260,(-),https://cqranking.com/common/flags/FRA.gif,DESRIAC Loïc,KSZ,21/07/1989,18
1261,(-),https://cqranking.com/common/flags/NZL.gif,HADEN Glenn,-,13/05/1983,18
1262,(1520),https://cqranking.com/common/flags/RSA.gif,GIBBONS Ryan,-,13/08/1994,18
1263,(1472),https://cqranking.com/common/flags/ROU.gif,PRECUP Horea-Stefan,-,08/11/2006,18
1264,(-),https://cqranking.com/common/flags/IRI.gif,HOSSEINI Hadi,-,07/02/1990,18
1265,(2505),https://cqranking.com/common/flags/BEL.gif,MOLLY Kenny,VRR,24/12/1996,18
1266,(2833),https://cqranking.com/common/flags/NOR.gif,HØYDAHL Jonas Kind,VLD,19/12/2005,18
1267,(915),https://cqranking.com/common/flags/NED.gif,LEIJNSE Enzo,ACR,16/07/2001,18
1268,(1608),https://cqranking.com/common/flags/USA.gif,SCALA Jr Hugo,MAP,29/12/1997,18
1269,(734),https://cqranking.com/common/flags/AUS.gif,MARRIAGE Zachary,NDT,12/11/2003,18
1270,(1602),https://cqranking.com/common/flags/CRC.gif,VARELA ZUÑIGA Yewinson Leandro,-,06/10/1995,18
1271,(1703),https://cqranking.com/common/flags/BUR.gif,YAMEOGO Saturnin,-,20/09/2001,18
1272,(1250),https://cqranking.com/common/flags/ESA.gif,RODRIGUEZ RODRIGUEZ Brandon Ulises,-,23/03/2001,17
1273,(1726),https://cqranking.com/common/flags/MNE.gif,LAZAREVIC Milos,-,08/06/1984,17
1274,(2144),https://cqranking.com/common/flags/TTO.gif,WOODS Tariq,-,15/01/2002,17
1275,(-),https://cqranking.com/common/flags/GRE.gif,WOODGATE Louis Joel,-,29/05/2002,17
1276,(291),https://cqranking.com/common/flags/GBR.gif,GEOGHEGAN HART Tao,LTK,30/03/1995,17
1277,(1081),https://cqranking.com/common/flags/BIZ.gif,WILLIAMS Cory,LLA,09/08/1993,17
1278,(669),https://cqranking.com/common/flags/ESP.gif,ALVAREZ RODRIGUEZ Rodrigo,BBH,24/08/1999,17
1279,(1197),https://cqranking.com/common/flags/NED.gif,VAN DER WERFF Thom,DPP,14/01/2005,17
1280,(-),https://cqranking.com/common/flags/GEO.gif,TARIELASHVILI Giorgi,-,04/11/2006,17
1281,(851),https://cqranking.com/common/flags/AUS.gif,DYBALL Benjamin,FNX,20/04/1989,17
1282,(-),https://cqranking.com/common/flags/BLR.gif,SLESARENKO Ilya,BIE,22/02/2007,17
1283,(845),https://cqranking.com/common/flags/SLO.gif,KOMAC Nejc,FRT,20/06/2003,17
1284,(1220),https://cqranking.com/common/flags/CZE.gif,BOROS Michael,KCR,09/08/1992,17
1285,(1538),https://cqranking.com/common/flags/HUN.gif,FETTER Erik,TUS,05/04/2000,17
1286,(1276),https://cqranking.com/common/flags/BIH.gif,KARIC Vedad,SUS,06/03/1988,17
1287,(2336),https://cqranking.com/common/flags/ESA.gif,JOYA Jose Dagoberto,-,30/06/1988,17
1288,(1312),https://cqranking.com/common/flags/NED.gif,DORUSSEN Johan,MET,09/08/2003,17
1289,(1310),https://cqranking.com/common/flags/DEN.gif,BIEHL Kevin,GEF,08/01/2004,17
1290,(2666),https://cqranking.com/common/flags/LTU.gif,ADOMAITIS Rokas,ENT,06/08/2004,17
1291,(2566),https://cqranking.com/common/flags/FRA.gif,VIDAL Victor,BAI,15/12/1998,17
1292,(2051),https://cqranking.com/common/flags/FRA.gif,MACE Marius,SCO,28/10/2002,17
1293,(-),https://cqranking.com/common/flags/GBR.gif,DAWSON Oliver,-,19/09/2006,17
1294,(1837),https://cqranking.com/common/flags/RSA.gif,LANGE Tyler,-,19/12/2003,17
1295,(1423),https://cqranking.com/common/flags/BEL.gif,VAN BYLEN Liam,DCD,27/02/2005,17
1296,(1800),https://cqranking.com/common/flags/BOT.gif,MOKALAKE Thabiso,-,23/02/1999,17
1297,(2017),https://cqranking.com/common/flags/BOL.gif,GONZALES SOTO Freddy,-,09/11/1994,17
1298,(-),https://cqranking.com/common/flags/ITA.gif,BUDA Simone,SOA,14/08/1999,17
1299,(1585),https://cqranking.com/common/flags/UZB.gif,TAKHIROV Diyor,SAB,25/12/2005,17
1300,(1153),https://cqranking.com/common/flags/USA.gif,JOHNSON Anders,-,26/02/1998,17
1301,(2400),https://cqranking.com/common/flags/POR.gif,BARBAS Rafael Elvas,TAV,27/06/2004,17
1302,(1148),https://cqranking.com/common/flags/POL.gif,GRUSZCZYNSKI Filip,MBH,13/02/2005,17
1303,(-),https://cqranking.com/common/flags/CHI.gif,QUIROZ MARTINEZ Tomas,PPZ,07/11/2002,17
1304,(1931),https://cqranking.com/common/flags/EST.gif,NISU Oskar,CAT,11/08/1994,17
1305,(1066),https://cqranking.com/common/flags/ECU.gif,HARO CRIOLLO Wilson Steven,4RF,05/01/1998,17
1306,(904),https://cqranking.com/common/flags/CRC.gif,OSES CAMPOS Luis Daniel,-,19/11/2001,17
1307,(1450),https://cqranking.com/common/flags/CZE.gif,RIMAN Jakub,ATT,23/11/2000,16
1308,(1194),https://cqranking.com/common/flags/PUR.gif,MORALES FONTAN Christopher,-,05/06/2002,16
1309,(1912),https://cqranking.com/common/flags/ESP.gif,AZNAR VIJUESCA Hugo,EKP,01/12/2003,16
1310,(-),https://cqranking.com/common/flags/CZE.gif,KADLEC Milan,KCR,27/04/2004,16
1311,(-),https://cqranking.com/common/flags/COL.gif,GORDILLO SANCHEZ Emerson Ronaldo,TNC,02/06/2005,16
1312,(-),https://cqranking.com/common/flags/FRA.gif,LAMBERT-WETZEL Tom,VVB,12/06/2005,16
1313,(1508),https://cqranking.com/common/flags/ITA.gif,FANTINI Christian,SOA,31/10/2006,16
1314,(770),https://cqranking.com/common/flags/THA.gif,SIRIRONNACHAI Sarawut,-,23/08/1992,16
1315,(2171),https://cqranking.com/common/flags/DEN.gif,MACHHOLDT Magnus,-,04/01/2003,16
1316,(1262),https://cqranking.com/common/flags/MAR.gif,EL KOURAJI Mohcine,-,01/12/1997,16
1317,(1977),https://cqranking.com/common/flags/TUR.gif,AKPINAR Ahmet,KBB,02/06/2002,16
1318,(-),https://cqranking.com/common/flags/IRL.gif,FEELEY Daire,-,04/12/1996,16
1319,(1677),https://cqranking.com/common/flags/UKR.gif,SYDOR Sergiy,HST,25/10/2002,16
1320,(2126),https://cqranking.com/common/flags/MAR.gif,BDADOU Youssef,-,18/06/2000,16
1321,(-),https://cqranking.com/common/flags/ERI.gif,BEREKET Naod,-,17/02/2007,16
1322,(2785),https://cqranking.com/common/flags/KAZ.gif,ZHUMAKAN Alisher,XAD,17/01/1997,16
1323,(-),https://cqranking.com/common/flags/ESP.gif,URKAREGI SANZ Eñaut,LTF,02/04/2007,16
1324,(-),https://cqranking.com/common/flags/CZE.gif,TOMAN Patrik,KCR,27/02/2005,16
1325,(-),https://cqranking.com/common/flags/BLR.gif,BABOVICH Mikita,BVD,19/04/2007,16
1326,(1664),https://cqranking.com/common/flags/MAS.gif,ZARIFF Muhammad Nur Aiman,TSG,01/10/1997,15
1327,(1173),https://cqranking.com/common/flags/BEL.gif,VANDEPUTTE Niels,APD,19/09/2000,15
1328,(-),https://cqranking.com/common/flags/GBR.gif,TANFIELD Charlie,-,17/11/1996,15
1329,(-),https://cqranking.com/common/flags/JAM.gif,FRANCIS Khalil,-,20/08/2007,15
1330,(-),https://cqranking.com/common/flags/SEN.gif,MEUNIER SOW Neriah,-,24/04/2005,15
1331,(2355),https://cqranking.com/common/flags/FRA.gif,AVOINE Kévin,VRR,14/11/1997,15
1332,(983),https://cqranking.com/common/flags/GBR.gif,SMITH William,VLD,21/03/2004,15
1333,(990),https://cqranking.com/common/flags/COL.gif,ARDILA ORDOÑEZ Andres Camilo,TNC,02/06/1999,15
1334,(-),https://cqranking.com/common/flags/SWE.gif,KARLSSON Anton,-,27/05/2007,15
1335,(-),https://cqranking.com/common/flags/SRB.gif,DAVIDOV Igor,-,09/10/2007,15
1336,(1041),https://cqranking.com/common/flags/BEL.gif,STOCKMAN Abram,URR,31/07/1996,15
1337,(2173),https://cqranking.com/common/flags/ITA.gif,GIALLI Matteo,-,25/10/2004,15
1338,(1175),https://cqranking.com/common/flags/BEL.gif,VANDENSTORME Dylan,TFB,19/04/2002,15
1339,(1471),https://cqranking.com/common/flags/ISR.gif,EDINGER Roei,NDT,09/05/2006,15
1340,(2269),https://cqranking.com/common/flags/ESP.gif,CARRASCOSA MILLER Pablo,EKP,07/10/2002,15
1341,(1515),https://cqranking.com/common/flags/MKD.gif,PETROVSKI Stefan,-,02/11/1991,15
1342,(685),https://cqranking.com/common/flags/GBR.gif,STEWART Mark,MAP,25/08/1995,15
1343,(2187),https://cqranking.com/common/flags/ESP.gif,LOZANO RIBA David,TNN,21/12/1988,15
1344,(-),https://cqranking.com/common/flags/GER.gif,BEHRENS Eike,LKH,30/08/2005,15
1345,(2071),https://cqranking.com/common/flags/CYP.gif,ACHAS Christodoulos,-,03/09/2005,15
1346,(1198),https://cqranking.com/common/flags/MRI.gif,RABOUDE Jeremy,-,27/10/2005,15
1347,(1009),https://cqranking.com/common/flags/NZL.gif,ROBERTS Reef,CGF,20/12/2006,15
1348,(967),https://cqranking.com/common/flags/MAR.gif,AIT EL ABDIA Anass,-,21/03/1993,15
1349,(1549),https://cqranking.com/common/flags/SWZ.gif,JELE Kwanele,-,18/06/2000,15
1350,(2890),https://cqranking.com/common/flags/CHI.gif,BAEZA MUÑOZ Cristobal,PPZ,09/10/2002,15
1351,(2020),https://cqranking.com/common/flags/LTU.gif,KMIELIAUSKAS Rokas,ENT,22/08/2000,15
1352,(-),https://cqranking.com/common/flags/KEN.gif,WAIRIMU Kamau Peterson,-,18/09/2002,15
1353,(1497),https://cqranking.com/common/flags/ERI.gif,MEDHANIE Natan,-,01/02/2000,15
1354,(1727),https://cqranking.com/common/flags/CIV.gif,CISSE Issiaka,-,20/09/1991,15
1355,(1564),https://cqranking.com/common/flags/ARG.gif,KALEJMAN QUIROGA Mateo,-,14/09/2004,15
1356,(-),https://cqranking.com/common/flags/RUS.gif,BEREZNYAK Aleksandr,CDT,05/11/2001,15
1357,(-),https://cqranking.com/common/flags/IRI.gif,SEYED GHALICHI Seyed Milad Mohammad,-,11/12/1986,15
1358,(-),https://cqranking.com/common/flags/USA.gif,MCBIRNEY Tim,PEC,06/08/1998,15
1359,(2260),https://cqranking.com/common/flags/ITA.gif,OIOLI Manuel,SWT,17/05/2003,15
1360,(-),https://cqranking.com/common/flags/PER.gif,NAVARRO CALLE Royner Grover,-,01/08/1992,15
1361,(-),https://cqranking.com/common/flags/BUL.gif,TRENCHEV Kristiyan,-,04/12/1996,15
1362,(-),https://cqranking.com/common/flags/CRO.gif,TOMIC Ivan Luka,-,22/06/2005,15
1363,(-),https://cqranking.com/common/flags/DOM.gif,RAMOS VARGAS Alberto Rafael,-,26/05/1992,15
1364,(-),https://cqranking.com/common/flags/MNE.gif,LUKOVIC Danilo,-,04/05/2005,15
1365,(-),https://cqranking.com/common/flags/ARG.gif,JUAREZ Daniel Omar,-,14/03/1988,15
1366,(-),https://cqranking.com/common/flags/IRI.gif,MIRBAGHERI Seyyed Mohammad Nabi,STC,14/04/2007,15
1367,(-),https://cqranking.com/common/flags/SLO.gif,PRITRZNIK Jon,PGL,26/12/2006,15
1368,(1725),https://cqranking.com/common/flags/JOR.gif,ALREJJAL Mo'men Abed Alhakeem,-,12/08/1997,15
1369,(-),https://cqranking.com/common/flags/GBS.gif,CA Elias,-,10/05/1993,15
1370,(2387),https://cqranking.com/common/flags/LAO.gif,MILAKONG Ananxay,-,27/09/1993,15
1371,(1236),https://cqranking.com/common/flags/DEN.gif,HAUGSTED Conrad,TCQ,13/01/2005,15
1372,(-),https://cqranking.com/common/flags/LBN.gif,ALASMAR Khalil,-,09/10/1982,15
1373,(-),https://cqranking.com/common/flags/BEL.gif,DE BOCK Aless,APD,04/07/2006,15
1374,(1445),https://cqranking.com/common/flags/GUY.gif,JOHN Briton,-,16/01/2000,15
1375,(597),https://cqranking.com/common/flags/GBR.gif,FLYNN Sean,TPP,02/03/2000,15
1376,(-),https://cqranking.com/common/flags/BEL.gif,JACQUES Lucas,CCA,28/05/2003,15
1377,(-),https://cqranking.com/common/flags/ZAM.gif,PUTEHO Gift,-,23/02/2005,15
1378,(1723),https://cqranking.com/common/flags/ETH.gif,DEBAY Filimon Zerabruk,-,29/01/2001,15
1379,(1239),https://cqranking.com/common/flags/SWE.gif,MERLÖV Ville,BPC,17/03/2005,15
1380,(2378),https://cqranking.com/common/flags/HON.gif,DIAZ SORTO Christopher Jair,4RF,11/10/2002,15
1381,(711),https://cqranking.com/common/flags/GER.gif,WILKSCH Hannes,TUD,30/10/2001,15
1382,(1899),https://cqranking.com/common/flags/BEN.gif,ATTAI Kocou Corneil,-,06/03/2002,15
1383,(1572),https://cqranking.com/common/flags/DMA.gif,BARON Kohath,-,10/10/2002,15
1384,(2265),https://cqranking.com/common/flags/FRA.gif,MARCEROU Nicola,TEN,23/09/2002,15
1385,(-),https://cqranking.com/common/flags/CHN.gif,WANG Kuicheng,BDR,22/07/2000,15
1386,(1303),https://cqranking.com/common/flags/LES.gif,MAKATILE Kabelo,-,21/03/2003,15
1387,(1381),https://cqranking.com/common/flags/HKG.gif,LAU Wan Yau Vincent,ROI,23/09/1996,15
1388,(-),https://cqranking.com/common/flags/NED.gif,SCHAPER Joeri,SQD,29/01/2006,15
1389,(1162),https://cqranking.com/common/flags/SUI.gif,TISSIERES Arnaud,EFC,14/05/1996,15
1390,(-),https://cqranking.com/common/flags/GBR.gif,GRINDLEY Sebastian,LTF,24/04/2006,15
1391,(521),https://cqranking.com/common/flags/BEL.gif,DE POOTER Dries,JAY,08/11/2002,15
1392,(-),https://cqranking.com/common/flags/ANG.gif,GONÇALVES Jorge,-,18/01/2006,15
1393,(-),https://cqranking.com/common/flags/BAH.gif,JONES Rowshan,-,11/12/1982,15
1394,(2056),https://cqranking.com/common/flags/USA.gif,MOORE Viggo,TIR,08/05/2004,15
1395,(-),https://cqranking.com/common/flags/EGY.gif,ELSAID Omar,-,26/06/2005,15
1396,(1387),https://cqranking.com/common/flags/GER.gif,RÖBER Dominik,VBG,12/10/1999,15
1397,(-),https://cqranking.com/common/flags/IRI.gif,JAMAHISIAN GHALEHSEFIDI Amir Hossein,-,13/01/1999,15
1398,(1214),https://cqranking.com/common/flags/CAN.gif,RAMSAY Noah,APD,15/12/2002,15
1399,(1468),https://cqranking.com/common/flags/UKR.gif,HOVORUN Bohdan,CTU,11/03/2005,15
1400,(1083),https://cqranking.com/common/flags/FRA.gif,GUEGAN Maël,CIC,19/01/1998,15
1401,(-),https://cqranking.com/common/flags/AUS.gif,MILOSTIC Lindon,STG,28/10/2006,15
1402,(-),https://cqranking.com/common/flags/NAM.gif,SUREN Roger,-,15/09/2007,15
1403,(2799),https://cqranking.com/common/flags/DEN.gif,HANSEN Tobias Aagaard,TCQ,10/03/2002,14
1404,(-),https://cqranking.com/common/flags/USA.gif,KREIKEMEIER Kade,MUZ,05/07/2004,14
1405,(1851),https://cqranking.com/common/flags/BEL.gif,SERVRANCKX Gauthier,SQD,07/07/2005,14
1406,(949),https://cqranking.com/common/flags/BEL.gif,MEENS Johan,AAR,07/07/1999,14
1407,(1477),https://cqranking.com/common/flags/IRI.gif,ARIYAN Behnam,-,11/04/1990,14
1408,(-),https://cqranking.com/common/flags/GBS.gif,IE Ivanildo,-,06/02/1998,14
1409,(2672),https://cqranking.com/common/flags/EGY.gif,METAWEA Mahmoud,-,04/06/2002,14
1410,(441),https://cqranking.com/common/flags/ESP.gif,OKAMIKA BENGOETXEA Ander,BBH,02/04/1993,14
1411,(996),https://cqranking.com/common/flags/GER.gif,KESSLER Bruno,TUU,09/09/2005,14
1412,(-),https://cqranking.com/common/flags/POL.gif,LATKOWSKI Dawid,VOS,18/11/2005,14
1413,(1326),https://cqranking.com/common/flags/BUR.gif,RAWENDE Moucaila,-,00/00/1997,14
1414,(1710),https://cqranking.com/common/flags/KOS.gif,KASTRATI Albion,CLN,28/09/2003,14
1415,(2297),https://cqranking.com/common/flags/BRA.gif,SANTOS Vinicius Silva,-,30/07/2004,14
1416,(-),https://cqranking.com/common/flags/KEN.gif,KIMANI Evan Wangai,-,08/02/1996,14
1417,(1882),https://cqranking.com/common/flags/LCA.gif,ESNARD Fidel,-,25/02/1978,14
1418,(1396),https://cqranking.com/common/flags/ALB.gif,KLOPPENBORG Lukas Sulaj,SUS,09/12/2001,14
1419,(1599),https://cqranking.com/common/flags/NAM.gif,FREYER Martin,-,04/10/1995,14
1420,(2106),https://cqranking.com/common/flags/EST.gif,RÄIM Mihkel,QPT,03/07/1993,14
1421,(1302),https://cqranking.com/common/flags/MLT.gif,BUTTIGIEG Aidan,PTV,18/07/1997,14
1422,(1279),https://cqranking.com/common/flags/VIN.gif,BAILEY Zefal Trevor,-,30/09/1996,14
1423,(1201),https://cqranking.com/common/flags/JOR.gif,ABU HARRAH Majid Basim,-,12/07/1996,14
1424,(1524),https://cqranking.com/common/flags/UZB.gif,ROSTOVTSEV Sergey,BCS,02/06/1997,14
1425,(-),https://cqranking.com/common/flags/FRA.gif,DEURWEILHER Guillaume,-,03/05/2004,14
1426,(-),https://cqranking.com/common/flags/ROU.gif,CAZACEANU Tudor,-,05/02/2000,14
1427,(1997),https://cqranking.com/common/flags/ANT.gif,MARSH Robert Frances,-,20/12/1968,14
1428,(1836),https://cqranking.com/common/flags/ROU.gif,HARASIM Mihnea-Alexandru,TSL,28/04/2004,14
1429,(-),https://cqranking.com/common/flags/ITA.gif,NEMBRINI Diego,GEF,16/04/2006,14
1430,(1438),https://cqranking.com/common/flags/JAM.gif,RAMSAY Andrew,-,24/09/1998,14
1431,(1393),https://cqranking.com/common/flags/MAR.gif,ED DOGHMY Achraf,-,19/11/1999,14
1432,(1742),https://cqranking.com/common/flags/HKG.gif,CHU Tsun Wai,HKS,09/07/2001,14
1433,(-),https://cqranking.com/common/flags/HUN.gif,HANCZ Tamas,-,15/04/2006,14
1434,(1406),https://cqranking.com/common/flags/ALB.gif,VELIA Olsian,SUS,20/01/1994,14
1435,(-),https://cqranking.com/common/flags/UKR.gif,ZOZULIA Andrii,CTU,28/06/2004,14
1436,(-),https://cqranking.com/common/flags/POR.gif,MOREIRA Daniel Filipe Vieira,HBG,02/07/2006,13
1437,(2176),https://cqranking.com/common/flags/ITA.gif,FERRARO Santiago,BCS,20/09/2006,13
1438,(944),https://cqranking.com/common/flags/GER.gif,LEIDERT Louis,LTF,16/05/2005,13
1439,(-),https://cqranking.com/common/flags/POL.gif,SURDYK Filip,-,16/01/2005,13
1440,(-),https://cqranking.com/common/flags/GBR.gif,TARLING Finlay,NDT,02/10/2006,13
1441,(809),https://cqranking.com/common/flags/RUS.gif,GONOV Lev,XAT,06/01/2000,13
1442,(-),https://cqranking.com/common/flags/NED.gif,UPTEGROVE Ed,EEW,10/10/2005,13
1443,(-),https://cqranking.com/common/flags/GER.gif,BRENNER Mauro,RRN,01/09/2004,13
1444,(1269),https://cqranking.com/common/flags/BIZ.gif,GONZALEZ Jyven,LLA,23/03/2002,13
1445,(1887),https://cqranking.com/common/flags/COL.gif,GIL SANCHEZ Angel Alexander,GES,25/09/1992,13
1446,(1115),https://cqranking.com/common/flags/FRA.gif,MANZIN Lorrenzo,TEN,26/07/1994,13
1447,(1968),https://cqranking.com/common/flags/ITA.gif,MENGHINI Alessio,TER,03/12/2004,13
1448,(-),https://cqranking.com/common/flags/DEN.gif,BUGGE Markus Klitgaard,-,06/05/1999,13
1449,(-),https://cqranking.com/common/flags/GBR.gif,KIMBER George,-,10/11/1999,13
1450,(1895),https://cqranking.com/common/flags/CMR.gif,KOSSOKO SADIKOU Jérémie,-,08/11/1998,13
1451,(-),https://cqranking.com/common/flags/FRA.gif,BODET Vincent,VDU,11/06/2005,13
1452,(889),https://cqranking.com/common/flags/AUS.gif,AGNOLETTO Blake,CGF,21/10/2002,13
1453,(2310),https://cqranking.com/common/flags/BUR.gif,ILBOUDO Soumaila,-,16/08/2004,13
1454,(2397),https://cqranking.com/common/flags/DEN.gif,LYSGAARD Boas,BPC,22/11/2004,13
1455,(2325),https://cqranking.com/common/flags/VEN.gif,GALVIZ GARCIA Carlos Johan,-,27/10/1988,13
1456,(753),https://cqranking.com/common/flags/AUS.gif,MONK Cyrus,FNX,07/11/1996,13
1457,(-),https://cqranking.com/common/flags/RUS.gif,IVANOV Viacheslav,CDF,01/08/2002,13
1458,(1372),https://cqranking.com/common/flags/ERI.gif,GIRMAY Mewael,IST,15/04/2005,13
1459,(1152),https://cqranking.com/common/flags/ESP.gif,LEDESMA GARCIA Gerard,VCF,26/01/2003,13
1460,(1939),https://cqranking.com/common/flags/CZE.gif,BARTA Tomas,IST,28/04/1999,13
1461,(-),https://cqranking.com/common/flags/BEL.gif,VANDEVORST Nio,APD,18/02/2006,13
1462,(-),https://cqranking.com/common/flags/BEL.gif,BELLENS Jarno,BPL,18/07/2000,13
1463,(833),https://cqranking.com/common/flags/RUS.gif,SHICHKIN Vlas,-,25/01/2002,13
1464,(2158),https://cqranking.com/common/flags/ITA.gif,MARTINI Marco,TER,30/06/2005,13
1465,(-),https://cqranking.com/common/flags/ESP.gif,CUBILLAS SALVADOR Javier,MOY,28/02/2007,13
1466,(2484),https://cqranking.com/common/flags/SWE.gif,KÄLL Rasmus,-,21/10/2003,12
1467,(1462),https://cqranking.com/common/flags/BEL.gif,DOCKX Aaron,APT,28/06/2004,12
1468,(2528),https://cqranking.com/common/flags/IRL.gif,O'CONNOR Ronan,APS,10/09/2003,12
1469,(-),https://cqranking.com/common/flags/MAC.gif,KOK Mun Wa,-,31/08/1990,12
1470,(2114),https://cqranking.com/common/flags/GRE.gif,VILA Emiliano,-,04/07/1997,12
1471,(2634),https://cqranking.com/common/flags/ITA.gif,DIGNANI Filippo,IPD,25/01/2002,12
1472,(2622),https://cqranking.com/common/flags/ISL.gif,JONSSON Kristinn,TGS,06/03/2000,12
1473,(1179),https://cqranking.com/common/flags/ISR.gif,PERETZ HARDEBALL Matar,NDT,06/10/2005,12
1474,(-),https://cqranking.com/common/flags/ROU.gif,TOADER Alin,FNX,04/12/2004,12
1475,(-),https://cqranking.com/common/flags/POL.gif,KACZOROWSKI Franciszek,MSP,14/02/2004,12
1476,(1537),https://cqranking.com/common/flags/FRA.gif,BEZZA Quentin,SCO,24/03/1998,12
1477,(2858),https://cqranking.com/common/flags/NZL.gif,HOLLAMBY Noah,-,07/08/2006,12
1478,(449),https://cqranking.com/common/flags/CAN.gif,WOODS Michael,-,12/10/1986,12
1479,(1767),https://cqranking.com/common/flags/JOR.gif,ALMAYYAS Mohammad Khaled,-,02/10/2002,12
1480,(-),https://cqranking.com/common/flags/KEN.gif,KIPLAGAT Cornelius Kipkemboi,-,17/09/1996,12
1481,(2562),https://cqranking.com/common/flags/AUS.gif,SIMS Oliver,-,07/03/2006,12
1482,(1347),https://cqranking.com/common/flags/NZL.gif,HORNBLOW Keegan,NZP,25/10/2001,12
1483,(1935),https://cqranking.com/common/flags/JPN.gif,MAGOSAKI Daiki,VCH,18/07/1996,12
1484,(2837),https://cqranking.com/common/flags/AUT.gif,FEURSTEIN Kilian,VBG,06/06/2003,12
1485,(2523),https://cqranking.com/common/flags/NED.gif,NAT Joost,BCY,29/01/2002,12
1486,(-),https://cqranking.com/common/flags/CRC.gif,CASTRO CASTRO Sebastian,MOY,02/01/2007,12
1487,(1219),https://cqranking.com/common/flags/MEX.gif,FRAYRE MOCTEZUMA Eder,LLA,20/10/1991,12
1488,(-),https://cqranking.com/common/flags/GUY.gif,GREENE Andre,-,22/06/1996,12
1489,(1275),https://cqranking.com/common/flags/SLO.gif,MERNIK Sven Aleksander,VLD,14/06/2006,12
1490,(-),https://cqranking.com/common/flags/ECU.gif,CAICEDO ROMO Pablo Andres,-,14/10/1986,12
1491,(1460),https://cqranking.com/common/flags/GBR.gif,GOLLIKER Joshua,EFA,23/03/2004,12
1492,(1365),https://cqranking.com/common/flags/NED.gif,DUBA Maxime,AVV,02/10/2004,12
1493,(1984),https://cqranking.com/common/flags/ITA.gif,ZANUTTA David,XAD,05/01/2006,12
1494,(1900),https://cqranking.com/common/flags/AZE.gif,NURIYEV Nofal,-,25/04/2003,12
1495,(-),https://cqranking.com/common/flags/GBR.gif,LEE Thomas,-,22/12/2000,12
1496,(509),https://cqranking.com/common/flags/ECU.gif,PITA BOLAÑOS Cristian David,ROI,06/02/1995,12
1497,(767),https://cqranking.com/common/flags/CZE.gif,CERNY Josef,KCR,11/05/1993,12
1498,(-),https://cqranking.com/common/flags/FRA.gif,LESUEUR Louka,VCR,02/06/2004,12
1499,(-),https://cqranking.com/common/flags/FRA.gif,DOLTAIRE Alex,VDU,15/05/2007,12
1500,(1158),https://cqranking.com/common/flags/BER.gif,WHITE Conor,-,19/10/1999,12
1501,(1578),https://cqranking.com/common/flags/BEL.gif,VAN DEN BOER Seppe,TUU,28/11/2005,12
1502,(1545),https://cqranking.com/common/flags/CHN.gif,XUE Ming,LNS,17/03/2000,12
1503,(1311),https://cqranking.com/common/flags/CRO.gif,GOJKOVIC Nicolas,PGL,26/06/2004,12
1504,(-),https://cqranking.com/common/flags/CHN.gif,MENG Shude,CNM,04/10/2001,12
1505,(1052),https://cqranking.com/common/flags/CAN.gif,WALTON Jonas,CIC,08/03/2004,12
1506,(1731),https://cqranking.com/common/flags/NED.gif,VAN SCHIP Jan-Willem,AVV,20/08/1994,12
1507,(-),https://cqranking.com/common/flags/ARG.gif,SOSA Jorge Adrian,-,25/05/1981,12
1508,(2445),https://cqranking.com/common/flags/ERI.gif,HAYELOM Samuel,-,23/02/2005,12
1509,(2343),https://cqranking.com/common/flags/GUA.gif,TOC XON Gerson Victoriano,-,07/03/1995,12
1510,(-),https://cqranking.com/common/flags/IRI.gif,AGHAKASHI Mahdi,-,27/10/2002,12
1511,(992),https://cqranking.com/common/flags/CHI.gif,QUINTANA VIDAL Hector Exequiel,PPZ,12/05/2002,12
1512,(2318),https://cqranking.com/common/flags/NED.gif,DEN BRABER Simon,-,19/02/2001,12
1513,(-),https://cqranking.com/common/flags/RSA.gif,DA SILVA Tiano,THT,17/04/2001,12
1514,(2073),https://cqranking.com/common/flags/HON.gif,PAVON CANO Ruben Sebastian,4RF,30/05/2005,12
1515,(-),https://cqranking.com/common/flags/MDA.gif,ZAGAREANU Dumitru,-,02/11/1983,12
1516,(1970),https://cqranking.com/common/flags/DEN.gif,TOFTEMARK Lucas Maarfelt,GSH,10/07/2004,12
1517,(-),https://cqranking.com/common/flags/USA.gif,MARTIN Nathaniel,-,30/07/2000,11
1518,(2730),https://cqranking.com/common/flags/ITA.gif,DE LONGHI Lorenzo,CMP,03/07/2006,11
1519,(2365),https://cqranking.com/common/flags/PHI.gif,PAREJA Nichol Blanca,VSC,10/08/2000,11
1520,(661),https://cqranking.com/common/flags/ITA.gif,CHESINI Cesare,MBH,11/03/2004,11
1521,(1224),https://cqranking.com/common/flags/COL.gif,SANCHEZ VERGARA Brayan Stiven,MED,03/06/1994,11
1522,(2599),https://cqranking.com/common/flags/GER.gif,GROSS Felix,-,04/09/1998,11
1523,(-),https://cqranking.com/common/flags/BEL.gif,ROMMELAERE Iben,TIS,11/12/2004,11
1524,(1481),https://cqranking.com/common/flags/ITA.gif,VIVIANI Attilio,TFT,18/10/1996,11
1525,(1955),https://cqranking.com/common/flags/NED.gif,REINDERINK Joris,-,11/10/2003,11
1526,(878),https://cqranking.com/common/flags/USA.gif,KESSLER Cole,MAP,20/05/2003,11
1527,(1414),https://cqranking.com/common/flags/SLO.gif,BAVEC Timotej,-,20/06/1999,11
1528,(-),https://cqranking.com/common/flags/NED.gif,VAN DEN BERG Maarten,-,10/05/1994,11
1529,(2719),https://cqranking.com/common/flags/NED.gif,VAN DER WAL Rik,EEW,02/10/2003,11
1530,(-),https://cqranking.com/common/flags/BLR.gif,SHPAKOUSKI Viachaslau,-,03/10/2004,11
1531,(1850),https://cqranking.com/common/flags/BEL.gif,GEERAERTS Ferre,TFB,11/01/2003,11
1532,(1205),https://cqranking.com/common/flags/SVK.gif,KASKO David,DKB,24/04/1997,11
1533,(-),https://cqranking.com/common/flags/LBN.gif,KALLAS Mark,-,20/03/1989,11
1534,(2379),https://cqranking.com/common/flags/GUA.gif,SAM POZ Edwin,-,19/11/2001,11
1535,(2271),https://cqranking.com/common/flags/GBR.gif,WIGGINS Ben,HBG,26/03/2005,11
1536,(2801),https://cqranking.com/common/flags/GER.gif,CZASA Moritz,-,03/06/2002,11
1537,(841),https://cqranking.com/common/flags/DEN.gif,ANDERSEN Kasper,SWT,01/07/2002,11
1538,(1672),https://cqranking.com/common/flags/JPN.gif,TANI Junsei,ABZ,04/08/1994,11
1539,(-),https://cqranking.com/common/flags/ESP.gif,UGARTE LARREA Gari,EUS,02/06/2005,11
1540,(929),https://cqranking.com/common/flags/BEL.gif,OOSTERLINCK Joes,VRR,22/05/2003,11
1541,(1040),https://cqranking.com/common/flags/RSA.gif,DOWNES Brandon,TPC,12/03/1991,11
1542,(1389),https://cqranking.com/common/flags/POR.gif,PINTO Pedro Henrique Monteiro,EFP,05/11/2000,11
1543,(-),https://cqranking.com/common/flags/FRA.gif,LEBOUCHER Anatole,VCR,18/11/2002,11
1544,(1342),https://cqranking.com/common/flags/COL.gif,CASTAÑO MUÑOZ Sebastian Alexander,ESC,12/05/1997,11
1545,(1617),https://cqranking.com/common/flags/NOR.gif,LITLERE Sverre,RRS,03/02/2003,11
1546,(1638),https://cqranking.com/common/flags/NED.gif,STRAVERS Jarri,UNI,03/04/1997,11
1547,(1916),https://cqranking.com/common/flags/BRA.gif,LEMES Bruno Martins,LMS,13/12/1996,11
1548,(-),https://cqranking.com/common/flags/LAO.gif,PHOMSOUVANH Thepphasith,-,24/05/2003,11
1549,(-),https://cqranking.com/common/flags/ESP.gif,VILLATE MOMEÑE Ibai,MOY,29/11/2007,11
1550,(-),https://cqranking.com/common/flags/JAM.gif,KHOURI Simon,-,24/09/1999,11
1551,(2005),https://cqranking.com/common/flags/ISL.gif,OMARSSON Ingvar,-,13/04/1989,11
1552,(-),https://cqranking.com/common/flags/ANG.gif,SILVA Igor Alberto Secundino,-,22/10/1984,11
1553,(-),https://cqranking.com/common/flags/USA.gif,ROSS Kent,-,02/12/1996,11
1554,(2014),https://cqranking.com/common/flags/PUR.gif,REYES ACEVEDO Elvys Noel,-,27/01/1995,11
1555,(1227),https://cqranking.com/common/flags/ESP.gif,RODRIGUEZ GARAICOECHEA Oscar,NCI,06/05/1995,11
1556,(1522),https://cqranking.com/common/flags/JPN.gif,YAMAMOTO Masaki,VCF,08/01/1996,11
1557,(-),https://cqranking.com/common/flags/ITA.gif,GAMBA Thomas,GEF,15/05/2006,11
1558,(2425),https://cqranking.com/common/flags/ITA.gif,FIORIN Matteo,SOA,14/06/2005,11
1559,(1307),https://cqranking.com/common/flags/FRA.gif,VEDEL Gabin,-,26/12/2002,11
1560,(1199),https://cqranking.com/common/flags/UKR.gif,SIMON Semen,CTU,21/05/2004,10
1561,(1529),https://cqranking.com/common/flags/BAR.gif,VANDERPOOL Gregory,-,05/03/1996,10
1562,(515),https://cqranking.com/common/flags/LUX.gif,JUNGELS Bob,NCI,22/09/1992,10
1563,(1056),https://cqranking.com/common/flags/ALG.gif,MANSOURI Hamza,MPT,13/04/1999,10
1564,(2805),https://cqranking.com/common/flags/FRA.gif,HUCK Léandre,VRR,30/07/2000,10
1565,(1514),https://cqranking.com/common/flags/ESP.gif,TORRES BARCELO Albert,MOV,26/04/1990,10
1566,(2087),https://cqranking.com/common/flags/FIN.gif,AHTOSALO Matias,UNC,27/08/2003,10
1567,(-),https://cqranking.com/common/flags/GBR.gif,LOWDEN William,-,11/07/2003,10
1568,(-),https://cqranking.com/common/flags/RSA.gif,SCHUTTE Ryno,-,25/01/2005,10
1569,(-),https://cqranking.com/common/flags/POR.gif,MATIAS Joao Carlos Araujo,TAV,26/05/1991,10
1570,(-),https://cqranking.com/common/flags/UAE.gif,ALHAJERI Abdulaziz,-,17/12/2003,10
1571,(-),https://cqranking.com/common/flags/GBR.gif,ARMSTRONG Thomas,-,27/08/1994,10
1572,(1772),https://cqranking.com/common/flags/GER.gif,ARNDT Nikias,TBV,18/11/1991,10
1573,(2580),https://cqranking.com/common/flags/KOR.gif,JANG Kyung-gu,-,29/05/1990,10
1574,(-),https://cqranking.com/common/flags/GER.gif,AMANN Meo,-,27/05/2004,10
1575,(1952),https://cqranking.com/common/flags/BEL.gif,BELMANS Lennert,APT,15/02/2002,10
1576,(-),https://cqranking.com/common/flags/JPN.gif,TERADA Yoshiki,TUK,23/01/2002,10
1577,(988),https://cqranking.com/common/flags/GUA.gif,VASQUEZ VASQUEZ Juan Mardoqueo,HIN,19/06/1995,10
1578,(-),https://cqranking.com/common/flags/USA.gif,BESHORE Garrett,MUZ,04/06/2007,10
1579,(-),https://cqranking.com/common/flags/SWZ.gif,SIKHONDZE Sihlangu,-,01/03/1999,10
1580,(-),https://cqranking.com/common/flags/ECU.gif,VILLARREAL ALMEIDA Esteban David,-,19/05/1996,10
1581,(619),https://cqranking.com/common/flags/CAN.gif,BOIVIN Guillaume,NSN,25/05/1989,10
1582,(2109),https://cqranking.com/common/flags/CHN.gif,NIU Yikui,LNS,02/08/1994,10
1583,(1480),https://cqranking.com/common/flags/CAN.gif,GERVAIS Laurent,PEC,03/11/1997,10
1584,(2177),https://cqranking.com/common/flags/ZAM.gif,KASHIMOTO Richard,-,25/10/2006,10
1585,(997),https://cqranking.com/common/flags/USA.gif,SHELTON Marcis,CER,30/06/2004,10
1586,(2083),https://cqranking.com/common/flags/PHI.gif,LIM Nash Joshua,FRT,01/09/2002,10
1587,(884),https://cqranking.com/common/flags/FRA.gif,BASSET Pierre Henry,XAD,29/03/2004,10
1588,(-),https://cqranking.com/common/flags/CHN.gif,ZHANG Huibin,MSS,14/07/2004,10
1589,(-),https://cqranking.com/common/flags/FRA.gif,JORGE Edgar,BAC,11/07/2005,10
1590,(-),https://cqranking.com/common/flags/TUR.gif,DOGAN Halil Ibrahim,BKC,06/10/2000,10
1591,(-),https://cqranking.com/common/flags/FRA.gif,PIERRE Alexis,-,18/11/1998,10
1592,(-),https://cqranking.com/common/flags/USA.gif,LOKEY Kai,MUZ,30/12/2006,10
1593,(2067),https://cqranking.com/common/flags/ITA.gif,CIPOLLINI Edoardo,MBH,27/04/2005,10
1594,(2186),https://cqranking.com/common/flags/BEL.gif,VANTHOURENHOUT Michael,PSC,10/12/1993,10
1595,(1556),https://cqranking.com/common/flags/BAH.gif,DALEY Kevin,-,04/09/1987,10
1596,(1482),https://cqranking.com/common/flags/COL.gif,ALBA BOLIVAR Juan Diego,TNC,11/09/1997,10
1597,(1218),https://cqranking.com/common/flags/ERI.gif,BERHANE Natnael Teweldemedhin,IST,05/01/1991,10
1598,(1286),https://cqranking.com/common/flags/TPE.gif,TU Chih Hao Sergio,ABZ,24/02/1997,10
1599,(2441),https://cqranking.com/common/flags/NOR.gif,VESLUM Sebastian,DRP,22/10/2005,10
1600,(-),https://cqranking.com/common/flags/CIV.gif,KOUAME Konan Olivier,-,20/12/2000,10
1601,(-),https://cqranking.com/common/flags/AUT.gif,FUGGER Heimo,UAZ,14/11/2007,10
1602,(-),https://cqranking.com/common/flags/CPV.gif,BARRETO DA COSTA José Carlos,-,15/04/1999,10
1603,(1778),https://cqranking.com/common/flags/BEN.gif,SOWOU Rémi,-,18/07/1996,10
1604,(-),https://cqranking.com/common/flags/MAR.gif,MRAOUNI Salah Eddine,-,28/12/1992,10
1605,(2134),https://cqranking.com/common/flags/LBN.gif,ALMANE Abdel Azez,-,24/07/2000,10
1606,(850),https://cqranking.com/common/flags/ETH.gif,ALEMAYO Tsegay Tekle,CNM,19/11/2006,10
1607,(-),https://cqranking.com/common/flags/PHI.gif,GROSPE Ismael Jr.,VSC,07/01/1999,10
1608,(-),https://cqranking.com/common/flags/ARG.gif,CEDEIRA Matias Nahuel,-,01/11/2001,10
1609,(1580),https://cqranking.com/common/flags/ESP.gif,DIAZ ALVAREZ Alex,CJR,28/07/2001,10
1610,(-),https://cqranking.com/common/flags/SIN.gif,YIP Ga Cheng,-,19/09/2007,10
1611,(965),https://cqranking.com/common/flags/BEL.gif,DE BUYST Jasper,LOI,24/11/1993,10
1612,(2333),https://cqranking.com/common/flags/PER.gif,QUISPE COLQUE Alain Rossbel,-,04/02/1994,10
1613,(341),https://cqranking.com/common/flags/AUT.gif,HAJEK Alexander,RBH,19/07/2003,10
1614,(-),https://cqranking.com/common/flags/IRL.gif,O'BRIEN Killian,TSL,04/04/2006,10
1615,(1324),https://cqranking.com/common/flags/CHI.gif,KOTSAKIS LAGOS Francisco,PPZ,02/10/1998,10
1616,(-),https://cqranking.com/common/flags/BUL.gif,SHIVIKOV Koycho,-,09/01/1990,10
1617,(1103),https://cqranking.com/common/flags/SRB.gif,ILIC Ognjen,BUB,21/11/1998,10
1618,(1323),https://cqranking.com/common/flags/ITA.gif,BORTOLUZZI Giovanni,GEF,03/11/2002,10
1619,(-),https://cqranking.com/common/flags/PUR.gif,RODRIGUEZ MORALES Angel,-,02/11/2006,10
1620,(-),https://cqranking.com/common/flags/AUS.gif,WAITES Thomas,-,01/03/2007,10
1621,(2793),https://cqranking.com/common/flags/ARG.gif,BUCHANAN Franco,-,06/11/1992,10
1622,(607),https://cqranking.com/common/flags/POL.gif,GAJDULEWICZ Mateusz,ATT,22/12/2003,10
1623,(-),https://cqranking.com/common/flags/ZIM.gif,SIBANDA Lizwilenkosi,-,11/06/2001,10
1624,(-),https://cqranking.com/common/flags/CHN.gif,YU Yuanfeng,CAT,27/03/2001,10
1625,(1673),https://cqranking.com/common/flags/BEL.gif,VANGHELUWE Warre,SOQ,23/07/2001,10
1626,(1321),https://cqranking.com/common/flags/FRA.gif,RAUGEL Antoine,VRR,14/02/1999,10
1627,(-),https://cqranking.com/common/flags/GBR.gif,BRAND Sam,TNN,27/02/1991,10
1628,(-),https://cqranking.com/common/flags/LAO.gif,PHAPHO Volavath,-,04/08/1990,10
1629,(-),https://cqranking.com/common/flags/ECU.gif,CAIZA PEREZ Erik Daniel,-,18/01/2002,10
1630,(1764),https://cqranking.com/common/flags/CZE.gif,BARTA Martin,ATT,22/05/2005,10
1631,(-),https://cqranking.com/common/flags/BEL.gif,HANNES Victor,AAR,30/01/2004,10
1632,(-),https://cqranking.com/common/flags/ITA.gif,FABBRO Riccardo,UTC,18/11/2006,10
1633,(-),https://cqranking.com/common/flags/ITA.gif,ROSATO Giacomo,BVD,11/12/2007,10
1634,(-),https://cqranking.com/common/flags/BOT.gif,VAN ZYL Mark,-,1994,10
1635,(1962),https://cqranking.com/common/flags/FRA.gif,RIBEIRO DA CRUZ Mathias,-,10/12/2000,10
1636,(-),https://cqranking.com/common/flags/INA.gif,HAFIZH Muhammad,ASC,07/04/2005,10
1637,(1584),https://cqranking.com/common/flags/DEN.gif,JØLVING Otto Schultz,TCQ,25/09/2006,10
1638,(520),https://cqranking.com/common/flags/NED.gif,DE JONG Timo,TPP,28/03/1999,10
1639,(1296),https://cqranking.com/common/flags/NAM.gif,MILLER Alex,-,20/11/2000,10
1640,(2132),https://cqranking.com/common/flags/DEN.gif,IWERSEN Emil Schandorff,BPC,15/08/2002,10
1641,(-),https://cqranking.com/common/flags/HKG.gif,LAU Wan Hei Victor,-,03/02/1995,10
1642,(-),https://cqranking.com/common/flags/JPN.gif,YAMAMOTO Tetsuo,TUK,17/03/2000,10
1643,(-),https://cqranking.com/common/flags/BRA.gif,ALMEIDA Luiz Fernando Bomfim,LMS,29/05/2006,10
1644,(2074),https://cqranking.com/common/flags/BIH.gif,MAHMUTOVIC Amir,-,04/09/1984,10
1645,(1946),https://cqranking.com/common/flags/TUR.gif,ARIKAN Dogukan,STC,05/09/2001,10
1646,(1894),https://cqranking.com/common/flags/ITA.gif,PINAZZI Mattia,BCS,04/04/2001,10
1647,(2834),https://cqranking.com/common/flags/ITA.gif,VESCO Leonardo,BIE,30/07/2005,10
1648,(-),https://cqranking.com/common/flags/VEN.gif,MENDEZ CARRERO Arlex Jose,-,27/07/2005,10
1649,(906),https://cqranking.com/common/flags/ITA.gif,AGOSTINACCHIO Filippo,BIE,26/04/2003,10
1650,(746),https://cqranking.com/common/flags/DEN.gif,WALLIN Rasmus Bøgh,-,02/01/1996,10
1651,(2304),https://cqranking.com/common/flags/THA.gif,SUPAN Aphisit,TCC,26/08/2006,10
1652,(-),https://cqranking.com/common/flags/ANG.gif,RODRIGUES Kilson,-,13/02/2007,10
1653,(720),https://cqranking.com/common/flags/TUR.gif,YIGIT Tahir Bugra,STC,30/09/2001,10
1654,(358),https://cqranking.com/common/flags/IRL.gif,BENNETT Sam,PQT,16/10/1990,10
1655,(-),https://cqranking.com/common/flags/BRA.gif,NARDIN Thiago Duarte,-,08/07/1988,10
1656,(-),https://cqranking.com/common/flags/MKD.gif,MARKOVSKI Kiril,-,25/05/1998,10
1657,(2231),https://cqranking.com/common/flags/FRA.gif,CHAUSSINAND Joris,CIC,26/02/2002,10
1658,(-),https://cqranking.com/common/flags/FIN.gif,ÖVERMARK Riku,-,26/01/1989,10
1659,(800),https://cqranking.com/common/flags/AUS.gif,CLARKE Simon,-,18/07/1986,10
1660,(2478),https://cqranking.com/common/flags/DOM.gif,DEL ROSARIO FELIX Juan Carlos,-,18/08/2003,10
1661,(-),https://cqranking.com/common/flags/MLI.gif,CISSE Fidèle,-,14/11/2006,10
1662,(1965),https://cqranking.com/common/flags/ITA.gif,POLGA Antonio,TNN,26/03/1999,10
1663,(-),https://cqranking.com/common/flags/CRO.gif,BOSNJAK Fran,-,12/09/2003,10
1664,(1735),https://cqranking.com/common/flags/NED.gif,JAKOBSEN Fabio,TPP,31/08/1996,10
1665,(-),https://cqranking.com/common/flags/SEN.gif,SOW Nar,-,02/01/1997,10
1666,(-),https://cqranking.com/common/flags/ITA.gif,BOSCARO Davide,PAD,13/07/2000,10
1667,(2294),https://cqranking.com/common/flags/FRA.gif,CHALEIL Louis,DCD,21/02/2006,10
1668,(1547),https://cqranking.com/common/flags/POL.gif,MAJEWSKI Kacper,LPP,24/06/2002,10
1669,(-),https://cqranking.com/common/flags/NED.gif,SCHOUREN Jip,-,21/06/2007,10
1670,(-),https://cqranking.com/common/flags/INA.gif,KUSUMA Terry Yudha,JPC,14/03/1999,10
1671,(1625),https://cqranking.com/common/flags/URU.gif,PEREZ ALVAREZ Ciro,AIX,20/03/2005,10
1672,(-),https://cqranking.com/common/flags/SEY.gif,POOL Julian,-,08/03/1999,10
1673,(596),https://cqranking.com/common/flags/SLO.gif,VALJAVEC Erazem,SQD,18/08/2006,10
1674,(2393),https://cqranking.com/common/flags/BEL.gif,BAERS Arne,BPL,27/03/2002,9
1675,(1340),https://cqranking.com/common/flags/GER.gif,NOLDE Tobias,VBG,09/12/1998,9
1676,(2029),https://cqranking.com/common/flags/AUT.gif,STEININGER Fabian,SIC,12/09/2000,9
1677,(2168),https://cqranking.com/common/flags/FRA.gif,MILLET Hugo,-,07/08/2002,9
1678,(-),https://cqranking.com/common/flags/RUS.gif,IGOSHEV Egor,-,02/07/2002,9
1679,(-),https://cqranking.com/common/flags/GBS.gif,GOMES Gil,-,01/08/1997,9
1680,(1697),https://cqranking.com/common/flags/CAN.gif,COUTURE Samuel,-,06/07/2004,9
1681,(541),https://cqranking.com/common/flags/ESP.gif,GUARDEÑO ROMA Jaume,CJR,20/02/2003,9
1682,(1322),https://cqranking.com/common/flags/PER.gif,TOSCANO FERNANDEZ Bill Janz,-,07/04/2001,9
1683,(2851),https://cqranking.com/common/flags/DEN.gif,CARSTENSEN Magnus,EFA,01/01/2006,9
1684,(1182),https://cqranking.com/common/flags/COL.gif,REYES ORTEGA Yeison Sebastian,-,14/02/1997,9
1685,(-),https://cqranking.com/common/flags/NED.gif,WIGGERS Thijs,-,04/10/1995,9
1686,(1901),https://cqranking.com/common/flags/MLT.gif,CAMILLERI John,-,23/06/1997,9
1687,(-),https://cqranking.com/common/flags/CRO.gif,LUKIC Leon,ADR,28/06/2007,9
1688,(-),https://cqranking.com/common/flags/AUT.gif,TICHLER Thomas,WSA,23/05/2000,9
1689,(-),https://cqranking.com/common/flags/ITA.gif,REMELLI Cristian,GEF,22/02/2006,9
1690,(-),https://cqranking.com/common/flags/ALG.gif,BENGAYOU Abdelraouf,MCA,07/07/1998,9
1691,(1130),https://cqranking.com/common/flags/AUS.gif,SCHULTZ Elliot,VCH,05/08/2000,9
1692,(2369),https://cqranking.com/common/flags/JPN.gif,ODA Hijiri,ART,23/11/1998,9
1693,(-),https://cqranking.com/common/flags/POR.gif,BAPTISTA Gabriel Arantes,-,28/04/2005,9
1694,(-),https://cqranking.com/common/flags/ESP.gif,REY VAZQUEZ Martin,BBH,11/03/2003,9
1695,(1097),https://cqranking.com/common/flags/SLO.gif,CENCIC Nejc,-,11/02/2000,9
1696,(-),https://cqranking.com/common/flags/MRI.gif,YON HIN Daniel,7RP,08/05/2002,9
1697,(-),https://cqranking.com/common/flags/GEO.gif,PAPIASHVILI Ivane,-,10/05/2004,9
1698,(1748),https://cqranking.com/common/flags/KOS.gif,YMERI Albion,-,14/10/1995,9
1699,(2143),https://cqranking.com/common/flags/BUL.gif,PETROV Yordan,-,26/12/2002,9
1700,(1391),https://cqranking.com/common/flags/GER.gif,HEMING Mika,ATT,06/04/2000,9
1701,(1095),https://cqranking.com/common/flags/RUS.gif,IVANOV Timofei,CDT,04/12/1990,9
1702,(-),https://cqranking.com/common/flags/GBR.gif,CHAPLIN Sam,-,08/03/2005,9
1703,(1596),https://cqranking.com/common/flags/BAR.gif,ELCOCK Russell,-,06/12/1993,9
1704,(-),https://cqranking.com/common/flags/AUT.gif,FRIEDL Anatol,RBC,14/04/2007,9
1705,(2088),https://cqranking.com/common/flags/CRC.gif,SANCHO PORRAS Jose Pablo,-,25/01/2006,9
1706,(-),https://cqranking.com/common/flags/FRA.gif,PICARD Paul,SCO,04/10/2005,9
1707,(1253),https://cqranking.com/common/flags/ROU.gif,BUTA Catalin,MEN,12/05/2003,8
1708,(1690),https://cqranking.com/common/flags/ITA.gif,ZANINI Simone,XAD,26/03/2004,8
1709,(2668),https://cqranking.com/common/flags/DEN.gif,NIELSEN Magnus Lorents,A6C,23/11/2003,8
1710,(-),https://cqranking.com/common/flags/CAN.gif,ROY Jacob,PEC,30/11/2006,8
1711,(-),https://cqranking.com/common/flags/DEN.gif,MIKKELSEN Pelle Køster,GSH,25/04/2003,8
1712,(1354),https://cqranking.com/common/flags/ITA.gif,PARRAVANO Francesco,MGK,17/12/2000,8
1713,(2574),https://cqranking.com/common/flags/VEN.gif,MAESTRE LEAL Winston Jose,-,23/06/2006,8
1714,(1356),https://cqranking.com/common/flags/GRE.gif,DRAKOS Nikolaos Michail,TUS,18/07/2002,8
1715,(-),https://cqranking.com/common/flags/GBR.gif,AMEY Oscar,NDT,28/12/2007,8
1716,(-),https://cqranking.com/common/flags/RUS.gif,GRECHISHKIN Vadim,-,11/07/2007,8
1717,(1377),https://cqranking.com/common/flags/NED.gif,SOLEN Keije,LWD,27/03/2006,8
1718,(-),https://cqranking.com/common/flags/UKR.gif,TODOROV Anatoliy,-,29/09/1993,8
1719,(-),https://cqranking.com/common/flags/FRA.gif,BERGAUD Sacha,SCO,01/10/2006,8
1720,(-),https://cqranking.com/common/flags/URU.gif,HERNANDEZ COUSSAN Christian Nahuel,-,16/07/1998,8
1721,(-),https://cqranking.com/common/flags/ISR.gif,TOBUL Yair,-,09/09/2006,8
1722,(-),https://cqranking.com/common/flags/ALG.gif,HAMZAOUI Mohamed Amine,MPT,20/10/2007,8
1723,(-),https://cqranking.com/common/flags/ECU.gif,SALGADO LOZA Josue Andres,-,20/10/1994,8
1724,(-),https://cqranking.com/common/flags/BEL.gif,POELVOORDE Tars,LWD,25/11/2005,8
1725,(748),https://cqranking.com/common/flags/GBR.gif,PIDCOCK Joseph,PQT,20/03/2002,8
1726,(443),https://cqranking.com/common/flags/NED.gif,RASCH Jesper,CAT,22/03/1998,8
1727,(-),https://cqranking.com/common/flags/AUS.gif,BAUDRY Julian,TBN,20/09/2006,8
1728,(2615),https://cqranking.com/common/flags/PAN.gif,GUERRA Sandi,-,17/06/1996,8
1729,(-),https://cqranking.com/common/flags/NZL.gif,JONES Cameron,-,28/11/2000,8
1730,(2544),https://cqranking.com/common/flags/BEL.gif,SQUIRE Ben,-,07/08/2001,8
1731,(537),https://cqranking.com/common/flags/COL.gif,CALLEJAS SANTOS Edison Alejandro,-,25/11/2000,8
1732,(-),https://cqranking.com/common/flags/NZL.gif,WILDE Hayden,-,01/09/1997,8
1733,(2069),https://cqranking.com/common/flags/UGA.gif,MUGALU Shafik,AMN,17/02/2005,8
1734,(2095),https://cqranking.com/common/flags/LTU.gif,KLIMAVICIUS Nikolas,ENT,08/03/2006,8
1735,(-),https://cqranking.com/common/flags/DEN.gif,SKOT-HANSEN Aksel Bech,TGS,11/06/2000,8
1736,(1582),https://cqranking.com/common/flags/GER.gif,FIETZKE Paul,RBC,23/01/2006,8
1737,(-),https://cqranking.com/common/flags/FRA.gif,SIMON Yohann,AUB,16/11/2001,8
1738,(-),https://cqranking.com/common/flags/AUS.gif,GALLAGHER Oscar,CBW,09/11/2006,8
1739,(1951),https://cqranking.com/common/flags/ITA.gif,PEZZO ROSOLA Kevin,GEF,30/11/2002,8
1740,(-),https://cqranking.com/common/flags/NED.gif,VEENIS Vigo,-,09/05/2006,8
1741,(-),https://cqranking.com/common/flags/SLO.gif,OBLAK Gal,FRT,25/08/2006,8
1742,(-),https://cqranking.com/common/flags/LUX.gif,LANG Yannis,-,14/11/2007,8
1743,(1541),https://cqranking.com/common/flags/USA.gif,ARNOPOL Richard,PEC,10/05/1992,8
1744,(2044),https://cqranking.com/common/flags/ALG.gif,BADLIS Slimane,-,16/10/2002,8
1745,(-),https://cqranking.com/common/flags/BEL.gif,DEPUYDT Daan,BPL,15/11/2003,8
1746,(-),https://cqranking.com/common/flags/BEL.gif,RAUS Jérôme,AIX,25/06/2003,8
1747,(-),https://cqranking.com/common/flags/GBR.gif,PRITCHARD Alexander,TND,05/06/1996,8
1748,(937),https://cqranking.com/common/flags/COL.gif,HODEG CHAGUI Alvaro Jose,MED,16/09/1996,8
1749,(-),https://cqranking.com/common/flags/ITA.gif,BIANCALANI Andrea,BTC,24/10/2000,8
1750,(1166),https://cqranking.com/common/flags/COL.gif,GARZON ALFONSO Oscar Santiago,GES,22/06/2003,8
1751,(2651),https://cqranking.com/common/flags/COL.gif,RICO LEMUS Cristian David,TNC,29/06/2001,8
1752,(2713),https://cqranking.com/common/flags/ESP.gif,ZAFRA CORONELLAS Marc,SQD,22/09/2006,8
1753,(1223),https://cqranking.com/common/flags/DEN.gif,KLARIS Magnus Bak,GSH,23/01/1996,8
1754,(1315),https://cqranking.com/common/flags/CPV.gif,CRUZ Patrick Nelio,-,26/12/2001,8
1755,(-),https://cqranking.com/common/flags/BEL.gif,BERNARD Thibaut,LWD,15/01/2003,8
1756,(-),https://cqranking.com/common/flags/USA.gif,SHELTON Noah,PEC,29/08/2006,8
1757,(-),https://cqranking.com/common/flags/BEL.gif,DE GENDT Leander,BVD,04/09/2007,8
1758,(2159),https://cqranking.com/common/flags/NED.gif,VERGOUW Julian,MET,28/09/2005,8
1759,(-),https://cqranking.com/common/flags/POL.gif,BEBEN Szymon,-,12/01/2006,8
1760,(1146),https://cqranking.com/common/flags/AUS.gif,HEFFERNAN William,CBW,13/12/2004,8
1761,(-),https://cqranking.com/common/flags/CAN.gif,COWAN Quentin,-,25/11/2003,8
1762,(-),https://cqranking.com/common/flags/GBR.gif,ASKEY Ben,-,14/03/2004,8
1763,(-),https://cqranking.com/common/flags/KEN.gif,MUNGAI Kenneth Karaya,-,27/01/1996,8
1764,(2190),https://cqranking.com/common/flags/MAS.gif,ABDUL HALIL Mohamad Izzat Hilmi,MPC,18/09/1995,8
1765,(1705),https://cqranking.com/common/flags/POL.gif,MASLAK Piotr,VOS,15/12/2003,8
1766,(1361),https://cqranking.com/common/flags/BEL.gif,WOUTERS Rutger,-,10/08/1991,8
1767,(-),https://cqranking.com/common/flags/NED.gif,KORTLEVE Bart,MET,23/10/2004,8
1768,(-),https://cqranking.com/common/flags/POR.gif,DOMINGUES Duarte,LAA,29/02/2004,8
1769,(1918),https://cqranking.com/common/flags/RSA.gif,GORDGE Kieran,HBG,29/06/2005,8
1770,(2135),https://cqranking.com/common/flags/SUI.gif,JANSSEN Christoph,FNX,28/04/2000,8
1771,(2448),https://cqranking.com/common/flags/MEX.gif,RUIZ TERAN Sebastian,-,09/04/2004,8
1772,(1913),https://cqranking.com/common/flags/NED.gif,SWENNE Delano,VWE,31/08/2002,8
1773,(-),https://cqranking.com/common/flags/BRA.gif,NASCIMENTO Rodrigo,LMS,23/06/1985,8
1774,(-),https://cqranking.com/common/flags/IRL.gif,CAULFIELD-DREIER Stefan,-,25/02/2003,8
1775,(1737),https://cqranking.com/common/flags/VEN.gif,PAREDES LOPEZ Anderson Timoteo,-,20/03/1995,8
1776,(1576),https://cqranking.com/common/flags/COL.gif,URIAN CARO Jose Misael,ESC,02/11/2002,8
1777,(2164),https://cqranking.com/common/flags/LAT.gif,HARKINS Girts,-,05/10/2005,8
1778,(-),https://cqranking.com/common/flags/BEL.gif,TIRRY Arthur,-,29/10/2005,8
1779,(1679),https://cqranking.com/common/flags/ARG.gif,DIAZ Adrian Lorenzo,-,14/06/1998,8
1780,(1619),https://cqranking.com/common/flags/CAN.gif,MATTERN Carson,-,24/02/2004,8
1781,(2166),https://cqranking.com/common/flags/NED.gif,VAN REES Christiaan,DPP,28/04/2005,8
1782,(-),https://cqranking.com/common/flags/ITA.gif,FRATICELLI Luca,IPD,06/08/2005,8
1783,(1975),https://cqranking.com/common/flags/MEX.gif,PRIETO DE LUNA Jose Antonio,-,01/01/2004,8
1784,(-),https://cqranking.com/common/flags/BEL.gif,COOMAN Kjell,-,03/03/2003,8
1785,(403),https://cqranking.com/common/flags/ERI.gif,ARAYA Nahom Zeray,TUK,12/09/2002,8
1786,(1948),https://cqranking.com/common/flags/SUI.gif,BÖGLI Noah,EFC,01/08/1996,8
1787,(-),https://cqranking.com/common/flags/FRA.gif,VASSAL Théophile,DCD,10/01/2007,8
1788,(1183),https://cqranking.com/common/flags/BEL.gif,REYNDERS Jens,-,25/05/1998,8
1789,(1519),https://cqranking.com/common/flags/GER.gif,HUPPERTZ Joshua,LKH,10/11/1994,8
1790,(1700),https://cqranking.com/common/flags/BRA.gif,MENDES Diego de Jesus,-,19/03/1990,8
1791,(1478),https://cqranking.com/common/flags/HUN.gif,FILUTAS Viktor,-,28/09/1996,8
1792,(-),https://cqranking.com/common/flags/FRA.gif,COUDIERE-CANTIN Timothée,VDU,09/10/2007,7
1793,(2314),https://cqranking.com/common/flags/SWE.gif,MELLBY Joel,LUC,03/08/2006,7
1794,(2767),https://cqranking.com/common/flags/CAY.gif,THOMPSON Ryan,-,28/10/2009,7
1795,(-),https://cqranking.com/common/flags/MKD.gif,KRSTOV Mihail,-,13/12/2001,7
1796,(-),https://cqranking.com/common/flags/TUR.gif,CICEK Mehmet Emin,KBB,02/02/2006,7
1797,(2517),https://cqranking.com/common/flags/ITA.gif,BELLERI Michael,BTC,13/05/1999,7
1798,(-),https://cqranking.com/common/flags/BLR.gif,KARALIOK Yauheni,BKC,09/06/1996,7
1799,(1667),https://cqranking.com/common/flags/PHI.gif,LUCERO Jericho Jay,G4G,21/11/1999,7
1800,(-),https://cqranking.com/common/flags/SLO.gif,STAJNAR Gasper,PGL,12/06/2007,7
1801,(-),https://cqranking.com/common/flags/NED.gif,VISSER Guillaume,EEW,23/07/2000,7
1802,(1791),https://cqranking.com/common/flags/RWA.gif,UWIDUHAYE Mike Paul,BBT,15/08/1997,7
1803,(2384),https://cqranking.com/common/flags/FRA.gif,NILSSON-JULIEN Oscar,AIX,10/01/2002,7
1804,(-),https://cqranking.com/common/flags/LBN.gif,PANAYOT Alexander,-,20/07/1983,7
1805,(-),https://cqranking.com/common/flags/INA.gif,RAMADHAN Ilham Dzikri,NCT,14/12/2001,7
1806,(-),https://cqranking.com/common/flags/PER.gif,GAMERO ZUÑIGA Alonso Miguel,-,23/12/1992,7
1807,(-),https://cqranking.com/common/flags/MAC.gif,LIU Qihua,-,01/07/2001,7
1808,(2763),https://cqranking.com/common/flags/CAY.gif,MORGAN Carl,-,25/08/1998,7
1809,(2753),https://cqranking.com/common/flags/BAH.gif,MUSGROVE Barron,-,26/07/2005,7
1810,(1404),https://cqranking.com/common/flags/ROU.gif,GROSU Eduard-Michael,-,04/09/1992,7
1811,(-),https://cqranking.com/common/flags/ITA.gif,SCARSO Andrea,PAD,29/04/2005,7
1812,(2004),https://cqranking.com/common/flags/ANG.gif,MARCELINO Dario Antonio,-,22/10/1992,7
1813,(1375),https://cqranking.com/common/flags/ESP.gif,AZANZA BURUSCO Ibai,EKP,22/02/2004,7
1814,(-),https://cqranking.com/common/flags/GRE.gif,APOSTOLOPOULOS Eleftherios,-,24/07/2007,7
1815,(727),https://cqranking.com/common/flags/FRA.gif,JOUSSEAUME Alan,TEN,03/08/1998,7
1816,(1388),https://cqranking.com/common/flags/ETH.gif,ABREHA Negasi Haylu,IPD,09/05/2000,7
1817,(-),https://cqranking.com/common/flags/ITA.gif,SERANGELI Giacomo,HBG,18/09/2007,7
1818,(-),https://cqranking.com/common/flags/SWZ.gif,MNISI Samkeliso,-,26/12/1999,7
1819,(-),https://cqranking.com/common/flags/MNE.gif,VUCKOVIC Jovan,-,20/01/2005,7
1820,(-),https://cqranking.com/common/flags/FRA.gif,BLANC Gustave,RBC,27/03/2007,7
1821,(1686),https://cqranking.com/common/flags/DOM.gif,GARCIA SANCHEZ Erlin Antonio,-,16/07/1983,7
1822,(-),https://cqranking.com/common/flags/NOR.gif,EVERTSEN-HEGREBERG Simen,LUC,23/03/2004,7
1823,(1601),https://cqranking.com/common/flags/LAO.gif,PHONASA Thavone,-,12/01/1994,7
1824,(-),https://cqranking.com/common/flags/HKG.gif,NG Wing Chung,QPT,18/06/1998,7
1825,(1569),https://cqranking.com/common/flags/TTO.gif,TREPTE Liam,-,04/12/2002,7
1826,(1994),https://cqranking.com/common/flags/BAR.gif,CLARKE Philip,-,31/12/1974,7
1827,(2568),https://cqranking.com/common/flags/SWE.gif,PERSSON Hugo,UNC,08/01/2005,7
1828,(-),https://cqranking.com/common/flags/AND.gif,MORA VIUDUZ Gerard,-,02/12/2006,7
1829,(2380),https://cqranking.com/common/flags/MLI.gif,DJIRE Daouda,-,06/11/1998,7
1830,(1787),https://cqranking.com/common/flags/CZE.gif,SCHURAN Michal,TUS,30/06/1996,7
1831,(-),https://cqranking.com/common/flags/SEY.gif,BRUTUS Derick,-,7,
1832,(1070),https://cqranking.com/common/flags/BEN.gif,SODJEDE Ricardo Chilvers,-,26/05/2001,7
1833,(-),https://cqranking.com/common/flags/BUL.gif,VAN DER MERWE Nicholas,-,11/01/2007,7
1834,(-),https://cqranking.com/common/flags/ETH.gif,LEMA Yared,-,20/05/2006,7
1835,(-),https://cqranking.com/common/flags/ZAM.gif,MAZABUKA Mathews,-,10/07/2000,7
1836,(-),https://cqranking.com/common/flags/DOM.gif,MARTE VALDEZ Roger,-,05/07/2004,7
1837,(2232),https://cqranking.com/common/flags/DEN.gif,BAK Simon,TGS,02/12/2000,7
1838,(-),https://cqranking.com/common/flags/CPV.gif,MIKLOS Mota,-,07/02/2006,7
1839,(-),https://cqranking.com/common/flags/NZL.gif,WATTS Kiaan,NDT,27/07/2001,7
1840,(-),https://cqranking.com/common/flags/ITA.gif,FERMANELLI Marco,IPD,11/10/2003,7
1841,(-),https://cqranking.com/common/flags/SLO.gif,KOVACIC Miran,-,13/09/1995,7
1842,(-),https://cqranking.com/common/flags/SIN.gif,POON Chung Kiat,-,04/01/1974,7
1843,(-),https://cqranking.com/common/flags/MAR.gif,ECHCHAIB Mouhcine,-,26/09/2001,7
1844,(-),https://cqranking.com/common/flags/BEN.gif,GANDAHO Maurice Coffi Charbel,-,22/09/2006,7
1845,(-),https://cqranking.com/common/flags/BOT.gif,KELAOTSWE Gomolemo,-,01/09/2004,7
1846,(-),https://cqranking.com/common/flags/BEL.gif,DE NEVE Joerik,-,30/08/1999,7
1847,(-),https://cqranking.com/common/flags/VEN.gif,GIL BRICEÑO Gusneiver Jose,-,09/05/1987,7
1848,(2522),https://cqranking.com/common/flags/POL.gif,MUSIALIK Jakub,LPP,06/03/2002,7
1849,(1464),https://cqranking.com/common/flags/TUR.gif,EMISCI Ferhat,STC,25/10/2004,7
1850,(1827),https://cqranking.com/common/flags/BEL.gif,WYSEURE Joran,APD,09/01/2001,7
1851,(2085),https://cqranking.com/common/flags/JAM.gif,DIXON Jaequan,-,20/06/2006,7
1852,(1082),https://cqranking.com/common/flags/NED.gif,VAN SINTMAARTENSDIJK Daan,BCY,11/06/1998,7
1853,(-),https://cqranking.com/common/flags/SEN.gif,FALL Dame,-,05/03/2004,7
1854,(-),https://cqranking.com/common/flags/CHI.gif,RAMIREZ VERA Cristobal Ignacio,-,06/02/2001,7
1855,(2015),https://cqranking.com/common/flags/AUS.gif,BURTON Matthew,-,20/01/1988,7
1856,(-),https://cqranking.com/common/flags/KAZ.gif,ALIK Batyrkhan,ALM,09/05/2006,7
1857,(-),https://cqranking.com/common/flags/BIH.gif,SAVIC Zivko,-,07/10/1987,7
1858,(-),https://cqranking.com/common/flags/ZIM.gif,RAVLA Prateek,-,30/04/2007,7
1859,(1295),https://cqranking.com/common/flags/COL.gif,GUTIERREZ BALLESTEROS Carlos Alberto,TNC,25/08/1995,7
1860,(2061),https://cqranking.com/common/flags/ANT.gif,MACK Newell,-,03/02/1984,7
1861,(2122),https://cqranking.com/common/flags/CAN.gif,MILES Carson,ACR,02/07/2000,7
1862,(2360),https://cqranking.com/common/flags/EGY.gif,ELSAIFY Hassan,-,09/04/1998,7
1863,(-),https://cqranking.com/common/flags/BOT.gif,KHONOFU Rebaone,-,13/04/2006,7
1864,(2631),https://cqranking.com/common/flags/MDA.gif,MORGUN Genadii,-,18/01/2003,7
1865,(-),https://cqranking.com/common/flags/EGY.gif,ADEL ELZOGHABY Abdelrahman,-,18/11/1997,7
1866,(2470),https://cqranking.com/common/flags/ARG.gif,BROGGI German Ezequiel,-,08/08/1985,7
1867,(1745),https://cqranking.com/common/flags/FRA.gif,LE NY Jean-Louis,VCR,29/01/1998,7
1868,(2322),https://cqranking.com/common/flags/GBS.gif,CA Apolinario,-,24/12/1991,7
1869,(2432),https://cqranking.com/common/flags/CHI.gif,ROJAS RIVAS Diego,-,19/02/2005,7
1870,(2737),https://cqranking.com/common/flags/FIN.gif,TEPPO Petja,UNC,18/05/2006,7
1871,(-),https://cqranking.com/common/flags/AUS.gif,SMITH Jeremy,OCT,02/10/2006,7
1872,(-),https://cqranking.com/common/flags/NED.gif,MOURIS Michiel,RBC,07/02/2007,7
1873,(-),https://cqranking.com/common/flags/FRA.gif,DEVROUTE Corentin,-,08/10/2003,7
1874,(1626),https://cqranking.com/common/flags/SLO.gif,GLADEK Marcel,FRT,31/07/2005,7
1875,(1456),https://cqranking.com/common/flags/GBR.gif,MACKIE Ewan,-,12/07/2002,7
1876,(736),https://cqranking.com/common/flags/THA.gif,CHAWCHIANGKWANG Peerapol,TCC,17/10/1986,7
1877,(2412),https://cqranking.com/common/flags/SWE.gif,CARLSSON Jimmy,-,10/09/1989,7
1878,(2299),https://cqranking.com/common/flags/POL.gif,LEWANDOWSKI Dawid,NDT,04/04/2006,7
1879,(-),https://cqranking.com/common/flags/UAE.gif,ALKAABI Saif Mayouf,-,11/08/1995,7
1880,(-),https://cqranking.com/common/flags/GUY.gif,KEILER Marcus,-,23/07/1999,7
1881,(-),https://cqranking.com/common/flags/MKD.gif,ILIJEVSKI Ivan,-,15/07/2005,7
1882,(2646),https://cqranking.com/common/flags/BOL.gif,ARAMAYO VILLENA Jose Manuel,PRC,15/08/2002,7
1883,(-),https://cqranking.com/common/flags/AZE.gif,GURBANOV Ali,-,23/10/2000,7
1884,(1500),https://cqranking.com/common/flags/GBR.gif,HICKS Dylan,UNC,05/04/2004,7
1885,(2028),https://cqranking.com/common/flags/UKR.gif,HRYNIV Vitaliy,-,05/04/1995,7
1886,(-),https://cqranking.com/common/flags/UKR.gif,BILYI Maksym,-,16/01/2001,7
1887,(-),https://cqranking.com/common/flags/BIH.gif,SELIMOVIC Husein,-,04/01/2001,7
1888,(-),https://cqranking.com/common/flags/BEL.gif,KEPPENS Cedric,VLD,10/03/2006,7
1889,(-),https://cqranking.com/common/flags/RSA.gif,ERASMUS Alexander,TPC,12/02/2007,7
1890,(2800),https://cqranking.com/common/flags/POL.gif,PROKOPYSZYN Filip,-,10/08/2000,7
1891,(-),https://cqranking.com/common/flags/ESA.gif,REYES CANALES Denis Stiven,-,10/12/2000,7
1892,(2450),https://cqranking.com/common/flags/LCA.gif,JOSEPH Eltus,-,11/01/2004,7
1893,(-),https://cqranking.com/common/flags/GUA.gif,BORON RABINAL Melvin Daniel,-,20/06/1998,7
1894,(-),https://cqranking.com/common/flags/KOR.gif,MIN Kyeong-ho,SCT,25/07/1996,7
1895,(2200),https://cqranking.com/common/flags/USA.gif,MCGILL Scott,MAP,20/09/1998,7
1896,(-),https://cqranking.com/common/flags/BUR.gif,MOUNI Vincent,-,22/01/2000,7
1897,(-),https://cqranking.com/common/flags/ITA.gif,GUGLIELMI Lorenzo,SOA,27/06/2007,7
1898,(1260),https://cqranking.com/common/flags/RWA.gif,NSENGIYUMVA Shemu,-,03/02/1998,7
1899,(1439),https://cqranking.com/common/flags/MLI.gif,DIALLO Yaya,-,15/01/1997,7
1900,(2784),https://cqranking.com/common/flags/GER.gif,HOMRIGHAUSEN Heiko,-,05/04/1997,7
1901,(-),https://cqranking.com/common/flags/PHI.gif,MANDAC Marvin,G4G,07/10/2007,7
1902,(1479),https://cqranking.com/common/flags/KOR.gif,JUNG Woo-ho,SCT,17/11/1997,7
1903,(-),https://cqranking.com/common/flags/BEL.gif,INION Sander,-,08/07/2003,6
1904,(2701),https://cqranking.com/common/flags/IRL.gif,INGLIS Ian,-,09/04/1994,6
1905,(-),https://cqranking.com/common/flags/VEN.gif,GOYO PIÑA Jesus Miguel,-,14/07/2004,6
1906,(-),https://cqranking.com/common/flags/JPN.gif,ASO Keisuke,SPA,14/04/1992,6
1907,(-),https://cqranking.com/common/flags/PHI.gif,BONDOC Rench Michael Abarca,G4G,11/08/2001,6
1908,(-),https://cqranking.com/common/flags/VEN.gif,QUINTERO DUARTE Antoni Samuel,-,12/02/2005,6
1909,(2136),https://cqranking.com/common/flags/FRA.gif,URCEL Damien,-,21/03/1997,6
1910,(1129),https://cqranking.com/common/flags/ROU.gif,MOLDANSKY Gerhard-Cristin,MEN,24/12/1999,6
1911,(-),https://cqranking.com/common/flags/ESP.gif,GOMEZ LOPEZ DE GOICOECHEA Iker,EKP,27/03/2006,6
1912,(-),https://cqranking.com/common/flags/FRA.gif,CORON Justin,VCR,30/07/2005,6
1913,(-),https://cqranking.com/common/flags/ARG.gif,LOPARDO Lucas,-,25/09/1986,6
1914,(2852),https://cqranking.com/common/flags/SWE.gif,LARSSON Linus,EFA,21/07/2006,6
1915,(1319),https://cqranking.com/common/flags/COL.gif,OYOLA OYOLA Robigzon Leandro,MED,10/08/1988,6
1916,(-),https://cqranking.com/common/flags/FRA.gif,CARTY Jahkim,NMC,12/09/2006,6
1917,(1736),https://cqranking.com/common/flags/FRA.gif,LECROQ Jérémy,AUB,07/04/1995,6
1918,(-),https://cqranking.com/common/flags/ITA.gif,BARUZZI Francesco,VLD,03/01/2007,6
1919,(2699),https://cqranking.com/common/flags/ALG.gif,ESSEMIANI Nasrallah Mohamed Aissa,MPT,02/02/2005,6
1920,(1341),https://cqranking.com/common/flags/COL.gif,OSORIO CARVAJAL Alejandro,-,28/05/1998,6
1921,(-),https://cqranking.com/common/flags/COL.gif,HOYOS CANO Juan Diego,ESC,10/12/1996,6
1922,(-),https://cqranking.com/common/flags/BEL.gif,DE SUTTER Stijn,-,20/08/2002,6
1923,(-),https://cqranking.com/common/flags/GRE.gif,KYRIAKIDIS Ioannis,-,14/07/1998,6
1924,(2823),https://cqranking.com/common/flags/GER.gif,APPELBAUM Henri Johannes,TSM,30/10/2004,6
1925,(-),https://cqranking.com/common/flags/IRL.gif,SMITH Luke,-,19/01/1999,6
1926,(-),https://cqranking.com/common/flags/NED.gif,JACOBS Arne,-,25/10/1997,6
1927,(-),https://cqranking.com/common/flags/ALB.gif,PIKU Leo,-,14/10/2007,6
1928,(2748),https://cqranking.com/common/flags/UZB.gif,MOVLONBERDIYEV Mustafo,-,28/05/2006,6
1929,(-),https://cqranking.com/common/flags/ITA.gif,ROSSETTI Thomas,GEF,10/01/2005,6
1930,(-),https://cqranking.com/common/flags/IRI.gif,OLAMAEI Mahdi,-,09/02/1987,6
1931,(455),https://cqranking.com/common/flags/JPN.gif,ARASHIRO Yukiya,TFT,22/09/1984,6
1932,(1492),https://cqranking.com/common/flags/AUT.gif,SCHMIDBAUER Maximilian,SIC,23/12/2001,6
1933,(757),https://cqranking.com/common/flags/ITA.gif,EPIS Giosué,-,04/03/2002,6
1934,(763),https://cqranking.com/common/flags/ESP.gif,SEVILLA RIVERA Oscar Miguel,MED,29/09/1976,6
1935,(2824),https://cqranking.com/common/flags/NZL.gif,RUSH Christian,FAS,10/12/2001,6
1936,(-),https://cqranking.com/common/flags/BEL.gif,VAN STRIJTHEM Matijs,SQD,14/03/2006,6
1937,(-),https://cqranking.com/common/flags/NED.gif,ERBERVELD Jorik,-,14/08/2006,6
1938,(1421),https://cqranking.com/common/flags/EST.gif,AUS Aaron,QPT,10/03/2004,6
1939,(1189),https://cqranking.com/common/flags/KOR.gif,YUN Jae-bin,ROI,17/04/2001,6
1940,(-),https://cqranking.com/common/flags/NED.gif,BROEX Victor,MET,31/01/2000,6
1941,(-),https://cqranking.com/common/flags/ESP.gif,ROTA RUS Oscar,BOA,19/02/2002,6
1942,(1226),https://cqranking.com/common/flags/TTO.gif,CAMPBELL Akil,-,01/02/1996,6
1943,(-),https://cqranking.com/common/flags/GUA.gif,CALI SEN Wilder,-,09/12/2002,6
1944,(-),https://cqranking.com/common/flags/CZE.gif,KERL Maximilian,FGI,21/09/2004,6
1945,(1525),https://cqranking.com/common/flags/NOR.gif,HOLSTAD Ludvik Aspelund,RSK,01/08/1998,6
1946,(-),https://cqranking.com/common/flags/GBR.gif,DAINTY Harrison,-,14/07/2007,6
1947,(-),https://cqranking.com/common/flags/ERI.gif,ZERIGABIR Efrem,-,18/08/2007,6
1948,(2685),https://cqranking.com/common/flags/MGL.gif,INJYENYER Bilguun,-,31/05/2004,6
1949,(-),https://cqranking.com/common/flags/ITA.gif,MOTTES Lorenzo,UTC,15/09/2005,6
1950,(-),https://cqranking.com/common/flags/MNE.gif,SARAC Srdan,-,15/03/1994,6
1951,(-),https://cqranking.com/common/flags/GBR.gif,TRBOVIC Nicholas,-,22/04/1991,6
1952,(-),https://cqranking.com/common/flags/COL.gif,CALDERON PALACIO Jeronimo,ESC,08/01/2007,6
1953,(-),https://cqranking.com/common/flags/COL.gif,COLON BUELVAS Johan Antonio,GES,26/08/1995,6
1954,(1622),https://cqranking.com/common/flags/AZE.gif,ISRAFILOV Tural,-,15/12/2006,6
1955,(-),https://cqranking.com/common/flags/URU.gif,ANCHIERI ZUNINO Pablo Sebastian,-,18/04/1989,6
1956,(-),https://cqranking.com/common/flags/FRA.gif,MASSA Dylan,NMC,14/02/2006,6
1957,(2414),https://cqranking.com/common/flags/CAN.gif,PARRISH Campbell,-,13/12/2004,6
1958,(737),https://cqranking.com/common/flags/POL.gif,BERNAS Pawel,VOS,24/05/1990,6
1959,(1862),https://cqranking.com/common/flags/BEL.gif,TORNEY Artuur,TFB,01/09/2003,6
1960,(712),https://cqranking.com/common/flags/CZE.gif,VANICEK Simon,ATT,01/10/1999,6
1961,(-),https://cqranking.com/common/flags/GBR.gif,KRASINSKI Max,-,27/04/2003,6
1962,(1494),https://cqranking.com/common/flags/LAT.gif,VINDECS Agris,-,05/07/2001,6
1963,(2268),https://cqranking.com/common/flags/JPN.gif,MINAMI Kazuto,ART,15/08/2003,6
1964,(-),https://cqranking.com/common/flags/ESP.gif,FRANQUESA PRATS Adria,OCT,16/01/2004,6
1965,(-),https://cqranking.com/common/flags/CZE.gif,MATEJEK Simon,FRT,11/07/2007,6
1966,(2665),https://cqranking.com/common/flags/ITA.gif,VOLPATO Leonardo,CMP,14/12/2004,6
1967,(1048),https://cqranking.com/common/flags/ETH.gif,REDAE Tesfu Bizaye,MPT,05/12/2002,6
1968,(2356),https://cqranking.com/common/flags/GBR.gif,JOBBER James,THT,09/01/1994,6
1969,(1085),https://cqranking.com/common/flags/POL.gif,KOSTANSKI Mateusz,LPP,03/05/1999,6
1970,(2812),https://cqranking.com/common/flags/FRA.gif,BOULET Enzo,VVB,26/02/2003,6
1971,(-),https://cqranking.com/common/flags/ESP.gif,FERNANDEZ HERES Samuel,EUS,14/05/2003,6
1972,(1172),https://cqranking.com/common/flags/ITA.gif,GINESTRA Lorenzo,SWT,06/11/2000,6
1973,(-),https://cqranking.com/common/flags/FRA.gif,FERREIRA Louis,ACR,09/08/2000,6
1974,(-),https://cqranking.com/common/flags/LUX.gif,ASTOLFI Flavio,-,25/12/2007,6
1975,(-),https://cqranking.com/common/flags/HUN.gif,KARPATI Balint,-,14/12/2005,6
1976,(-),https://cqranking.com/common/flags/GBR.gif,WALSHAM Sam,-,13/03/2000,6
1977,(-),https://cqranking.com/common/flags/POR.gif,REIS Rafael Miguel,CDF,30/03/2007,6
1978,(2191),https://cqranking.com/common/flags/GER.gif,MERSEBURG Dominik,-,15/09/1991,6
1979,(862),https://cqranking.com/common/flags/ESP.gif,GARCIA SORIANO Jose Maria,MRT,17/11/1998,6
1980,(2491),https://cqranking.com/common/flags/ERI.gif,ALEM Yosief,-,18/06/2006,6
1981,(-),https://cqranking.com/common/flags/BEL.gif,CLERX Ferre,-,16/09/2005,6
1982,(-),https://cqranking.com/common/flags/BEL.gif,DE DOBBELAERE Born,VWE,18/07/2005,6
1983,(-),https://cqranking.com/common/flags/ARG.gif,DUQUE CANO Mateo,A6C,13/09/2005,6
1984,(-),https://cqranking.com/common/flags/RUS.gif,NOVIKOV Savva,-,27/07/1999,6
1985,(1936),https://cqranking.com/common/flags/PAN.gif,LORENZO Randish Abdul,-,24/05/1997,6
1986,(-),https://cqranking.com/common/flags/CHN.gif,HU Renhao,CDT,04/06/2001,6
1987,(2236),https://cqranking.com/common/flags/BEL.gif,CLAEYS Robbe,VWE,13/11/2000,6
1988,(-),https://cqranking.com/common/flags/FRA.gif,HERBRETEAU Victor,-,30/11/2006,6
1989,(1573),https://cqranking.com/common/flags/ECU.gif,MONTEROS ROMERO Luis Javier,BES,12/09/2003,6
1990,(-),https://cqranking.com/common/flags/NED.gif,BRASPENNING Martijn,-,12/06/2006,6
1991,(-),https://cqranking.com/common/flags/GBR.gif,PERKINS Bradley,-,24/10/2003,6
1992,(1908),https://cqranking.com/common/flags/BEN.gif,SAIZONOU Glorad,-,30/07/2004,6
1993,(-),https://cqranking.com/common/flags/NZL.gif,ERWOOD Marshall,NZP,22/02/2005,6
1994,(-),https://cqranking.com/common/flags/ECU.gif,PALMA CHAUCANES Anderson David,-,07/08/2003,6
1995,(-),https://cqranking.com/common/flags/ROU.gif,PESCARU Patrick,-,13/03/2002,6
1996,(-),https://cqranking.com/common/flags/UKR.gif,MELNYKOV Dmytro,-,29/01/1989,6
1997,(-),https://cqranking.com/common/flags/TUR.gif,OZKALBIM Kaan Soylu,STC,12/10/2002,6
1998,(-),https://cqranking.com/common/flags/ESP.gif,AGUIRRE SUBIJANA Yago,EUS,30/08/2004,6
1999,(-),https://cqranking.com/common/flags/IRL.gif,WATSON Lindsay,-,25/04/1989,5
2000,(-),https://cqranking.com/common/flags/AUS.gif,PROCTOR-PARKER Dylan,-,12/12/2004,5
2001,(1695),https://cqranking.com/common/flags/BEL.gif,MOONEN Zeno,TIS,03/07/2003,5
2002,(1648),https://cqranking.com/common/flags/GBR.gif,ARMITT Hamish,TNN,24/06/2002,5
2003,(2678),https://cqranking.com/common/flags/USA.gif,KILLY Jonah,TIS,01/05/2003,5
2004,(1824),https://cqranking.com/common/flags/NED.gif,VOOGT Niek,AVV,15/01/2001,5
2005,(2165),https://cqranking.com/common/flags/BEL.gif,DOCKX Gilles,AAR,07/03/2005,5
2006,(2175),https://cqranking.com/common/flags/ESP.gif,MARTIN CUEVAS Marco,EUS,05/10/2006,5
2007,(-),https://cqranking.com/common/flags/GER.gif,MAUSS Moritz,UAZ,15/06/2007,5
2008,(-),https://cqranking.com/common/flags/BEL.gif,VAN DEN HAUTE Milan,TFB,14/10/2005,5
2009,(-),https://cqranking.com/common/flags/ITA.gif,POLI Umberto,TNN,27/08/1996,5
2010,(-),https://cqranking.com/common/flags/GBR.gif,GARDNER Arthur Thomas,-,06/02/2004,5
2011,(1264),https://cqranking.com/common/flags/POL.gif,VAN DER TUUK Danny,EUS,05/11/1999,5
2012,(1116),https://cqranking.com/common/flags/NED.gif,ROOSEN Timo,TPP,11/01/1993,5
2013,(1442),https://cqranking.com/common/flags/SUI.gif,SUTER Joel,-,25/10/1998,5
2014,(311),https://cqranking.com/common/flags/ITA.gif,FORMOLO Davide,MOV,25/10/1992,5
2015,(2001),https://cqranking.com/common/flags/USA.gif,CARPENTER Robin,MAP,20/06/1992,5
2016,(2822),https://cqranking.com/common/flags/NOR.gif,NAKKEN Tobias Risan,DRP,03/09/2004,5
2017,(2711),https://cqranking.com/common/flags/FRA.gif,GUERINEL Manu,-,25/08/2003,5
2018,(1317),https://cqranking.com/common/flags/GBR.gif,MORGAN Edward,-,29/07/2000,5
2019,(2838),https://cqranking.com/common/flags/ECU.gif,ALVAREZ ACOSTA Hector Renan,BES,14/07/2006,5
2020,(2570),https://cqranking.com/common/flags/ITA.gif,PIZZI Nicolo,TER,12/09/2006,5
2021,(2201),https://cqranking.com/common/flags/DEN.gif,KNUDSEN Oliver,SWT,08/01/1999,5
2022,(-),https://cqranking.com/common/flags/BEL.gif,MELLAERTS Robbe,BPL,18/08/2001,5
2023,(787),https://cqranking.com/common/flags/NED.gif,VAN DER HOORN Taco,LOI,04/12/1993,5
2024,(2723),https://cqranking.com/common/flags/KAZ.gif,PODLUZHNYY Mikhail,XAD,10/01/2006,5
2025,(-),https://cqranking.com/common/flags/ESP.gif,GARCIA FRANCES Pablo,-,16/01/2001,5
2026,(-),https://cqranking.com/common/flags/CHN.gif,GUO Shourong,TYD,03/02/2002,5
2027,(504),https://cqranking.com/common/flags/GBR.gif,GRANGER Ben,TFT,08/08/2000,5
2028,(1051),https://cqranking.com/common/flags/NED.gif,VAN DER MEULEN Max,TBV,13/01/2004,5
2029,(1761),https://cqranking.com/common/flags/ITA.gif,BRUNO Andrea Alfio,-,04/02/2003,5
2030,(1118),https://cqranking.com/common/flags/CZE.gif,TOUPALIK Adam,URR,09/05/1996,5
2031,(1687),https://cqranking.com/common/flags/BEL.gif,VANDENBRANDEN Noah,TFB,29/07/2002,5
2032,(-),https://cqranking.com/common/flags/NED.gif,VAN DER WERF Sven,-,16/11/2004,5
2033,(1953),https://cqranking.com/common/flags/AUS.gif,STENNING Oliver,KSZ,27/02/1998,5
2034,(826),https://cqranking.com/common/flags/BEL.gif,GHYS Robbe,DCT,11/01/1997,5
2035,(-),https://cqranking.com/common/flags/GBR.gif,TOWERS Lucas,MAP,09/11/2003,5
2036,(1589),https://cqranking.com/common/flags/HUN.gif,GROSZ Gergo,FAS,15/10/2006,5
2037,(-),https://cqranking.com/common/flags/ITA.gif,CRESCIOLI Giosue,-,20/04/2001,5
2038,(971),https://cqranking.com/common/flags/COL.gif,MUÑOZ LANCHEROS Cristian Camilo,-,20/03/1996,5
2039,(-),https://cqranking.com/common/flags/LTU.gif,BRUZAS Dovydas,ENT,06/12/2006,5
2040,(1640),https://cqranking.com/common/flags/COL.gif,PINZON VILLALBA Edgar Andres,ESC,25/05/2001,5
2041,(-),https://cqranking.com/common/flags/DEN.gif,HOUGAARD Frederik Dupont,-,01/03/2006,5
2042,(-),https://cqranking.com/common/flags/BRA.gif,LAZZARI Cristian Luis,-,12/08/1999,5
2043,(-),https://cqranking.com/common/flags/ITA.gif,SCOFET Matteo,PAD,22/07/2007,5
2044,(-),https://cqranking.com/common/flags/CAN.gif,GAUTHIER Nicolas,-,21/06/2007,5
2045,(1590),https://cqranking.com/common/flags/ESP.gif,FAJARDO TOLEDO Adrian,BBH,27/10/2003,5
2046,(-),https://cqranking.com/common/flags/AUS.gif,SHANNON Tynan,TBN,22/01/2000,5
2047,(1343),https://cqranking.com/common/flags/FIN.gif,HÄNNINEN Jaakko,NMC,16/04/1997,5
2048,(925),https://cqranking.com/common/flags/ITA.gif,FORTIN Filippo,HAC,01/02/1989,5
2049,(-),https://cqranking.com/common/flags/USA.gif,GARDON Elouan,-,08/05/2006,5
2050,(-),https://cqranking.com/common/flags/CAN.gif,RIGBY Monty,TIR,21/09/2007,5
2051,(-),https://cqranking.com/common/flags/POL.gif,KUS Adam,-,02/02/1999,5
2052,(-),https://cqranking.com/common/flags/JPN.gif,HINO Taisei,SMN,27/08/2000,5
2053,(1111),https://cqranking.com/common/flags/NED.gif,AGRICOLA Danijel,MET,15/02/2006,5
2054,(-),https://cqranking.com/common/flags/DEN.gif,RODENBERG MADSEN Frederik,-,22/01/1998,5
2055,(2709),https://cqranking.com/common/flags/FRA.gif,LEVEQUE Théo,TEN,21/01/2004,5
2056,(-),https://cqranking.com/common/flags/BRA.gif,REZENDE JUNIOR Edson Gilmar,LMS,24/01/1997,5
2057,(-),https://cqranking.com/common/flags/FRA.gif,DAVID Leo,-,17/03/2005,5
2058,(-),https://cqranking.com/common/flags/GBR.gif,HOBBS Henry,VLD,20/05/2007,5
2059,(1856),https://cqranking.com/common/flags/BEL.gif,VANDENBERGHE Viktor,PSC,26/04/2005,5
2060,(-),https://cqranking.com/common/flags/ESP.gif,MARTIN MUÑOZ Jose Maria,EKP,02/04/2001,5
2061,(1502),https://cqranking.com/common/flags/GER.gif,BEHRENS Niklas,TVL,06/11/2003,5
2062,(1171),https://cqranking.com/common/flags/BEL.gif,HUYS Laurens,NMC,24/09/1998,5
2063,(-),https://cqranking.com/common/flags/GER.gif,HARTER Luca,-,23/09/2002,5
2064,(-),https://cqranking.com/common/flags/GER.gif,LENNEMANN Anton Theo,BAI,05/03/2003,5
2065,(-),https://cqranking.com/common/flags/RUS.gif,SADYKOV Ilyas,-,20/09/2006,5
2066,(1400),https://cqranking.com/common/flags/SLO.gif,FLAJS Maj,FRT,28/01/2005,5
2067,(-),https://cqranking.com/common/flags/COD.gif,KASEREKA KYAVIRO Joël,-,12/09/2002,5
2068,(-),https://cqranking.com/common/flags/FRA.gif,GICQUEL Gabin,VDU,29/06/2007,5
2069,(2149),https://cqranking.com/common/flags/LUX.gif,MORANG Mil,LKH,15/09/2004,5
2070,(2252),https://cqranking.com/common/flags/FRA.gif,SAVIOZ Colin,URR,11/06/2004,5
2071,(2111),https://cqranking.com/common/flags/POR.gif,MARTINGIL Cesar Alexandre Feiteira,TAV,10/01/1995,5
2072,(1846),https://cqranking.com/common/flags/ESP.gif,IBAÑEZ BELTRAN DE SALAZAR Javier,CJR,29/11/2001,5
2073,(-),https://cqranking.com/common/flags/POL.gif,PERA Marceli,ENT,17/06/2006,5
2074,(-),https://cqranking.com/common/flags/BEL.gif,JACOBS Lennes,DPP,15/12/2007,5
2075,(200),https://cqranking.com/common/flags/NOR.gif,FREDHEIM Stian,UXM,23/03/2003,5
2076,(2170),https://cqranking.com/common/flags/FRA.gif,GREGOIRE Baptiste,CGF,13/02/2006,5
2077,(626),https://cqranking.com/common/flags/IRL.gif,CORKERY Dillon,TPP,12/02/1999,5
2078,(-),https://cqranking.com/common/flags/MAS.gif,ABD HALIM Muhammad Shahmir Aiman,TSG,24/04/2000,5
2079,(2138),https://cqranking.com/common/flags/AUT.gif,DIRNBAUER Josef,HAC,27/06/1998,5
2080,(-),https://cqranking.com/common/flags/CHN.gif,LI Boan,BDR,03/09/2000,5
2081,(1200),https://cqranking.com/common/flags/NED.gif,JONKMANS Tom,-,21/04/2002,5
2082,(-),https://cqranking.com/common/flags/CMR.gif,MOUHAMMED Ibrahim,-,15/04/2006,5
2083,(-),https://cqranking.com/common/flags/POR.gif,FRANCISCO Filipe,ALL,15/10/1998,5
2084,(2255),https://cqranking.com/common/flags/DEN.gif,SØRENSEN Anders Vos,TCQ,11/03/2004,5
2085,(1674),https://cqranking.com/common/flags/DEN.gif,SKIVILD Robin Juel,-,21/08/2001,5
2086,(1245),https://cqranking.com/common/flags/POR.gif,SILVA Joaquim Ricardo Soares,EFP,19/03/1992,5
2087,(-),https://cqranking.com/common/flags/AUS.gif,STEVENSON Lucas,TBN,24/11/2007,5
2088,(1681),https://cqranking.com/common/flags/CZE.gif,KMINEK Vojtech,BBH,11/09/2000,5
2089,(881),https://cqranking.com/common/flags/ITA.gif,BRACALENTE Diego,MBH,06/12/2004,5
2090,(1187),https://cqranking.com/common/flags/COL.gif,BUSTAMANTE RUDA Adrian Camilo,GSU,10/06/1998,5
2091,(2261),https://cqranking.com/common/flags/GER.gif,KELLER Paul,TSM,07/05/2003,5
2092,(-),https://cqranking.com/common/flags/RUS.gif,POPOV Mark,-,17/05/2007,5
2093,(-),https://cqranking.com/common/flags/SUI.gif,SCHLEUNIGER Nicola,RRS,24/08/2003,5
2094,(-),https://cqranking.com/common/flags/FRA.gif,LARRONDE Ellande,CJR,07/11/2006,5
2095,(-),https://cqranking.com/common/flags/HKG.gif,WU Chun Yin,HKS,27/06/2006,5
2096,(2480),https://cqranking.com/common/flags/ESP.gif,RAMOS MURILLO Unai,EKP,24/09/2005,5
2097,(-),https://cqranking.com/common/flags/GBR.gif,TINSLEY Lewis,-,21/10/2006,5
2098,(-),https://cqranking.com/common/flags/ESP.gif,VILLAR GALDEANO Iker,CJR,24/11/2006,5
2099,(1804),https://cqranking.com/common/flags/NZL.gif,MEO Felix James,TFT,03/04/1997,5
2100,(-),https://cqranking.com/common/flags/FRA.gif,CHARRET Camille,COF,03/07/2006,5
2101,(1593),https://cqranking.com/common/flags/FRA.gif,BREANT Romain,-,29/06/2004,5
2102,(2203),https://cqranking.com/common/flags/ITA.gif,IACCHI Alessandro,TFT,26/05/1999,5
2103,(1624),https://cqranking.com/common/flags/AUS.gif,LANE WELSH Tali,CBW,17/08/2000,5
2104,(-),https://cqranking.com/common/flags/DEN.gif,ANDERSEN Noah Lindholm Møller,RBC,27/01/2007,5
2105,(-),https://cqranking.com/common/flags/DEN.gif,FALK RASMUSSEN Nicklas Lilleskov,-,13/07/1997,5
2106,(1305),https://cqranking.com/common/flags/USA.gif,CHRISTIAN Sean,MAP,20/04/2002,5
2107,(430),https://cqranking.com/common/flags/ITA.gif,CONCA Filippo,JAY,22/09/1998,5
2108,(2402),https://cqranking.com/common/flags/AUS.gif,EATHER Kurt,CBW,24/05/2001,5
2109,(118),https://cqranking.com/common/flags/AUS.gif,GROVES Kaden,APT,23/12/1998,5
2110,(-),https://cqranking.com/common/flags/NAM.gif,HANEKOM Jaques,-,22/01/2003,4
2111,(1318),https://cqranking.com/common/flags/GUY.gif,NEWTON Aaron,-,23/03/2005,4
2112,(-),https://cqranking.com/common/flags/BEL.gif,VANDENBULCKE Alex,HST,25/11/2001,4
2113,(-),https://cqranking.com/common/flags/CZE.gif,BITTNER Jan,KCR,23/06/2005,4
2114,(-),https://cqranking.com/common/flags/UZB.gif,NEMATOV Abdurahmon,SAB,01/02/2005,4
2115,(-),https://cqranking.com/common/flags/ITA.gif,BAGNARA Luca,IPD,02/12/2003,4
2116,(2873),https://cqranking.com/common/flags/AUT.gif,VIEHBÖCK Paul,TIR,09/03/2006,4
2117,(-),https://cqranking.com/common/flags/ESP.gif,JIMENEZ MARTINEZ Eleazar,-,23/09/2006,4
2118,(-),https://cqranking.com/common/flags/MDA.gif,HARITONOV Andrei,-,05/03/1985,4
2119,(-),https://cqranking.com/common/flags/EST.gif,TAMMEPUU Riko,UNC,16/05/2007,4
2120,(1094),https://cqranking.com/common/flags/MEX.gif,PRIETO DE LUNA Jose Juan,-,01/01/2004,4
2121,(1263),https://cqranking.com/common/flags/CMR.gif,TIENTCHEU Michel Boris,-,19/08/1992,4
2122,(-),https://cqranking.com/common/flags/CAN.gif,MORIN Ben,NDT,27/08/2007,4
2123,(1823),https://cqranking.com/common/flags/JPN.gif,MIYAZAKI Taishi,ABZ,05/09/1999,4
2124,(1528),https://cqranking.com/common/flags/UAE.gif,ALSABBAGH Mohamed Humaid Mehrab,-,13/05/1998,4
2125,(-),https://cqranking.com/common/flags/GBR.gif,BJERGFELT William,-,04/12/1978,4
2126,(-),https://cqranking.com/common/flags/DOM.gif,HICIANO ORTEGA Joshua,-,03/10/2002,4
2127,(-),https://cqranking.com/common/flags/SUI.gif,WYSS Marcel,-,25/06/1986,4
2128,(2431),https://cqranking.com/common/flags/CRO.gif,PERAN Ian,-,24/10/2005,4
2129,(2650),https://cqranking.com/common/flags/SWE.gif,KAGEVI Carl,LUC,22/01/2002,4
2130,(2178),https://cqranking.com/common/flags/JPN.gif,MATSUI George,ART,25/02/2004,4
2131,(2607),https://cqranking.com/common/flags/BAR.gif,HOWARD Dominic,-,20/06/1999,4
2132,(-),https://cqranking.com/common/flags/USA.gif,HAINES Luca,TSL,17/06/2002,4
2133,(1398),https://cqranking.com/common/flags/LBN.gif,KAMALEDDINE Nafez,-,24/10/2001,4
2134,(2752),https://cqranking.com/common/flags/SWZ.gif,MOTSA Thabiso,-,11/10/1999,4
2135,(-),https://cqranking.com/common/flags/IRL.gif,O'KANE Sean,-,01/03/2004,4
2136,(1238),https://cqranking.com/common/flags/ALB.gif,DE FABRITIIS Gabriele,GSC,19/01/2005,4
2137,(2704),https://cqranking.com/common/flags/DOM.gif,BRITOS ARIAS Maicol,-,10/01/2001,4
2138,(-),https://cqranking.com/common/flags/PHI.gif,CARCUEVA Jonel Pansacala,7RP,23/05/1995,4
2139,(-),https://cqranking.com/common/flags/URU.gif,CORUJO Cristian,-,02/04/1989,4
2140,(1732),https://cqranking.com/common/flags/HKG.gif,MOW Ching Yin,HKS,05/06/1995,4
2141,(2618),https://cqranking.com/common/flags/SWE.gif,AHLSSON Jacob,-,03/08/1998,4
2142,(-),https://cqranking.com/common/flags/NED.gif,VAN VEENENDAAL Hidde,-,03/02/2001,4
2143,(-),https://cqranking.com/common/flags/BUR.gif,BOUDA Wahabou,-,07/06/1995,4
2144,(-),https://cqranking.com/common/flags/BIZ.gif,FLOWERS Tarique,-,20/05/1996,4
2145,(-),https://cqranking.com/common/flags/HKG.gif,YIP Hon Man,-,26/05/2007,4
2146,(1212),https://cqranking.com/common/flags/KOR.gif,LIM Jong-won,LXC,17/01/2005,4
2147,(-),https://cqranking.com/common/flags/POL.gif,WLODARSKI Marcin,GSC,13/06/2007,4
2148,(-),https://cqranking.com/common/flags/BUL.gif,HADZHISTOYANOV Borislav,-,03/11/2005,4
2149,(2628),https://cqranking.com/common/flags/BUL.gif,POPOV Martin,-,09/07/1999,4
2150,(-),https://cqranking.com/common/flags/IRI.gif,REZVANI GILKOLAEI Morteza,-,05/03/1990,4
2151,(1869),https://cqranking.com/common/flags/MAC.gif,CHEANG Shing Hei,THT,05/03/2006,4
2152,(1709),https://cqranking.com/common/flags/ERI.gif,ABDELWAHEB Nurahmed,-,04/04/1994,4
2153,(-),https://cqranking.com/common/flags/ARG.gif,FUNES Jorge Ignacio,-,19/01/1984,4
2154,(-),https://cqranking.com/common/flags/SUR.gif,SANDIE Jonathan,-,07/12/2001,4
2155,(-),https://cqranking.com/common/flags/ARG.gif,ESTEVEZ Enrique Hernan,-,27/04/1988,4
2156,(-),https://cqranking.com/common/flags/VEN.gif,COLMENARES BAUTISTA Jad Sair,-,22/08/2004,4
2157,(-),https://cqranking.com/common/flags/BOT.gif,RUELE Thebeyame,-,03/03/2003,4
2158,(-),https://cqranking.com/common/flags/ITA.gif,DOVESI Manuel,-,02/09/2000,4
2159,(2623),https://cqranking.com/common/flags/HON.gif,MARTINEZ AMADOR Diler Javier,-,01/02/1988,4
2160,(-),https://cqranking.com/common/flags/CHN.gif,SHI Jinggang,MSS,03/08/2004,4
2161,(1465),https://cqranking.com/common/flags/FRA.gif,FAYOLLE Jean-Loup,CIC,15/06/2005,4
2162,(-),https://cqranking.com/common/flags/LAT.gif,ZUJEVS Jekabs,-,14/09/2007,4
2163,(1854),https://cqranking.com/common/flags/RWA.gif,NGENDAHAYO Jeremie,MSR,29/04/2001,4
2164,(1915),https://cqranking.com/common/flags/ITA.gif,STELLA Davide,UAZ,14/04/2006,4
2165,(1636),https://cqranking.com/common/flags/JPN.gif,KAZAMA Shoma,SMN,22/05/1996,4
2166,(-),https://cqranking.com/common/flags/COL.gif,MANCIPE PUIN Andres Libardo,-,10/07/2002,4
2167,(-),https://cqranking.com/common/flags/CRO.gif,LEGOVIC Martin,-,21/08/1996,4
2168,(2603),https://cqranking.com/common/flags/JAM.gif,BAILEY Barrington,-,22/01/1978,4
2169,(2569),https://cqranking.com/common/flags/NOR.gif,SEKSE Jørgen,DRP,31/12/2005,4
2170,(2347),https://cqranking.com/common/flags/BOT.gif,MALETE Abeng,-,03/11/1996,4
2171,(1383),https://cqranking.com/common/flags/INA.gif,ABDURRAHMAN Muhammad,JPC,16/05/1997,4
2172,(-),https://cqranking.com/common/flags/LBN.gif,WEHBE Jean,-,12/09/1999,4
2173,(2610),https://cqranking.com/common/flags/MAC.gif,LAO Long San,-,06/12/1998,4
2174,(-),https://cqranking.com/common/flags/LAO.gif,SIPHAKDY Souksavanh,-,07/08/2006,4
2175,(2364),https://cqranking.com/common/flags/ANT.gif,WEATHERED Shawn,-,15/07/1976,4
2176,(474),https://cqranking.com/common/flags/NED.gif,MEIJERS Jeroen,VSC,12/01/1993,4
2177,(-),https://cqranking.com/common/flags/BOL.gif,ROSAS ZARATE Brayan,-,26/08/2003,4
2178,(-),https://cqranking.com/common/flags/AND.gif,FUENTES CAPORALI Enzo,-,14/06/2005,4
2179,(1605),https://cqranking.com/common/flags/ITA.gif,GARAVAGLIA Giacomo,SWT,03/07/1996,4
2180,(-),https://cqranking.com/common/flags/CAN.gif,WEBSTER Zach,A6C,09/10/2002,4
2181,(1989),https://cqranking.com/common/flags/ITA.gif,TRAVELLA Nicholas,BIE,05/02/2006,4
2182,(2721),https://cqranking.com/common/flags/PAN.gif,CABALLERO GONZALEZ Michael,-,01/03/2003,4
2183,(-),https://cqranking.com/common/flags/AZE.gif,EYVAZOV Shahin,-,16/02/2001,4
2184,(-),https://cqranking.com/common/flags/COL.gif,BRAVO PAREJA Felipe,GES,23/03/2007,4
2185,(1408),https://cqranking.com/common/flags/POR.gif,CARVALHO Rui Filipe Ribeiro,GSU,28/04/1995,4
2186,(-),https://cqranking.com/common/flags/INA.gif,VAN AERT Bernard Benyamin,NCT,08/09/1997,4
2187,(1751),https://cqranking.com/common/flags/ESA.gif,ROMERO GRANADOS Jorge Alfredo,-,12/08/1995,4
2188,(-),https://cqranking.com/common/flags/MLT.gif,XERRI Carl,-,16/02/1996,4
2189,(1606),https://cqranking.com/common/flags/THA.gif,JUMCHAT Nattapol,TCC,24/06/1996,4
2190,(-),https://cqranking.com/common/flags/FRA.gif,LECAMUS-LAMBERT Florentin,VCR,13/05/1999,4
2191,(1858),https://cqranking.com/common/flags/ERI.gif,TESFAY Esrom,-,04/08/2003,4
2192,(-),https://cqranking.com/common/flags/AUS.gif,CAMPBELL Max,CBW,15/05/2001,4
2193,(-),https://cqranking.com/common/flags/FRA.gif,CLEMENT Thibaut,-,15/01/1993,4
2194,(2714),https://cqranking.com/common/flags/CMR.gif,MEKEM TSAKOU Jordan Noel,-,06/01/2002,4
2195,(-),https://cqranking.com/common/flags/EGY.gif,MOHAMED Yasien,-,01/01/2006,4
2196,(-),https://cqranking.com/common/flags/ESA.gif,ORELLANA Alfonso Vladimir,-,05/06/1978,4
2197,(-),https://cqranking.com/common/flags/MKD.gif,PETROVSKI Aleksandar,-,10/01/1993,4
2198,(-),https://cqranking.com/common/flags/URU.gif,BONILLA TECHERA Pablo Sandino,-,16/10/2004,4
2199,(-),https://cqranking.com/common/flags/CAN.gif,LAMOTHE Hubert,-,22/05/2007,4
2200,(-),https://cqranking.com/common/flags/FRA.gif,CHOBLET Pierre,-,16/01/2005,4
2201,(-),https://cqranking.com/common/flags/KOS.gif,XHEMAJLI Arber,-,11/07/1993,4
2202,(-),https://cqranking.com/common/flags/NED.gif,GUNNINK Samuel,MET,08/05/2007,4
2203,(-),https://cqranking.com/common/flags/BLR.gif,MARCHUK Dzianis,-,19/05/2000,4
2204,(-),https://cqranking.com/common/flags/SVK.gif,FEDOR Samuel,DKB,17/01/2006,4
2205,(-),https://cqranking.com/common/flags/MAR.gif,FARID Youssef,-,01/07/2004,4
2206,(2078),https://cqranking.com/common/flags/NOR.gif,DAHL Marius Innhaug,DCD,19/05/2006,4
2207,(-),https://cqranking.com/common/flags/NOR.gif,HANSEN Martin Solhaug,-,11/05/2003,4
2208,(1131),https://cqranking.com/common/flags/RSA.gif,MATTHEWS Daniyal,TPC,25/01/1999,4
2209,(-),https://cqranking.com/common/flags/JOR.gif,HAJEER Mohammed,-,31/03/2007,4
2210,(-),https://cqranking.com/common/flags/PHI.gif,ORANZA Ronald Nozuelo,SIP,02/12/1992,4
2211,(-),https://cqranking.com/common/flags/ESP.gif,IRIARTE SANZ Igor,-,20/05/2006,4
2212,(-),https://cqranking.com/common/flags/ETH.gif,GEREZIHER Girmalem,-,01/10/2007,4
2213,(-),https://cqranking.com/common/flags/ANG.gif,ARAUJO Bruno Cesar Amaral,-,07/01/1998,4
2214,(2180),https://cqranking.com/common/flags/INA.gif,ABI MANYU Julian,ASC,13/06/2006,4
2215,(-),https://cqranking.com/common/flags/ISL.gif,VIDISSON Sigurdur Tomas,-,25/11/2002,4
2216,(1266),https://cqranking.com/common/flags/THA.gif,PHODINGAM Sakchai,GTC,11/03/1998,4
2217,(-),https://cqranking.com/common/flags/ITA.gif,BOSIO Tommaso,GEF,02/12/2006,4
2218,(1810),https://cqranking.com/common/flags/ITA.gif,PALOMBA Marco,PAD,05/05/2002,4
2219,(2046),https://cqranking.com/common/flags/AUT.gif,PAUMANN David,HAC,19/11/2003,4
2220,(-),https://cqranking.com/common/flags/ECU.gif,ROSERO CHAMORRO Bryan Orlando,-,24/12/2001,4
2221,(1228),https://cqranking.com/common/flags/RWA.gif,MUGISHA Moise,BBT,01/01/1997,4
2222,(-),https://cqranking.com/common/flags/CRC.gif,FERNANDEZ BENAVIDES Kendall Steward,-,12/09/2006,4
2223,(1491),https://cqranking.com/common/flags/NED.gif,VERBURG Luke,AVV,12/05/2001,4
2224,(-),https://cqranking.com/common/flags/FRA.gif,BARUSSEAU Mathéo,VDU,30/04/2005,4
2225,(-),https://cqranking.com/common/flags/JOR.gif,ALSAOUDI Mohammad,-,15/03/2005,4
2226,(-),https://cqranking.com/common/flags/ESP.gif,POMBO ALVAREZ Tomas,MOY,28/04/2006,4
2227,(-),https://cqranking.com/common/flags/IRL.gif,WALLS Matthew,APS,07/06/2007,4
2228,(1045),https://cqranking.com/common/flags/THA.gif,CHAIYASOMBAT Thanakhan,TCC,26/06/1999,4
2229,(-),https://cqranking.com/common/flags/PER.gif,GONZALES ZENTENO Andre Alexander,-,06/08/1998,4
2230,(2151),https://cqranking.com/common/flags/SVK.gif,JURIK Martin,ADR,02/10/2004,4
2231,(2161),https://cqranking.com/common/flags/MGL.gif,TSOODOL Enkhpurev,-,03/03/2005,4
2232,(2092),https://cqranking.com/common/flags/BAH.gif,ROKER Kenton,-,4,
2233,(-),https://cqranking.com/common/flags/ITA.gif,GUERRA Andrea,BTC,05/08/2001,4
2234,(-),https://cqranking.com/common/flags/LCA.gif,VOLNEY Andray,-,30/11/1983,4
2235,(-),https://cqranking.com/common/flags/NAM.gif,VAN DER WESTHUIZEN Theuns,-,23/03/2005,4
2236,(2565),https://cqranking.com/common/flags/CHN.gif,LI Chaoyi,CDT,13/11/2002,4
2237,(-),https://cqranking.com/common/flags/ESP.gif,PARETA SALA Roger,MOY,08/03/2006,4
2238,(-),https://cqranking.com/common/flags/CRC.gif,AGUILAR GARITA Jose Ricardo,-,15/10/2001,4
2239,(1251),https://cqranking.com/common/flags/FRA.gif,HUYET Baptiste,BAI,06/07/2000,4
2240,(-),https://cqranking.com/common/flags/ZIM.gif,SIBINDI Amos,-,04/11/2001,4
2241,(-),https://cqranking.com/common/flags/ALG.gif,ABDENNEBI Khaled,-,28/12/1988,4
2242,(-),https://cqranking.com/common/flags/BUR.gif,COMPAORE Isidore,-,00/00/2006,4
2243,(-),https://cqranking.com/common/flags/FRA.gif,PAULOUIN Gaspard,SCO,05/12/2004,4
2244,(1671),https://cqranking.com/common/flags/AUT.gif,MESSNER Martin,WSA,09/01/2000,4
2245,(-),https://cqranking.com/common/flags/POL.gif,KAPELA Marek,-,16/02/2004,4
2246,(-),https://cqranking.com/common/flags/BEL.gif,HUYSMANS Nolan,TFB,07/01/2006,4
2247,(2045),https://cqranking.com/common/flags/SIN.gif,LIM Zhen Yu Darren,-,16/01/1998,4
2248,(-),https://cqranking.com/common/flags/FRA.gif,GRIECO Lucas,AIX,25/06/2003,4
2249,(-),https://cqranking.com/common/flags/KAZ.gif,DINMUKHAMETOV Ramis,XAD,21/09/2000,4
2250,(1420),https://cqranking.com/common/flags/COL.gif,GOMEZ GOMEZ Camilo Andres,-,29/04/2003,4
2251,(1422),https://cqranking.com/common/flags/MGL.gif,KHADBAATAR Temuulen,ROI,29/10/2004,4
2252,(-),https://cqranking.com/common/flags/POL.gif,WISNIEWSKI Szymon,LPP,19/12/2005,4
2253,(2339),https://cqranking.com/common/flags/PER.gif,ATENCIO GARCIA Arquimidis Clinion,-,20/04/1993,4
2254,(721),https://cqranking.com/common/flags/ESP.gif,SOTO GUIRAO Antonio Jesus,EKP,24/12/1994,4
2255,(1999),https://cqranking.com/common/flags/KOR.gif,CHOE Hyeong-min,-,15/04/1990,4
2256,(-),https://cqranking.com/common/flags/MKD.gif,NAUMOVSKI Bojan,-,21/02/1982,4
2257,(2649),https://cqranking.com/common/flags/SIN.gif,BIN FAISAL Arfan,-,21/09/2000,4
2258,(-),https://cqranking.com/common/flags/BEN.gif,SAIZONOU Exodus,-,10/05/2007,4
2259,(1990),https://cqranking.com/common/flags/BIH.gif,TALIC Kadija,-,01/12/1986,4
2260,(-),https://cqranking.com/common/flags/BRA.gif,PEREIRA Gustavo Xavier Oliveira,-,13/10/2001,4
2261,(-),https://cqranking.com/common/flags/IRL.gif,RYAN Stephen,-,26/12/1971,4
2262,(-),https://cqranking.com/common/flags/ESP.gif,FREIRE COBO Marcos,UAZ,16/07/2006,4
2263,(-),https://cqranking.com/common/flags/GBR.gif,TIDBALL William,VVB,22/04/2000,4
2264,(-),https://cqranking.com/common/flags/ISR.gif,RITZ Yahli,-,19/03/2005,4
2265,(1754),https://cqranking.com/common/flags/TUR.gif,EGIN Ali,KBB,03/05/2003,4
2266,(-),https://cqranking.com/common/flags/JPN.gif,YAMADA Takumi,SMN,01/11/2001,4
2267,(-),https://cqranking.com/common/flags/MDA.gif,ISTRATENCO Vladislav,-,27/06/2002,4
2268,(-),https://cqranking.com/common/flags/CAY.gif,AMELINE Jerome,-,09/04/1975,4
2269,(-),https://cqranking.com/common/flags/BIH.gif,JURKOVIC Toni,-,08/11/1998,4
2270,(-),https://cqranking.com/common/flags/COL.gif,FLOREZ LOPEZ Miguel Eduardo,-,21/02/1996,4
2271,(1566),https://cqranking.com/common/flags/MRI.gif,MATOMBE Hanson,-,26/04/2001,4
2272,(-),https://cqranking.com/common/flags/FIN.gif,PIRINEN Miko,NDT,05/06/2007,4
2273,(-),https://cqranking.com/common/flags/ITA.gif,GALBUSERA Pietro,XAD,10/09/2007,4
2274,(2840),https://cqranking.com/common/flags/SWE.gif,GREIJUS Paul,-,10/02/2005,4
2275,(2591),https://cqranking.com/common/flags/ZIM.gif,SIBANDA Mthokozisi,-,13/11/1998,4
2276,(-),https://cqranking.com/common/flags/NED.gif,VRIES Lukas,AVV,24/02/2006,4
2277,(1779),https://cqranking.com/common/flags/THA.gif,LADNGERN Peerapong,-,21/12/1995,4
2278,(-),https://cqranking.com/common/flags/FIN.gif,PITKÄNEN Lauri,-,11/04/1990,4
2279,(1241),https://cqranking.com/common/flags/JPN.gif,YAMAMOTO Genki,KIN,19/11/1991,4
2280,(2377),https://cqranking.com/common/flags/MNE.gif,DASIC Milic,-,24/12/1995,4
2281,(-),https://cqranking.com/common/flags/TUR.gif,DOGAN Eren Baki,STC,19/11/2003,4
2282,(-),https://cqranking.com/common/flags/ALG.gif,HELLAL BERROUANE Oussama,-,08/12/1996,4
2283,(-),https://cqranking.com/common/flags/BEL.gif,VANDEN WIJNGAERT Matteo,UAZ,18/12/2007,4
2284,(-),https://cqranking.com/common/flags/COL.gif,PAREDES ZAPATA Pablo,-,15/02/2003,4
2285,(2208),https://cqranking.com/common/flags/RUS.gif,SHAKOTKO Aleksandr,-,08/05/1999,4
2286,(-),https://cqranking.com/common/flags/RUS.gif,VIUNOSHEV Mikhail,-,24/11/2001,3
2287,(1760),https://cqranking.com/common/flags/AUS.gif,MEDWAY Jackson,TUU,15/10/2004,3
2288,(-),https://cqranking.com/common/flags/GRE.gif,SIFOUNIOS Michael Timotheos,PPI,03/08/2007,3
2289,(-),https://cqranking.com/common/flags/THA.gif,SAKUNTAE Thanapat,-,04/12/2007,3
2290,(-),https://cqranking.com/common/flags/PHI.gif,MONTEMAYOR Emmanuel Dave,G4G,09/06/2001,3
2291,(-),https://cqranking.com/common/flags/SUI.gif,SOMMER Lars,-,11/10/2002,3
2292,(2153),https://cqranking.com/common/flags/UKR.gif,BASARABA Mykhailo,-,01/10/2004,3
2293,(-),https://cqranking.com/common/flags/ESP.gif,ZARAGOZA PASCUAL Vicent,-,29/02/2004,3
2294,(2152),https://cqranking.com/common/flags/BEL.gif,DE MOYER Kenay,A6C,22/07/2004,3
2295,(-),https://cqranking.com/common/flags/HUN.gif,ENDREDI Mate,TUS,22/09/2005,3
2296,(-),https://cqranking.com/common/flags/NED.gif,RONHAAR Pim,BPL,20/07/2001,3
2297,(-),https://cqranking.com/common/flags/CAN.gif,PLAMONDON Robin,-,07/01/2000,3
2298,(-),https://cqranking.com/common/flags/ESP.gif,ROCA SIQUIER Joan,-,11/04/2006,3
2299,(-),https://cqranking.com/common/flags/DEN.gif,BØGE Noah,-,18/09/2006,3
2300,(-),https://cqranking.com/common/flags/COL.gif,GONZALEZ SUESCA David Alejandro,MED,20/06/2002,3
2301,(1642),https://cqranking.com/common/flags/ESP.gif,ROTA RUS Raul,KSZ,18/11/1999,3
2302,(-),https://cqranking.com/common/flags/MGL.gif,BATSAIKHAN Bayanjargal,-,08/09/1996,3
2303,(-),https://cqranking.com/common/flags/CZE.gif,NOVAK Filip,MOY,12/11/2007,3
2304,(2877),https://cqranking.com/common/flags/CAN.gif,SEGUIN Gabriel,-,04/02/2006,3
2305,(-),https://cqranking.com/common/flags/RSA.gif,HORTER Matthew,-,27/11/2007,3
2306,(-),https://cqranking.com/common/flags/RUS.gif,GRIGORIEV Aleksandr,EFP,21/03/1992,3
2307,(-),https://cqranking.com/common/flags/NED.gif,ABMA Elmar,VWE,26/04/2004,3
2308,(1947),https://cqranking.com/common/flags/GER.gif,REISSIG Patrick,BUB,03/06/1994,3
2309,(1816),https://cqranking.com/common/flags/ESP.gif,BONILLO MARTIN Iker,BOA,09/07/2003,3
2310,(-),https://cqranking.com/common/flags/ISR.gif,IDAN Saar,-,08/01/2006,3
2311,(-),https://cqranking.com/common/flags/POR.gif,VIEGAS Daniel Pedroso,ALL,05/01/1998,3
2312,(-),https://cqranking.com/common/flags/ESP.gif,ROCA TRIAS Albert,-,29/06/2005,3
2313,(-),https://cqranking.com/common/flags/GER.gif,BOOS Benjamin,RRN,07/08/2003,3
2314,(-),https://cqranking.com/common/flags/MEX.gif,MARTINEZ HUERTA Jorge Fabrizio,-,29/01/2002,3
2315,(1959),https://cqranking.com/common/flags/ECU.gif,CAICEDO CEPEDA David Sebastian,-,21/06/2001,3
2316,(-),https://cqranking.com/common/flags/BRA.gif,FERNANDES Peterson Augusto Senegaglea,-,12/10/2005,3
2317,(2372),https://cqranking.com/common/flags/POR.gif,BARBOSA Diogo Garces,TCA,13/06/2000,3
2318,(1539),https://cqranking.com/common/flags/FRA.gif,TABELLION Valentin,AIX,23/03/1999,3
2319,(-),https://cqranking.com/common/flags/AUT.gif,HOLZER Christoph,WSA,02/03/2005,3
2320,(2842),https://cqranking.com/common/flags/BRA.gif,DOMINGOS Kaua Werik,-,08/03/2004,3
2321,(-),https://cqranking.com/common/flags/NED.gif,BROMMERSMA Elmer,AVV,05/04/2007,3
2322,(-),https://cqranking.com/common/flags/FRA.gif,TROUVAIN Alexandre,DPP,05/07/2007,3
2323,(-),https://cqranking.com/common/flags/FRA.gif,LEQUET Corentin,-,26/08/2004,3
2324,(-),https://cqranking.com/common/flags/FRA.gif,CHAMPENOIS Tom,SCO,16/03/2007,3
2325,(1971),https://cqranking.com/common/flags/DEN.gif,HELLERUP Malte,TCQ,07/04/2004,3
2326,(2682),https://cqranking.com/common/flags/BRA.gif,MOLINA Igor Teodoro,-,12/02/1999,3
2327,(1807),https://cqranking.com/common/flags/BEL.gif,MEEUSSEN Witse,APD,08/03/2001,3
2328,(500),https://cqranking.com/common/flags/ERI.gif,GHEBREGERGISH Yoel Habteab,BAI,26/03/2004,3
2329,(940),https://cqranking.com/common/flags/MAS.gif,ROSLI Muhammad Nur Aiman,TSG,22/03/1999,3
2330,(-),https://cqranking.com/common/flags/FRA.gif,FERGUEN Yanis,-,14/08/1997,3
2331,(-),https://cqranking.com/common/flags/AUT.gif,HOFER Valentin,BVD,05/02/2007,3
2332,(-),https://cqranking.com/common/flags/GBR.gif,PAIN Caleb,-,29/06/2004,3
2333,(2557),https://cqranking.com/common/flags/ITA.gif,VENERI Raffaele,-,27/06/2002,3
2334,(-),https://cqranking.com/common/flags/BEL.gif,DE CLERCK Niels,-,01/06/2004,3
2335,(2616),https://cqranking.com/common/flags/NED.gif,WEULINK Meindert,AVV,15/05/1999,3
2336,(-),https://cqranking.com/common/flags/FRA.gif,MENANTEAU Lucas,VDU,25/02/2006,3
2337,(1501),https://cqranking.com/common/flags/CMR.gif,NGUEGUIM Steve Auriol,-,15/06/2001,3
2338,(-),https://cqranking.com/common/flags/GER.gif,KREUZER Tobias,RRS,19/09/2000,3
2339,(-),https://cqranking.com/common/flags/ESP.gif,GALVEZ LOPEZ Jorge,ALL,11/04/2000,3
2340,(-),https://cqranking.com/common/flags/ITA.gif,SCAGLIOLA Gabriele,LTF,20/03/2007,3
2341,(2315),https://cqranking.com/common/flags/NED.gif,NOORLOOS Casper,-,24/01/2004,3
2342,(1039),https://cqranking.com/common/flags/CRC.gif,BONILLA QUIROS Daniel Andres,-,18/10/1993,3
2343,(789),https://cqranking.com/common/flags/ITA.gif,CONTI Valerio,TFT,30/03/1993,3
2344,(2627),https://cqranking.com/common/flags/FRA.gif,BAGUELIN Jocelyn,AAR,20/05/1999,3
2345,(-),https://cqranking.com/common/flags/ECU.gif,COQUE GUERRA Anthony Sebastian,BES,27/10/2007,3
2346,(-),https://cqranking.com/common/flags/AUS.gif,PAGE-BROWN Reuben,TBN,08/11/2006,3
2347,(-),https://cqranking.com/common/flags/BEL.gif,MICHIELSEN Thor,LTF,17/08/2007,3
2348,(2049),https://cqranking.com/common/flags/HUN.gif,SZIJARTO Zeteny,TUS,17/04/2003,3
2349,(1830),https://cqranking.com/common/flags/IRL.gif,DOOGAN Odhran,-,11/09/2003,3
2350,(1812),https://cqranking.com/common/flags/NZL.gif,JACKSON George,NZP,20/02/2000,3
2351,(-),https://cqranking.com/common/flags/ERI.gif,FISEHAYE Nebay,-,03/10/2004,3
2352,(-),https://cqranking.com/common/flags/NED.gif,MAAS Marijn,BCY,17/01/2002,3
2353,(-),https://cqranking.com/common/flags/USA.gif,DRAKE Beckam,-,14/10/2007,3
2354,(-),https://cqranking.com/common/flags/POR.gif,LEAL Claudio,ALL,30/07/2004,3
2355,(1211),https://cqranking.com/common/flags/GBR.gif,BAKER Rowan,-,04/03/2002,3
2356,(2262),https://cqranking.com/common/flags/INA.gif,HERLANGGA Muhammad,NCT,09/11/2001,3
2357,(-),https://cqranking.com/common/flags/GER.gif,MEYER Julius,-,14/09/1998,3
2358,(2115),https://cqranking.com/common/flags/POR.gif,CARVALHO Andre Rodrigues,ALL,31/10/1997,2
2359,(-),https://cqranking.com/common/flags/DOM.gif,GARCIA OLIVO Lisander Michael,-,24/11/2000,2
2360,(1635),https://cqranking.com/common/flags/DOM.gif,POLANCO ELENA Manuel Steven,-,30/05/2000,2
2361,(-),https://cqranking.com/common/flags/EGY.gif,ELSHINAWY Ahmed Esameldin,-,14/03/1997,2
2362,(-),https://cqranking.com/common/flags/AUS.gif,REES Brent,-,22/08/1998,2
2363,(-),https://cqranking.com/common/flags/BOT.gif,WATSON-BEN Carlyn,-,17/04/2007,2
2364,(916),https://cqranking.com/common/flags/FRA.gif,BENNETT Stéfan,ECT,15/04/1992,2
2365,(2729),https://cqranking.com/common/flags/BOL.gif,CANAVIRI CHOQUE Samuel,-,26/06/2002,2
2366,(-),https://cqranking.com/common/flags/MAR.gif,M'HAH Yassine,SUS,04/02/2007,2
2367,(-),https://cqranking.com/common/flags/BRA.gif,SOUSA SILVA Gabriel,LMS,13/05/2003,2
2368,(-),https://cqranking.com/common/flags/GER.gif,NIEHUES Sebastian,-,27/07/1999,2
2369,(2671),https://cqranking.com/common/flags/CHN.gif,CAO Houwang,CCT,15/10/2003,2
2370,(-),https://cqranking.com/common/flags/HON.gif,VASQUEZ GARCIA Sergio,-,05/02/2003,2
2371,(-),https://cqranking.com/common/flags/GBR.gif,O'BRIEN Finn,DPP,23/11/2007,2
2372,(-),https://cqranking.com/common/flags/NOR.gif,GRANBERG Sander,DRP,29/06/2004,2
2373,(-),https://cqranking.com/common/flags/GBR.gif,MCKAY James,A6C,21/03/1997,2
2374,(-),https://cqranking.com/common/flags/POL.gif,LYZWA Bartosz,-,12/01/2007,2
2375,(-),https://cqranking.com/common/flags/FRA.gif,SORANZO Mael,AIX,11/11/2004,2
2376,(-),https://cqranking.com/common/flags/MRI.gif,LINCOLN Yannick,-,30/12/1982,2
2377,(-),https://cqranking.com/common/flags/VEN.gif,RUJANO VELAZQUEZ Jeison Jose,-,18/08/2001,2
2378,(1165),https://cqranking.com/common/flags/RWA.gif,NKUNDABERA Eric,-,01/01/1997,2
2379,(-),https://cqranking.com/common/flags/MLI.gif,SIDIBE Sibiri,-,02/04/2007,2
2380,(2558),https://cqranking.com/common/flags/FRA.gif,PAVIS Evan,VDU,03/01/2005,2
2381,(2091),https://cqranking.com/common/flags/MKD.gif,NASTEVSKI Slobodan,-,27/09/1985,2
2382,(1435),https://cqranking.com/common/flags/MAR.gif,RAHIL Zouhair,SUS,26/11/1993,2
2383,(2021),https://cqranking.com/common/flags/GUA.gif,TOC XON Fredy Orlando,-,19/09/1997,2
2384,(-),https://cqranking.com/common/flags/GER.gif,WEBER Maximilian,-,30/08/2005,2
2385,(-),https://cqranking.com/common/flags/LCA.gif,CELESTIN Joshua,-,27/11/2009,2
2386,(-),https://cqranking.com/common/flags/COL.gif,QUIROZ AYALA Oscar Adalberto,TNC,03/07/1994,2
2387,(-),https://cqranking.com/common/flags/SIN.gif,TOH Brayden,-,09/05/2007,2
2388,(-),https://cqranking.com/common/flags/LAO.gif,XAYALATH Thongmany,-,18/06/1985,2
2389,(2385),https://cqranking.com/common/flags/ZIM.gif,CHAKAZA Amos,-,00/00/1988,2
2390,(-),https://cqranking.com/common/flags/KEN.gif,KARANJA Peter,-,23/05/1998,2
2391,(-),https://cqranking.com/common/flags/EGY.gif,ELHUSSEINI KHALIL Assem,-,14/07/2000,2
2392,(1663),https://cqranking.com/common/flags/URU.gif,MALDONADO SANCHEZ Anderson Samuel,-,17/10/1994,2
2393,(1729),https://cqranking.com/common/flags/CZE.gif,TUREK Daniel,FGI,19/01/1993,2
2394,(-),https://cqranking.com/common/flags/POL.gif,HELTA Filip,MSP,04/09/1997,2
2395,(2702),https://cqranking.com/common/flags/DEN.gif,HUNDT August Birk,-,03/05/2005,2
2396,(1064),https://cqranking.com/common/flags/ETH.gif,HAILEMARYAM Gereziher Geremedhin,-,10/05/2005,2
2397,(-),https://cqranking.com/common/flags/ESP.gif,MONTURIOL QUINDOS Narcis,-,30/07/2007,2
2398,(-),https://cqranking.com/common/flags/CYP.gif,VASILOUDES BAYADAS Orpheas,-,20/10/2006,2
2399,(-),https://cqranking.com/common/flags/UZB.gif,ABDIKODIROV Djurabek,-,20/08/2006,2
2400,(1842),https://cqranking.com/common/flags/ANT.gif,FLEMING Abbiel,-,05/01/1982,2
2401,(-),https://cqranking.com/common/flags/UZB.gif,MIRZALIEV Shakhzod,-,08/10/2006,2
2402,(-),https://cqranking.com/common/flags/ARG.gif,PUJO Adriano,-,23/02/1990,2
2403,(-),https://cqranking.com/common/flags/DEN.gif,HAANING Sebastian,-,21/09/2006,2
2404,(2481),https://cqranking.com/common/flags/KOR.gif,HONG Young-taek,-,13/07/2004,2
2405,(-),https://cqranking.com/common/flags/LUX.gif,MEYERS Charel,-,24/05/2000,2
2406,(2311),https://cqranking.com/common/flags/DEN.gif,NIELSEN Thor Vangsø,GSH,26/06/2006,2
2407,(-),https://cqranking.com/common/flags/MKD.gif,PETRUSHEVSKI David,-,13/12/1996,2
2408,(-),https://cqranking.com/common/flags/AUS.gif,CORRELL Alexander,CBW,30/05/2007,2
2409,(2643),https://cqranking.com/common/flags/BIH.gif,PIHLJAK Tarik,-,12/03/1996,2
2410,(-),https://cqranking.com/common/flags/ITA.gif,GARDANI Simone,BTC,03/04/2007,2
2411,(-),https://cqranking.com/common/flags/NOR.gif,FJELLHEIM Henrik Teslo,LCT,01/01/2001,2
2412,(1320),https://cqranking.com/common/flags/VEN.gif,TORRES CASTELLANOS Edwin Yair,-,14/02/1997,2
2413,(-),https://cqranking.com/common/flags/URU.gif,CLARA SARAVIA Federico Marcel,-,04/05/1994,2
2414,(1756),https://cqranking.com/common/flags/COL.gif,FERNANDEZ GONZALEZ Oscar Hernan,TNC,26/09/2000,2
2415,(-),https://cqranking.com/common/flags/BLR.gif,GRINKEVICH Mark,-,31/01/2001,2
2416,(2281),https://cqranking.com/common/flags/CHN.gif,YU Jiaqing,CAT,05/08/2004,2
2417,(2694),https://cqranking.com/common/flags/NAM.gif,KEY Adrian,-,26/08/2005,2
2418,(2545),https://cqranking.com/common/flags/COL.gif,ALARCON PAEZ Julian David,PRC,19/06/2002,2
2419,(-),https://cqranking.com/common/flags/KOR.gif,JANG Jun-u,SCT,12/12/2007,2
2420,(-),https://cqranking.com/common/flags/BEL.gif,HANNES Kamiel,AAR,15/12/2007,2
2421,(2667),https://cqranking.com/common/flags/UAE.gif,ALHAMMADI Ali Eissa Abdulla,-,30/01/2000,2
2422,(-),https://cqranking.com/common/flags/KAZ.gif,BEISEMBAY Mansur,XAD,09/01/2006,2
2423,(2375),https://cqranking.com/common/flags/AUT.gif,GERETSCHNIG Martin,-,24/08/1988,2
2424,(-),https://cqranking.com/common/flags/CPV.gif,MONTEIRO Klisman David,-,14/09/1996,2
2425,(-),https://cqranking.com/common/flags/PUR.gif,ORTIZ PEREZ Orlando,-,22/01/1998,2
2426,(-),https://cqranking.com/common/flags/BEL.gif,DE SCHAMPHELEIRE Jonas,-,30/10/2003,2
2427,(-),https://cqranking.com/common/flags/CHI.gif,MANBRAN SANCHEZ Ignacio,-,20/04/2006,2
2428,(1140),https://cqranking.com/common/flags/FRA.gif,BONIFACE Lucas,-,24/10/2000,2
2429,(-),https://cqranking.com/common/flags/PUR.gif,ESTRADA MIRANDA Kevin,-,22/05/2005,2
2430,(-),https://cqranking.com/common/flags/DEN.gif,LOUW LARSEN Oskar,GSH,27/12/2007,2
2431,(-),https://cqranking.com/common/flags/FRA.gif,CASI-VIALLET Isao Robin,-,01/12/2003,2
2432,(-),https://cqranking.com/common/flags/FRA.gif,DENIS Thomas,-,18/07/1997,2
2433,(2706),https://cqranking.com/common/flags/MNE.gif,HADZIABLAHOVIC Hasan,-,13/11/1995,2
2434,(-),https://cqranking.com/common/flags/ALB.gif,LLANA Habib,-,06/04/2007,2
2435,(-),https://cqranking.com/common/flags/IRL.gif,CONROY Jack,-,27/07/2004,2
2436,(-),https://cqranking.com/common/flags/COL.gif,GOMEZ MARIN David Santiago,-,22/01/1999,2
2437,(-),https://cqranking.com/common/flags/USA.gif,STOKES Ben,-,02/01/2005,2
2438,(-),https://cqranking.com/common/flags/GUA.gif,TORRES YUMAN Melvin Eduardo,HIN,14/05/2005,2
2439,(-),https://cqranking.com/common/flags/ZIM.gif,PEEBLES Andrew,-,09/01/1989,2
2440,(-),https://cqranking.com/common/flags/ANG.gif,LUCAMBA Jose Omar Meirinhos,-,29/04/2006,2
2441,(-),https://cqranking.com/common/flags/JPN.gif,KUBOKI Kazushige,TUK,06/06/1989,2
2442,(-),https://cqranking.com/common/flags/POL.gif,RADOSZ Maksymilian,MSP,25/09/2003,2
2443,(2241),https://cqranking.com/common/flags/IRI.gif,GHAVAMI Ramyar,-,24/03/2002,2
2444,(1822),https://cqranking.com/common/flags/ARG.gif,PAEZ Mauricio Pablo Javier,-,01/02/1987,2
2445,(-),https://cqranking.com/common/flags/FRA.gif,SEGUIN Yanis,-,28/01/2003,2
2446,(2486),https://cqranking.com/common/flags/MAC.gif,LEI Kwok Hung,-,03/10/1979,2
2447,(-),https://cqranking.com/common/flags/NED.gif,TIJSSEN Viego,-,05/04/2005,2
2448,(-),https://cqranking.com/common/flags/BAR.gif,BRATHWAITE Kamali,-,25/04/2005,2
2449,(2751),https://cqranking.com/common/flags/CRO.gif,BLAZEVIC Jonathan,-,22/07/1994,2
2450,(-),https://cqranking.com/common/flags/SWZ.gif,ZWANE Mduduzi,-,27/02/1996,2
2451,(-),https://cqranking.com/common/flags/VEN.gif,RINCON PEÑUELA German,-,10/11/1998,2
2452,(1139),https://cqranking.com/common/flags/FRA.gif,MAHOUDO Nolann,-,17/11/2002,2
2453,(-),https://cqranking.com/common/flags/UAE.gif,ALWHEIBI Saeed,-,13/04/1998,2
2454,(-),https://cqranking.com/common/flags/TTO.gif,ALEXANDER Joshua Stephen,-,26/07/1984,2
2455,(-),https://cqranking.com/common/flags/RUS.gif,SHULCHENKO Nikita,DFT,31/05/1999,2
2456,(-),https://cqranking.com/common/flags/ITA.gif,QUAGLIA Tommaso,PAD,06/03/2006,2
2457,(-),https://cqranking.com/common/flags/BEL.gif,DHAEYE Enrico,A6C,02/02/2001,2
2458,(-),https://cqranking.com/common/flags/ESP.gif,JIMENEZ BLAZQUEZ Jose Ramon,-,12/06/2004,2
2459,(-),https://cqranking.com/common/flags/NAM.gif,DE LANGE Tristan,-,15/06/1997,2
2460,(-),https://cqranking.com/common/flags/BIZ.gif,LEVY Dylan,-,07/03/2001,2
2461,(1570),https://cqranking.com/common/flags/BUL.gif,PALASHEV Borislav,BKC,13/05/2002,2
2462,(-),https://cqranking.com/common/flags/SWE.gif,REINHOLD Vilgot,LUC,04/11/2007,2
2463,(1615),https://cqranking.com/common/flags/COL.gif,CHAVES TORRES Jhonathan Steven,TNC,13/02/2001,2
2464,(1567),https://cqranking.com/common/flags/CMR.gif,CHOFOR TWICAM Fabrice,-,03/04/1998,2
2465,(2344),https://cqranking.com/common/flags/LTU.gif,LASINIS Venantas,-,26/02/1997,2
2466,(-),https://cqranking.com/common/flags/FRA.gif,BLANC Johan,CGF,14/05/2007,2
2467,(-),https://cqranking.com/common/flags/SWE.gif,PERSSON Filip,-,11/10/2006,2
2468,(-),https://cqranking.com/common/flags/MDA.gif,TCACENKO Alexandr,-,02/03/2002,2
2469,(-),https://cqranking.com/common/flags/SWE.gif,LOVIDIUS Edvin,UNC,02/03/2002,2
2470,(-),https://cqranking.com/common/flags/LAO.gif,CHINNACHACK Salibout,-,26/06/2007,2
2471,(-),https://cqranking.com/common/flags/BEN.gif,HOUETO Emile,-,19/09/1999,2
2472,(1762),https://cqranking.com/common/flags/FRA.gif,LE NY Benjamin,-,26/07/1999,2
2473,(-),https://cqranking.com/common/flags/GER.gif,JOHN Vincent,SIC,13/12/2004,2
2474,(-),https://cqranking.com/common/flags/GRE.gif,MOUTSIOS Martinos,-,07/09/2001,2
2475,(-),https://cqranking.com/common/flags/GER.gif,STERNSDORFF Lennard,BAI,06/10/2004,2
2476,(-),https://cqranking.com/common/flags/GBR.gif,HINDS Max,IGA,09/04/2007,2
2477,(2715),https://cqranking.com/common/flags/RSA.gif,VAN NIEKERK Emile,TPC,23/06/2004,2
2478,(-),https://cqranking.com/common/flags/BEL.gif,HULSMANS Senne,VWE,22/10/2003,2
2479,(-),https://cqranking.com/common/flags/BIZ.gif,GABOUREL Goran,-,10/09/2004,2
2480,(2883),https://cqranking.com/common/flags/ISR.gif,BEN ARI Roi,-,20/06/2006,2
2481,(-),https://cqranking.com/common/flags/SUR.gif,KOORNDIJK Ernesto,-,12/10/2002,2
2482,(-),https://cqranking.com/common/flags/RWA.gif,NSHUTIRAGUMA Kevin,-,22/11/2006,2
2483,(-),https://cqranking.com/common/flags/ITA.gif,BASSO Davide,BTC,11/02/2004,2
2484,(-),https://cqranking.com/common/flags/ECU.gif,MONTENEGRO FARINANGO Jhonatan Byron,-,21/11/2002,2
2485,(2263),https://cqranking.com/common/flags/NZL.gif,HARRIS Jonty,7RP,30/08/2003,2
2486,(-),https://cqranking.com/common/flags/ALG.gif,SASSI Cheems Eddine,-,24/05/1989,2
2487,(-),https://cqranking.com/common/flags/ITA.gif,FORLIN Daniele,MOY,03/11/2007,2
2488,(2498),https://cqranking.com/common/flags/IRI.gif,ASKARI Hossein,-,23/03/1975,2
2489,(1380),https://cqranking.com/common/flags/SIN.gif,YEO Boon Kiak,-,07/03/1988,2
2490,(2590),https://cqranking.com/common/flags/BER.gif,RICHARDSON Che'quan,-,23/09/1993,2
2491,(-),https://cqranking.com/common/flags/NOR.gif,WIKANDER Tord Aasgaard,-,18/10/2004,2
2492,(1267),https://cqranking.com/common/flags/NOR.gif,STENSBY Anton,-,17/01/2001,2
2493,(-),https://cqranking.com/common/flags/POR.gif,MORAIS Francisco Grilo,TAV,27/08/1998,2
2494,(1924),https://cqranking.com/common/flags/CRC.gif,LEDEZMA ARAYA Jexon Jose,-,01/11/2004,2
2495,(-),https://cqranking.com/common/flags/POR.gif,PINTO Pedro Castro,GSU,13/06/2004,2
2496,(-),https://cqranking.com/common/flags/PER.gif,CONDORI CONTRERAS Aldair,-,20/02/2002,2
2497,(2312),https://cqranking.com/common/flags/USA.gif,CUSACK Nathan,EFA,31/07/2005,2
2498,(2163),https://cqranking.com/common/flags/ECU.gif,POZO ROBLES Erik Fernando,BES,28/06/2005,2
2499,(1614),https://cqranking.com/common/flags/BEL.gif,VAN DE WYNKELE Lorenz,LWD,19/08/2001,2
2500,(-),https://cqranking.com/common/flags/SUI.gif,CASAGRANDE Diego,TUU,05/08/2004,2
2501,(-),https://cqranking.com/common/flags/AUS.gif,CLARK Jack,A6C,29/01/2006,2
2502,(-),https://cqranking.com/common/flags/ESP.gif,SORIANO GARCIA Iker,-,05/11/2004,2
2503,(-),https://cqranking.com/common/flags/BOL.gif,SANCHEZ NAVIA Mario,-,25/03/2007,2
2504,(-),https://cqranking.com/common/flags/ANT.gif,KING Jomari,-,29/04/2007,2
2505,(2742),https://cqranking.com/common/flags/ANG.gif,TEIXEIRA Cristian,-,27/08/2005,2
2506,(2831),https://cqranking.com/common/flags/LAT.gif,KOVGERS Kristers,-,24/11/1992,2
2507,(2754),https://cqranking.com/common/flags/CPV.gif,MONTEIRO DIAS Gilberto,-,07/09/2006,2
2508,(-),https://cqranking.com/common/flags/ITA.gif,BERTOLLI Samuel,TFD,29/05/2005,2
2509,(1255),https://cqranking.com/common/flags/CRC.gif,GRANADOS BONILLA Alejandro,-,31/08/2004,2
2510,(2592),https://cqranking.com/common/flags/NED.gif,NIJSSEN Kenny,UNI,06/09/1990,2
2511,(-),https://cqranking.com/common/flags/BRA.gif,CONSTANTINO Matheus,LMS,23/09/2006,2
2512,(-),https://cqranking.com/common/flags/ISL.gif,BJARNASON Bjorgvin Haukur,-,21/01/2002,2
2513,(1483),https://cqranking.com/common/flags/VEN.gif,QUINTERO ARTEAGA Leonel,VCH,13/03/1997,2
2514,(-),https://cqranking.com/common/flags/JOR.gif,ALHMOUD Ismael,-,2,
2515,(1329),https://cqranking.com/common/flags/NED.gif,WIJFJE Tom,UNI,06/02/1998,2
2516,(2642),https://cqranking.com/common/flags/KOS.gif,BINAKAJ Valon,-,18/05/1990,2
2517,(2422),https://cqranking.com/common/flags/MLT.gif,BORG Luke,-,24/06/2002,2
2518,(-),https://cqranking.com/common/flags/PAN.gif,RUIZ CHAVEZ Bredio Dario,-,25/07/2001,2
2519,(1548),https://cqranking.com/common/flags/TUR.gif,ERKAN Muhammed,KBB,30/08/2001,2
2520,(-),https://cqranking.com/common/flags/JPN.gif,SATO Hikaru,-,25/10/2002,2
2521,(2644),https://cqranking.com/common/flags/SXM.gif,MAIDWELL Mark,-,09/11/1967,2
2522,(-),https://cqranking.com/common/flags/BEL.gif,WERTZ Hugo,CCA,15/09/2004,2
2523,(2653),https://cqranking.com/common/flags/PAN.gif,VARGAS MIRANDA Cristopher,-,30/08/2003,1
2524,(-),https://cqranking.com/common/flags/AUS.gif,HEATH Will,CBW,11/09/2006,1
2525,(-),https://cqranking.com/common/flags/CZE.gif,PITAK Matej,VLD,19/01/2007,1
2526,(-),https://cqranking.com/common/flags/ITA.gif,MONTAGNER Andrea,BCS,15/02/2006,1
2527,(1656),https://cqranking.com/common/flags/GUA.gif,MONTERROSO MONTERROSO Dorian Javier,HIN,06/01/1993,1
2528,(-),https://cqranking.com/common/flags/ITA.gif,CONSOLIDANI Leonardo,BVD,06/05/2006,1
2529,(-),https://cqranking.com/common/flags/ITA.gif,MILITELLO Jacopo,-,17/04/2004,1
2530,(-),https://cqranking.com/common/flags/ALG.gif,FERHAT Ashraf,MCA,14/09/2004,1
2531,(-),https://cqranking.com/common/flags/ESP.gif,BENNASSAR ROSSELLO Joan Marti,-,30/05/1999,1
2532,(-),https://cqranking.com/common/flags/IRI.gif,GOMARIAN KHESAL Mehrdad,-,22/06/1991,1
2533,(-),https://cqranking.com/common/flags/USA.gif,STREIF Noah,EFA,07/04/2006,1
2534,(1505),https://cqranking.com/common/flags/UGA.gif,LOROT Lawrence,AMN,15/05/2005,1
2535,(-),https://cqranking.com/common/flags/NED.gif,SCHOONVELDE Gijs,RBC,29/01/2007,1
2536,(-),https://cqranking.com/common/flags/POL.gif,ZUBER Adam,-,25/12/1979,1
2537,(-),https://cqranking.com/common/flags/AUT.gif,HOLZKNECHT Jonas,TIR,09/11/2004,1
2538,(2238),https://cqranking.com/common/flags/ITA.gif,GASPARINI Alessio,PPI,21/10/1998,1
2539,(-),https://cqranking.com/common/flags/RSA.gif,VISAGIE Willem,-,12/07/2005,1
2540,(-),https://cqranking.com/common/flags/MAS.gif,MAZUKI Nur Amirull Fakhruddin,TSG,24/01/1992,1
2541,(-),https://cqranking.com/common/flags/CRC.gif,MONTOYA CANTILLO Paolo Cesar,-,15/06/1985,1
2542,(-),https://cqranking.com/common/flags/GER.gif,PETRY Paul-Felix,RRN,15/08/2006,1
2543,(-),https://cqranking.com/common/flags/ESP.gif,AZNAR VIJUESCA Unai,EUS,26/07/2002,1
2544,(-),https://cqranking.com/common/flags/BUR.gif,ILBOUDO Mohamadi,-,20/11/2000,1
2545,(2548),https://cqranking.com/common/flags/GER.gif,ARENZ Leon,RRN,19/08/2005,1
2546,(-),https://cqranking.com/common/flags/BRN.gif,MADAN Ahmed,BVD,25/08/2000,1
2547,(2351),https://cqranking.com/common/flags/ESP.gif,PEREZ-LANDALUCE GONZALEZ Eduardo,OCT,01/05/1998,1
2548,(-),https://cqranking.com/common/flags/POR.gif,SILVA Joao,ACR,15/01/2007,1
2549,(-),https://cqranking.com/common/flags/ERI.gif,HABTOM Hiyab,-,19/11/2004,1
2550,(-),https://cqranking.com/common/flags/ECU.gif,NAVARRETE NAVARRETE Segundo Mesias,-,21/05/1985,1
2551,(2553),https://cqranking.com/common/flags/FRA.gif,MAINGUENAUD Lucas,VVB,04/03/2004,1
2552,(-),https://cqranking.com/common/flags/GBR.gif,KING Matthew,A6C,20/10/1995,1
2553,(1301),https://cqranking.com/common/flags/GER.gif,THEILER Ole,RRN,08/10/2002,1
2554,(-),https://cqranking.com/common/flags/RUS.gif,SERGEEV Georgiy,-,31/08/2005,1
2555,(2693),https://cqranking.com/common/flags/KAZ.gif,BASHLYKOV Vladislav,XAD,06/03/2005,1
2556,(-),https://cqranking.com/common/flags/CZE.gif,STREJCEK Adam,-,24/11/2006,1
2557,(-),https://cqranking.com/common/flags/URU.gif,RACEDO CIOL Robert Ortilio,-,08/02/1998,1
2558,(-),https://cqranking.com/common/flags/UZB.gif,LUTFULLAYEV Pardaboy,-,23/09/2006,1
2559,(1829),https://cqranking.com/common/flags/GBR.gif,PAIGE Charles,BAC,07/07/2001,1
2560,(-),https://cqranking.com/common/flags/UZB.gif,KIRONOV Jurabek,-,26/05/2006,1
2561,(-),https://cqranking.com/common/flags/UZB.gif,BAHODIROV Behzod,SAB,16/05/2006,1
2562,(2816),https://cqranking.com/common/flags/TUR.gif,TEKIN Mustafa,STC,06/01/2003,1
2563,(1330),https://cqranking.com/common/flags/BEL.gif,VANDEN HEEDE Lars,SQD,18/03/2005,1
2564,(-),https://cqranking.com/common/flags/CAN.gif,SEBEL Aidan,-,14/02/2006,1
2565,(-),https://cqranking.com/common/flags/CAN.gif,WOJCIECHOWSKI Maxim,-,06/09/2007,1
2566,(-),https://cqranking.com/common/flags/ESP.gif,ORMAZABAL GALDOS Kepa,-,07/07/2006,1
2567,(-),https://cqranking.com/common/flags/FRA.gif,ALEXANDRE Arthur,VCR,24/05/2007,1
2568,(-),https://cqranking.com/common/flags/FRA.gif,HERNANDEZ REILHE Jan,-,26/03/2007,1
2569,(-),https://cqranking.com/common/flags/MGL.gif,BATERDENE Narankhuu,-,23/02/1995,1
2570,(-),https://cqranking.com/common/flags/NED.gif,VAN DER VOORT Boris,-,16/10/2007,1
2571,(-),https://cqranking.com/common/flags/NED.gif,DEN BRABER Tim,-,04/11/1998,1
2572,(1521),https://cqranking.com/common/flags/HON.gif,LOPEZ NOLASCO Luis Fernando Enrique,-,17/09/1997,1
2573,(-),https://cqranking.com/common/flags/BRA.gif,ANDRE Andrey Braguni,GSU,10/11/2005,1
2574,(-),https://cqranking.com/common/flags/CHI.gif,MARQUEZ MARQUEZ Mandel Arnold,-,08/05/1992,1
2575,(2664),https://cqranking.com/common/flags/GBR.gif,JOLLY Carl,-,20/07/1999,1
2576,(-),https://cqranking.com/common/flags/SUI.gif,DENERVAUD Thom,-,03/06/2006,1
2577,(-),https://cqranking.com/common/flags/FRA.gif,SAINT MARTIN Pierre,AIX,21/05/2004,1
2578,(-),https://cqranking.com/common/flags/GBR.gif,HUDSON Harry,LTF,29/08/2007,1
2579,(-),https://cqranking.com/common/flags/ITA.gif,SAMBINELLO Mattia,HBG,03/11/2005,1
2580,(2285),https://cqranking.com/common/flags/KAZ.gif,KARABUTOV Ilya,-,26/07/2004,1
2581,(-),https://cqranking.com/common/flags/FRA.gif,QUETIN Yann,-,10/08/2006,1
2582,(1689),https://cqranking.com/common/flags/POR.gif,LIMA Daniel Botelho Freitas,BAC,12/12/2004,1
2583,(-),https://cqranking.com/common/flags/NED.gif,KONING Stef,AVV,18/03/2004,1
2584,(-),https://cqranking.com/common/flags/GER.gif,WEDEKIND Victor,RRN,26/04/2007,1
2585,(-),https://cqranking.com/common/flags/BEL.gif,DAELMANS Lars,PSC,01/12/2007,1
2586,(-),https://cqranking.com/common/flags/ESP.gif,ARTIGUES COSANO Jordi,-,29/09/2004,1
2587,(-),https://cqranking.com/common/flags/ESP.gif,MORA VEDRI Sebastian,-,19/02/1988,1
2588,(2632),https://cqranking.com/common/flags/CHN.gif,WANG Ruidong,LNS,08/07/2000,1
2589,(2605),https://cqranking.com/common/flags/BEL.gif,VAN DYCK Wesley,-,15/09/1994,1
2590,(-),https://cqranking.com/common/flags/CHN.gif,QU Chengjun,-,24/02/2004,1
2591,(-),https://cqranking.com/common/flags/FRA.gif,HENRIETTE Christopher,-,18/09/2005,1
2592,(-),https://cqranking.com/common/flags/MEX.gif,ZARATE ANIMA Michael,-,11/03/2004,1
2593,(-),https://cqranking.com/common/flags/ITA.gif,VIEZZI Stefano,APD,05/02/2006,1
2594,(-),https://cqranking.com/common/flags/ARG.gif,DIAZ Rodrigo Daniel,-,12/01/2002,1
2595,(-),https://cqranking.com/common/flags/NOR.gif,ROKKE Sondre,-,05/12/2003,1
2596,(-),https://cqranking.com/common/flags/CZE.gif,POKORNY Ondrej,SKC,15/05/2004,1
2597,(-),https://cqranking.com/common/flags/FRA.gif,DEVANNE Antoine,-,16/09/2000,1
2598,(-),https://cqranking.com/common/flags/FRA.gif,DROUET Jules,BAC,14/04/2006,1
2599,(-),https://cqranking.com/common/flags/VEN.gif,GARCIA VERA Moises Alenjandro,-,22/04/2005,1
2600,(-),https://cqranking.com/common/flags/ESP.gif,BENNASSAR ROSSELLO Francesc,-,08/07/2002,1
2601,(-),https://cqranking.com/common/flags/UZB.gif,RAKHMATOV Javlon,-,02/05/2006,1
2602,(-),https://cqranking.com/common/flags/GRE.gif,ATHANASIADIS Alexandros,-,18/10/2003,1
2603,(-),https://cqranking.com/common/flags/IRL.gif,CROWLEY Liam,-,02/04/2002,1
2604,(-),https://cqranking.com/common/flags/FRA.gif,COYOT Sacha,VCR,01/05/2007,1
2605,(1792),https://cqranking.com/common/flags/GUA.gif,VASQUEZ ORDOÑEZ Adolfo Bernabe,HIN,25/01/1995,1
2606,(2619),https://cqranking.com/common/flags/IRL.gif,KEOGH Cian,APS,06/04/1999,1
2607,(-),https://cqranking.com/common/flags/LUX.gif,THILL Tom,-,31/03/1990,1
2608,(-),https://cqranking.com/common/flags/AUS.gif,HONE Levi,TBN,27/06/2006,1
2609,(2563),https://cqranking.com/common/flags/FRA.gif,KAYSER Aurélien,VVB,21/03/2006,1
2610,(-),https://cqranking.com/common/flags/VEN.gif,VILLASMIL PEÑA Alexander,-,27/02/1999,1
2611,(1386),https://cqranking.com/common/flags/RSA.gif,MAHLANGU Thokozani,TPC,24/11/1990,1
2612,(-),https://cqranking.com/common/flags/ECU.gif,MUÑOZ ENRIQUEZ Brayan Esteven,-,11/12/2006,1
2613,(-),https://cqranking.com/common/flags/GER.gif,VOEGE Lennart,TSM,05/02/2000,1
2614,(1881),https://cqranking.com/common/flags/RUS.gif,MAIKIN Roman,-,14/08/1990,1
2615,(1893),https://cqranking.com/common/flags/POR.gif,MEDEIROS Joao Pedro,LAA,04/08/2000,1
2616,(-),https://cqranking.com/common/flags/NED.gif,VAN DER POEL Tim,-,05/02/2005,1
2617,(-),https://cqranking.com/common/flags/USA.gif,FELTON Quinn,PEC,06/08/2002,1
2618,(-),https://cqranking.com/common/flags/NED.gif,WESTBROEK Collin,MET,10/09/2006,1
2619,(-),https://cqranking.com/common/flags/CHI.gif,GALLO FLORIDO Ignacio,PPZ,07/12/2000,1
2620,(1717),https://cqranking.com/common/flags/COL.gif,GARCIA GOMEZ Estiven,ESC,18/11/2004,1
2621,(-),https://cqranking.com/common/flags/BEL.gif,JAMIN Antoine,AAR,23/03/2005,1
2622,(-),https://cqranking.com/common/flags/CHN.gif,ZHANG Hao,CCT,01/09/2005,1
2623,(-),https://cqranking.com/common/flags/FRA.gif,CARENE Boris,-,07/12/1985,1
2624,(-),https://cqranking.com/common/flags/DEN.gif,ØHLENSCHLAEGER Kasper Jul,TGS,19/02/2002,1
2625,(993),https://cqranking.com/common/flags/MEX.gif,GARCIA TREJO Carlos Alfonso,-,21/11/2003,1
2626,(2690),https://cqranking.com/common/flags/GUA.gif,PANJOJ AJQUIJAY Adonias Nelson,-,24/10/2002,1
2627,(2572),https://cqranking.com/common/flags/POL.gif,GARNEK Ksawier,MSP,01/05/2005,1
2628,(2275),https://cqranking.com/common/flags/SUI.gif,BENAREAU Victor,-,12/04/2005,1
2629,(-),https://cqranking.com/common/flags/CAN.gif,CHATEAUNEUF Alexandre,-,27/03/2003,1
2630,(1060),https://cqranking.com/common/flags/MAR.gif,EL ALOUANI Driss,-,30/01/2003,1
2631,(1053),https://cqranking.com/common/flags/USA.gif,DUNHAM Ethan,APS,27/02/2003,1
2632,(-),https://cqranking.com/common/flags/POR.gif,MARTINS Joao Silva,LAA,27/03/2004,1
2633,(-),https://cqranking.com/common/flags/NED.gif,SMIT Stan,-,13/01/2006,1
2634,(-),https://cqranking.com/common/flags/POL.gif,LISTWON Mikolaj,-,12/11/2007,1
2635,(-),https://cqranking.com/common/flags/BEL.gif,DECABOOTER Lance,-,22/08/2001,1
2636,(2213),https://cqranking.com/common/flags/COL.gif,BARBOZA NADER Juan Manuel,CAT,27/09/2000,1
2637,(-),https://cqranking.com/common/flags/NED.gif,VAN DE PUT Luke,-,15/11/2000,1
2638,(-),https://cqranking.com/common/flags/RUS.gif,KAZAKOV Daniil,-,08/01/2005,1
2639,(-),https://cqranking.com/common/flags/HUN.gif,PALUMBY Zsomber,TUS,06/06/1996,1
