Rank,Prev.,Country Flag,Rider,Team,Date of birth,CQ
1,(1),https://cqranking.com/common/flags/SLO.gif,POGACAR Tadej,UEX,21/09/1998,4746
2,(2),https://cqranking.com/common/flags/MEX.gif,DEL TORO ROMERO Isaac,UEX,27/11/2003,3305
3,(6),https://cqranking.com/common/flags/BEL.gif,EVENEPOEL Remco,RBH,25/01/2000,3124
4,(73),https://cqranking.com/common/flags/FRA.gif,SEIXAS Paul,DCT,24/09/2006,2220
5,(3),https://cqranking.com/common/flags/DEN.gif,VINGEGAARD HANSEN Jonas,TVL,10/12/1996,2111
6,(16),https://cqranking.com/common/flags/BEL.gif,PHILIPSEN Jasper,APT,02/03/1998,1877
7,(7),https://cqranking.com/common/flags/GBR.gif,PIDCOCK Thomas,PQT,30/07/1999,1678
8,(28),https://cqranking.com/common/flags/FRA.gif,MARTINEZ Lenny,TBV,11/07/2003,1531
9,(13),https://cqranking.com/common/flags/ITA.gif,SCARONI Christian,XAT,16/10/1997,1490
10,(34),https://cqranking.com/common/flags/AUT.gif,GALL Felix,DCT,27/02/1998,1454
11,(58),https://cqranking.com/common/flags/SUI.gif,SCHMID Mauro,JAY,04/12/1999,1423
12,(24),https://cqranking.com/common/flags/BEL.gif,VAN AERT Wout,TVL,15/09/1994,1397
13,(65),https://cqranking.com/common/flags/NOR.gif,JOHANNESSEN Tobias Halland,UXM,23/08/1999,1384
14,(8),https://cqranking.com/common/flags/NED.gif,VAN DER POEL Mathieu,APT,19/01/1995,1369
15,(10),https://cqranking.com/common/flags/FRA.gif,MAGNIER Paul,SOQ,14/04/2004,1307
16,(19),https://cqranking.com/common/flags/FRA.gif,GREGOIRE Romain,GFC,21/01/2003,1303
17,(49),https://cqranking.com/common/flags/ECU.gif,CARAPAZ MONTENEGRO Richard Antonio,EFE,29/05/1993,1300
18,(69),https://cqranking.com/common/flags/ITA.gif,PELLIZZARI Giulio,RBH,21/11/2003,1213
19,(256),https://cqranking.com/common/flags/FRA.gif,COSNEFROY Benoit,UEX,17/10/1995,1142
20,(102),https://cqranking.com/common/flags/ESP.gif,MAS NICOLAU Enric,MOV,07/01/1995,1128
21,(27),https://cqranking.com/common/flags/DEN.gif,SKJELMOSE JENSEN Mattias,LTK,26/09/2000,1084
22,(297),https://cqranking.com/common/flags/NZL.gif,PITHIE Laurence,RBH,17/07/2002,1082
23,(54),https://cqranking.com/common/flags/DEN.gif,LUND ANDRESEN Tobias,DCT,20/08/2002,1071
24,(43),https://cqranking.com/common/flags/FRA.gif,GODON Dorian,NCI,25/05/1996,1052
25,(55),https://cqranking.com/common/flags/BEL.gif,MEEUS Jordi,RBH,01/07/1998,1042
26,(29),https://cqranking.com/common/flags/GER.gif,LIPOWITZ Florian,RBH,21/09/2000,1037
27,(5),https://cqranking.com/common/flags/DEN.gif,PEDERSEN Mads,LTK,18/12/1995,1024
28,(225),https://cqranking.com/common/flags/ESP.gif,IZAGIRRE INSAUSTI Ion,COF,04/02/1989,1022
29,(33),https://cqranking.com/common/flags/SLO.gif,ROGLIC Primoz,RBH,29/10/1989,1007
30,(57),https://cqranking.com/common/flags/ESP.gif,ARANBURU DEVA Alexander,COF,19/09/1995,1005
31,(25),https://cqranking.com/common/flags/GBR.gif,BRENNAN Matthew,TVL,06/08/2005,974
32,(18),https://cqranking.com/common/flags/ITA.gif,CICCONE Giulio,LTK,20/12/1994,952
33,(17),https://cqranking.com/common/flags/BEL.gif,MERLIER Tim,SOQ,30/10/1992,940
34,(251),https://cqranking.com/common/flags/FRA.gif,LAPORTE Christophe,TVL,11/12/1992,931
35,(100),https://cqranking.com/common/flags/URU.gif,SILVA COUSSAN Guillermo Thomas,XAT,30/12/2001,920
36,(15),https://cqranking.com/common/flags/USA.gif,MCNULTY Brandon,UEX,02/04/1998,919
37,(32),https://cqranking.com/common/flags/USA.gif,JORGENSON Matteo,TVL,01/07/1999,911
38,(22),https://cqranking.com/common/flags/ITA.gif,MILAN Jonathan,LTK,01/10/2000,900
39,(41),https://cqranking.com/common/flags/SVK.gif,KUBIS Lukas,URR,31/01/2000,894
40,(157),https://cqranking.com/common/flags/BEL.gif,BERCKMOES Jenno,LOI,04/02/2001,887
41,(96),https://cqranking.com/common/flags/USA.gif,SIMMONS Quinn,LTK,08/05/2001,886
42,(30),https://cqranking.com/common/flags/ITA.gif,GANNA Filippo,NCI,25/07/1996,861
43,(101),https://cqranking.com/common/flags/FRA.gif,LAPEIRA Paul,DCT,25/05/2000,861
44,(83),https://cqranking.com/common/flags/ITA.gif,PIGANZOLI Davide,TVL,08/07/2002,856
45,(263),https://cqranking.com/common/flags/FRA.gif,BAUDIN Alex,EFE,25/05/2001,852
46,(12),https://cqranking.com/common/flags/ESP.gif,AYUSO PESQUERA Juan,LTK,16/09/2002,844
47,(209),https://cqranking.com/common/flags/ITA.gif,FANCELLU Alessandro,MBH,24/04/2000,819
48,(132),https://cqranking.com/common/flags/FRA.gif,RONDEL Mathys,TUD,23/09/2003,799
49,(46),https://cqranking.com/common/flags/SUI.gif,CHRISTEN Jan,UEX,26/06/2004,797
50,(103),https://cqranking.com/common/flags/ITA.gif,TIBERI Antonio,TBV,24/06/2001,790
51,(224),https://cqranking.com/common/flags/ERI.gif,TESFATSION Natnael Ocbit,MOV,23/05/1999,773
52,(21),https://cqranking.com/common/flags/NED.gif,KOOIJ Olav,DCT,17/10/2001,771
53,(113),https://cqranking.com/common/flags/NED.gif,GROENEWEGEN Dylan,URR,21/06/1993,764
54,(44),https://cqranking.com/common/flags/COL.gif,BERNAL GOMEZ Egan Arley,NCI,13/01/1997,760
55,(50),https://cqranking.com/common/flags/GBR.gif,YATES Adam,UEX,07/08/1992,746
56,(153),https://cqranking.com/common/flags/USA.gif,KUSS Sepp,TVL,13/09/1994,722
57,(166),https://cqranking.com/common/flags/BEL.gif,STUYVEN Jasper,SOQ,17/04/1992,711
58,(109),https://cqranking.com/common/flags/CZE.gif,VACEK Mathias,LTK,12/06/2002,700
59,(26),https://cqranking.com/common/flags/AUS.gif,STORER Michael,TUD,28/02/1997,694
60,(119),https://cqranking.com/common/flags/FRA.gif,VENTURINI Clément,URR,16/10/1993,688
61,(37),https://cqranking.com/common/flags/NED.gif,ARENSMAN Thymen,NCI,04/12/1999,685
62,(98),https://cqranking.com/common/flags/GBR.gif,ASKEY Lewis,NSN,04/05/2001,666
63,(243),https://cqranking.com/common/flags/ESP.gif,ARRIETA LIZARRAGA Igor,UEX,08/12/2002,660
64,(70),https://cqranking.com/common/flags/AUS.gif,HINDLEY Jai,RBH,05/05/1996,657
65,(51),https://cqranking.com/common/flags/NOR.gif,WAERENSKJOLD Søren,UXM,12/03/2000,657
66,(11),https://cqranking.com/common/flags/GBR.gif,ONLEY Oscar,NCI,13/10/2002,656
67,(40),https://cqranking.com/common/flags/AUS.gif,MATTHEWS Michael,JAY,26/09/1990,653
68,(77),https://cqranking.com/common/flags/BEL.gif,VERMEERSCH Florian,UEX,12/03/1999,650
69,(67),https://cqranking.com/common/flags/COL.gif,BUITRAGO SANCHEZ Santiago,TBV,26/09/1999,644
70,(350),https://cqranking.com/common/flags/GER.gif,BRENNER Marco,TUD,27/08/2002,636
71,(127),https://cqranking.com/common/flags/COL.gif,TEJADA CANACUE Harold Alfonso,XAT,27/04/1997,635
72,(42),https://cqranking.com/common/flags/ERI.gif,GIRMAY HAILU Biniam,NSN,02/04/2000,634
73,(280),https://cqranking.com/common/flags/POR.gif,EULALIO Afonso,TBV,30/09/2001,634
74,(76),https://cqranking.com/common/flags/POR.gif,MORGADO Antonio Tomas,UEX,28/01/2004,631
75,(116),https://cqranking.com/common/flags/ITA.gif,TRENTIN Matteo,TUD,02/08/1989,630
76,(88),https://cqranking.com/common/flags/ESP.gif,ROMEO ABAD Ivan,MOV,16/08/2003,626
77,(95),https://cqranking.com/common/flags/AUS.gif,PLAPP Lucas,JAY,25/12/2000,623
78,(14),https://cqranking.com/common/flags/FRA.gif,VAUQUELIN Kévin,NCI,26/04/2001,615
79,(195),https://cqranking.com/common/flags/SLO.gif,OMRZEL Jakob,TBV,21/03/2006,615
80,(163),https://cqranking.com/common/flags/NOR.gif,LEKNESSUND Andreas,UXM,21/05/1999,605
81,(90),https://cqranking.com/common/flags/GER.gif,KANTER Max,XAT,22/10/1997,600
82,(59),https://cqranking.com/common/flags/ESP.gif,BILBAO LOPEZ DE ARMENTIA Pello,TBV,25/02/1990,595
83,(284),https://cqranking.com/common/flags/ITA.gif,ZANA Filippo,SOQ,18/03/1999,593
84,(92),https://cqranking.com/common/flags/USA.gif,RICCITELLO Matthew,DCT,05/03/2002,591
85,(53),https://cqranking.com/common/flags/CAN.gif,GEE-WEST Derek,LTK,03/08/1997,588
86,(64),https://cqranking.com/common/flags/GBR.gif,TULETT Ben,TVL,26/08/2001,586
87,(79),https://cqranking.com/common/flags/ERI.gif,MULUBRHAN Henok,XAT,11/11/1999,585
88,(154),https://cqranking.com/common/flags/BEL.gif,HERMANS Quinten,PQT,29/07/1995,582
89,(228),https://cqranking.com/common/flags/BEL.gif,VAN EETVELT Lennert,LOI,17/07/2001,576
90,(20),https://cqranking.com/common/flags/AUS.gif,VINE Jay,UEX,16/11/1995,574
91,(181),https://cqranking.com/common/flags/BEL.gif,SEGAERT Alec,TBV,16/01/2003,572
92,(135),https://cqranking.com/common/flags/ITA.gif,LONARDI Giovanni,PTV,09/11/1996,568
93,(60),https://cqranking.com/common/flags/CZE.gif,BITTNER Pavel,TPP,29/10/2002,565
94,(210),https://cqranking.com/common/flags/ITA.gif,VENDRAME Andrea,JAY,20/07/1994,564
95,(68),https://cqranking.com/common/flags/BEL.gif,FRETIN Milan,COF,19/03/2001,563
96,(235),https://cqranking.com/common/flags/NOR.gif,NORDHAGEN Jørgen,TVL,10/01/2005,559
97,(56),https://cqranking.com/common/flags/BEL.gif,WELLENS Tim,UEX,10/05/1991,549
98,(94),https://cqranking.com/common/flags/FRA.gif,JEGAT Jordan,TEN,07/06/1999,548
99,(272),https://cqranking.com/common/flags/FRA.gif,BISIAUX Léo,DCT,14/02/2005,539
100,(74),https://cqranking.com/common/flags/FRA.gif,DELETTRE Alexandre,TEN,25/10/1997,527
101,(121),https://cqranking.com/common/flags/FRA.gif,GRUEL Thibaud,GFC,01/05/2004,527
102,(9),https://cqranking.com/common/flags/BEL.gif,DE LIE Arnaud,LOI,16/03/2002,522
103,(390),https://cqranking.com/common/flags/ITA.gif,CRESCIOLI Ludovico,PTV,20/10/2003,521
104,(206),https://cqranking.com/common/flags/URU.gif,FAGUNDEZ LIMA Antonio Eric,BBH,19/08/1998,520
105,(107),https://cqranking.com/common/flags/NED.gif,TEUNISSEN Mike,XAT,25/08/1992,518
106,(140),https://cqranking.com/common/flags/FRA.gif,COQUARD Bryan,COF,25/04/1992,514
107,(139),https://cqranking.com/common/flags/GBR.gif,VERNON Ethan,NSN,26/08/2000,514
108,(337),https://cqranking.com/common/flags/DEN.gif,FOLDAGER Anders,JAY,27/07/2001,509
109,(165),https://cqranking.com/common/flags/FRA.gif,DELBOVE Joris,TEN,15/07/2000,509
110,(196),https://cqranking.com/common/flags/FRA.gif,PARET PEINTRE Valentin,SOQ,14/01/2001,503
111,(300),https://cqranking.com/common/flags/DEN.gif,CHARMIG Anthon,UXM,25/03/1998,502
112,(211),https://cqranking.com/common/flags/SWE.gif,SÖDERQVIST Jakob,LTK,31/05/2003,499
113,(31),https://cqranking.com/common/flags/ECU.gif,NARVAEZ PRADO Jhonatan Manuel,UEX,04/03/1997,498
114,(169),https://cqranking.com/common/flags/USA.gif,SHEEHAN Riley,NSN,16/06/2000,497
115,(82),https://cqranking.com/common/flags/BEL.gif,UIJTDEBROEKS Cian,MOV,28/02/2003,495
116,(638),https://cqranking.com/common/flags/AUS.gif,BERWICK Sebastian,CJR,15/12/1999,492
117,(404),https://cqranking.com/common/flags/USA.gif,AUGUST Andrew,NCI,12/10/2005,487
118,(238),https://cqranking.com/common/flags/SUI.gif,VOISARD Yannis,TUD,26/07/1998,485
119,(187),https://cqranking.com/common/flags/ESP.gif,RODRIGUEZ MARTIN Cristian,XAT,03/03/1995,477
120,(194),https://cqranking.com/common/flags/ESP.gif,BARRENETXEA GOLZARRI Jon,MOV,20/04/2000,476
121,(81),https://cqranking.com/common/flags/ITA.gif,ULISSI Diego,XAT,15/07/1989,474
122,(191),https://cqranking.com/common/flags/FRA.gif,TURGIS Anthony,TEN,16/05/1994,467
123,(171),https://cqranking.com/common/flags/FRA.gif,COSTIOU Ewen,GFC,10/11/2002,457
124,(310),https://cqranking.com/common/flags/ITA.gif,PINARELLO Alessandro,NSN,12/07/2003,457
125,(323),https://cqranking.com/common/flags/RUS.gif,VLASOV Aleksandr,RBH,23/04/1996,455
126,(78),https://cqranking.com/common/flags/ITA.gif,MALUCELLI Matteo,XAT,20/10/1993,453
127,(35),https://cqranking.com/common/flags/NZL.gif,STRONG Corbin,NSN,30/04/2000,450
128,(231),https://cqranking.com/common/flags/ESP.gif,BERRADE FERNANDEZ Urko,EKP,28/11/1997,449
129,(160),https://cqranking.com/common/flags/NZL.gif,FISHER-BLACK Finn,RBH,21/12/2001,444
130,(202),https://cqranking.com/common/flags/FRA.gif,GUERIN Alexis,ACR,06/06/1992,437
131,(456),https://cqranking.com/common/flags/FRA.gif,MARIAULT Axel,CIC,07/06/1998,435
132,(142),https://cqranking.com/common/flags/POL.gif,ANIOLKOWSKI Stanislaw,COF,20/01/1997,431
133,(308),https://cqranking.com/common/flags/USA.gif,VERMAERKE Kevin,UEX,16/10/2000,430
134,(48),https://cqranking.com/common/flags/SUI.gif,HIRSCHI Marc,TUD,24/08/1998,429
135,(258),https://cqranking.com/common/flags/FRA.gif,VERCHER Matteo,TEN,26/01/2001,429
136,(125),https://cqranking.com/common/flags/GBR.gif,DOUBLE Paul,JAY,25/06/1996,428
137,(664),https://cqranking.com/common/flags/GER.gif,WALSCHEID Maximilian,LTK,13/06/1993,426
138,(367),https://cqranking.com/common/flags/ITA.gif,RACCAGNI NOVIERO Andrea,SOQ,26/01/2004,425
139,(99),https://cqranking.com/common/flags/AUS.gif,O'CONNOR Ben,JAY,25/11/1995,422
140,(104),https://cqranking.com/common/flags/FRA.gif,BARRE Louis,TVL,06/04/2000,421
141,(364),https://cqranking.com/common/flags/NED.gif,LEMMEN Bart,TVL,14/10/1995,421
142,(470),https://cqranking.com/common/flags/NED.gif,DE KLEIJN Arvid,TUD,21/03/1994,419
143,(250),https://cqranking.com/common/flags/SRB.gif,RAJOVIC Dusan,TFT,19/11/1997,417
144,(93),https://cqranking.com/common/flags/NOR.gif,KULSET Johannes,UXM,14/04/2004,416
145,(-),https://cqranking.com/common/flags/ITA.gif,POZZOVIVO Domenico,TFT,30/11/1982,415
146,(414),https://cqranking.com/common/flags/BEL.gif,DE GENDT Aime,PQT,17/06/1994,414
147,(114),https://cqranking.com/common/flags/ITA.gif,MOSCHETTI Matteo,PQT,14/08/1996,413
148,(240),https://cqranking.com/common/flags/COL.gif,HIGUITA GARCIA Sergio Andres,XAT,01/08/1997,412
149,(995),https://cqranking.com/common/flags/FRA.gif,GRISEL Matys,LOI,14/07/2005,411
150,(516),https://cqranking.com/common/flags/COL.gif,MARTINEZ POVEDA Daniel Felipe,RBH,25/04/1996,409
151,(86),https://cqranking.com/common/flags/NOR.gif,ABRAHAMSEN Jonas,UXM,20/09/1995,407
152,(170),https://cqranking.com/common/flags/NED.gif,PLUIMERS Rick,TUD,07/12/2000,403
153,(276),https://cqranking.com/common/flags/ITA.gif,MOZZATO Luca,TUD,15/02/1998,401
154,(145),https://cqranking.com/common/flags/FRA.gif,LAURANCE Axel,NCI,13/04/2001,401
155,(123),https://cqranking.com/common/flags/ESP.gif,CANAL BLANCO Carlos,MOV,28/06/2001,396
156,(457),https://cqranking.com/common/flags/ESP.gif,RUIZ SEDANO Ibon,EKP,30/01/1999,396
157,(89),https://cqranking.com/common/flags/FRA.gif,MARTIN GUYONNET Guillaume,GFC,09/06/1993,391
158,(66),https://cqranking.com/common/flags/FRA.gif,CHAMPOUSSIN Clément,XAT,29/05/1998,391
159,(411),https://cqranking.com/common/flags/KAZ.gif,VINOKUROV Nicolya,XAT,07/07/2002,391
160,(226),https://cqranking.com/common/flags/BEL.gif,DE SCHUYTENEER Steffen,LOI,24/02/2005,390
161,(908),https://cqranking.com/common/flags/AUS.gif,TUCKWELL Luke,RBH,21/06/2004,390
162,(781),https://cqranking.com/common/flags/FRA.gif,ISIDORE Noa,DCT,17/09/2004,389
163,(174),https://cqranking.com/common/flags/FRA.gif,RENARD Alexis,COF,01/06/1999,382
164,(36),https://cqranking.com/common/flags/FRA.gif,JEANNIERE Emilien,TEN,26/09/1998,381
165,(176),https://cqranking.com/common/flags/FRA.gif,PENHOËT Paul,GFC,28/12/2001,381
166,(230),https://cqranking.com/common/flags/GER.gif,TEUTENBERG Tim Torn,LTK,19/06/2002,379
167,(124),https://cqranking.com/common/flags/DEN.gif,CORT NIELSEN Magnus,UXM,16/01/1993,378
168,(389),https://cqranking.com/common/flags/ESP.gif,BERASATEGI GARMENDIA Xabier,EUS,08/04/2000,378
169,(739),https://cqranking.com/common/flags/COL.gif,SOSA CUERVO Ivan Ramiro,EKP,31/10/1997,377
170,(72),https://cqranking.com/common/flags/GBR.gif,WRIGHT Fred,PQT,13/06/1999,377
171,(234),https://cqranking.com/common/flags/BEL.gif,VERMEERSCH Gianni,RBH,19/11/1992,369
172,(551),https://cqranking.com/common/flags/NED.gif,VAN DIJKE Tim,RBH,15/03/2000,369
173,(405),https://cqranking.com/common/flags/ESP.gif,PERICAS CAPDEVILA Adria,UEX,26/05/2006,369
174,(245),https://cqranking.com/common/flags/ESP.gif,COBO CAYON Ivan,EKP,02/01/2000,366
175,(864),https://cqranking.com/common/flags/NED.gif,BIESTERBOS Frits,TPP,14/02/2002,363
176,(275),https://cqranking.com/common/flags/ESP.gif,CASTELLON RIBALTA Jan,CJR,31/07/2003,363
177,(131),https://cqranking.com/common/flags/FRA.gif,BERTHET Clément,GFC,02/08/1997,362
178,(459),https://cqranking.com/common/flags/GER.gif,POLITT Nils,UEX,06/03/1994,361
179,(556),https://cqranking.com/common/flags/ESP.gif,CAMPRUBI PIJUAN Marcel,PQT,15/09/2001,356
180,(434),https://cqranking.com/common/flags/FRA.gif,HUENS Axel,GFC,05/09/2001,354
181,(427),https://cqranking.com/common/flags/FRA.gif,DECOMBLE Maxime,GFC,16/07/2005,354
182,(567),https://cqranking.com/common/flags/NOR.gif,HAGENES Per Strand,TVL,10/07/2003,353
183,(1715),https://cqranking.com/common/flags/BRA.gif,BRAVO Henrique Ribeiro,SQD,20/04/2006,353
184,(147),https://cqranking.com/common/flags/SUI.gif,KÜNG Stefan,TUD,16/11/1993,352
185,(218),https://cqranking.com/common/flags/GER.gif,ZIMMERMANN Georg,LOI,11/10/1997,352
186,(584),https://cqranking.com/common/flags/BEL.gif,DEBRUYNE Ramses,APT,31/08/2002,352
187,(129),https://cqranking.com/common/flags/DEN.gif,WITHEN PHILIPSEN Albert,LTK,03/09/2006,351
188,(642),https://cqranking.com/common/flags/ITA.gif,ROMELE Alessandro,XAT,30/08/2003,350
189,(319),https://cqranking.com/common/flags/FRA.gif,GAUTHERAT Pierre,DCT,16/01/2003,348
190,(691),https://cqranking.com/common/flags/ESP.gif,BELOKI FERNANDEZ Markel,EFE,27/07/2005,345
191,(321),https://cqranking.com/common/flags/ITA.gif,FINN Lorenzo,RBC,19/12/2006,342
192,(122),https://cqranking.com/common/flags/AUT.gif,GROSSSCHARTNER Felix,UEX,23/12/1993,341
193,(844),https://cqranking.com/common/flags/DEN.gif,PEDERSEN Henrik Breiner,UXM,03/12/2004,341
194,(312),https://cqranking.com/common/flags/NOR.gif,SVESTAD-BAARDSENG Embret,NCI,01/09/2002,340
195,(801),https://cqranking.com/common/flags/DEN.gif,KAMP Alexander,UXM,14/12/1993,337
196,(290),https://cqranking.com/common/flags/USA.gif,LAMPERTI Luke,EFE,31/12/2002,337
197,(859),https://cqranking.com/common/flags/NZL.gif,OLIVER Ben,MAP,17/12/1996,336
198,(728),https://cqranking.com/common/flags/FRA.gif,L'HOTE Antoine,DCT,27/05/2005,336
199,(576),https://cqranking.com/common/flags/FRA.gif,TESSON Jason,TEN,09/01/1998,335
200,(261),https://cqranking.com/common/flags/ESP.gif,RODRIGUEZ CANO Carlos,NCI,02/02/2001,333
201,(205),https://cqranking.com/common/flags/ESP.gif,DIAZ GALLEGO Jose Manuel,BBH,18/01/1995,332
202,(871),https://cqranking.com/common/flags/DEN.gif,KRON Andreas Lorentz,UXM,01/06/1998,332
203,(193),https://cqranking.com/common/flags/ESP.gif,GARCIA PIERNA Raul,MOV,23/02/2001,332
204,(313),https://cqranking.com/common/flags/BEL.gif,LOOCKX Lander,URR,25/04/1997,328
205,(539),https://cqranking.com/common/flags/DEN.gif,VALGREN HUNDAHL Michael,EFE,07/02/1992,327
206,(370),https://cqranking.com/common/flags/FRA.gif,BRAZ AFONSO Clément,GFC,08/11/1999,325
207,(285),https://cqranking.com/common/flags/GBR.gif,DONOVAN Mark,PQT,03/04/1999,324
208,(464),https://cqranking.com/common/flags/FRA.gif,SPARFEL Aubin,DCD,03/05/2006,324
209,(23),https://cqranking.com/common/flags/IRL.gif,HEALY Ben,EFE,11/09/2000,322
210,(137),https://cqranking.com/common/flags/ITA.gif,ZAMBANINI Edoardo,TBV,21/04/2001,322
211,(85),https://cqranking.com/common/flags/NED.gif,DEL GROSSO Tibor,APT,27/07/2003,321
212,(858),https://cqranking.com/common/flags/ITA.gif,KONYCHEV Alexander,CAT,25/07/1998,318
213,(377),https://cqranking.com/common/flags/AUT.gif,MÜHLBERGER Gregor,DCT,04/04/1994,317
214,(253),https://cqranking.com/common/flags/BEL.gif,TEUNS Dylan,COF,01/03/1992,316
215,(724),https://cqranking.com/common/flags/IRL.gif,MEEHAN Jamie,COF,06/09/2003,316
216,(548),https://cqranking.com/common/flags/BEL.gif,VANSEVENANT Mauri,SOQ,01/06/1999,315
217,(468),https://cqranking.com/common/flags/ITA.gif,OLDANI Stefano,CJR,10/01/1998,314
218,(647),https://cqranking.com/common/flags/GER.gif,STEINHAUSER Georg,EFE,21/10/2001,314
219,(223),https://cqranking.com/common/flags/ITA.gif,SOBRERO Matteo,LTK,14/05/1997,312
220,(52),https://cqranking.com/common/flags/ITA.gif,VELASCO Simone,XAT,02/12/1995,309
221,(343),https://cqranking.com/common/flags/NOR.gif,FOSS Tobias Svendsen,NCI,25/05/1997,309
222,(271),https://cqranking.com/common/flags/FRA.gif,BREUILLARD Nicolas,TEN,13/03/2000,308
223,(640),https://cqranking.com/common/flags/GBR.gif,DONALDSON Robert,JAY,08/04/2002,307
224,(506),https://cqranking.com/common/flags/COL.gif,QUINTANA ROJAS Nairo Alexander,MOV,04/02/1990,305
225,(505),https://cqranking.com/common/flags/USA.gif,SHMIDT Artem,NCI,30/01/2004,305
226,(630),https://cqranking.com/common/flags/GBR.gif,HOBBS Noah,EFE,23/07/2004,305
227,(192),https://cqranking.com/common/flags/NOR.gif,TILLER Rasmus Fossum,UXM,28/07/1996,303
228,(1092),https://cqranking.com/common/flags/GER.gif,MÜLLER Tobias,URR,31/03/2004,303
229,(215),https://cqranking.com/common/flags/DEN.gif,HONORE Mikkel Frølich,EFE,21/01/1997,302
230,(232),https://cqranking.com/common/flags/NED.gif,HOOLE Daan,DCT,22/02/1999,302
231,(199),https://cqranking.com/common/flags/ESP.gif,MIQUEL DELGADO Pau,TBV,20/08/2000,302
232,(608),https://cqranking.com/common/flags/ESP.gif,ALVAREZ MARTINEZ Hector,LTF,12/12/2006,302
233,(400),https://cqranking.com/common/flags/FRA.gif,CAVAGNA Rémi,GFC,10/08/1995,301
234,(349),https://cqranking.com/common/flags/BEL.gif,THIJSSEN Gerben,APT,21/06/1998,301
235,(379),https://cqranking.com/common/flags/ITA.gif,GARIBBO Nicolo,TUK,29/06/1999,295
236,(1168),https://cqranking.com/common/flags/CZE.gif,HIRT Jan,NSN,21/01/1991,294
237,(105),https://cqranking.com/common/flags/NED.gif,VAN POPPEL Danny,RBH,26/07/1993,293
238,(611),https://cqranking.com/common/flags/GER.gif,HEIDUK Kim,NCI,03/03/2000,292
239,(237),https://cqranking.com/common/flags/NOR.gif,LØLAND Sakarias Koller,UXM,20/09/2001,292
240,(563),https://cqranking.com/common/flags/ARG.gif,SEPULVEDA Eduardo,LNS,13/06/1991,291
241,(178),https://cqranking.com/common/flags/AUS.gif,GILMORE Brady,NSN,14/04/2001,291
242,(376),https://cqranking.com/common/flags/GBR.gif,NERURKAR Lukas,EFE,14/11/2003,287
243,(666),https://cqranking.com/common/flags/BEL.gif,VERSTRYNGE Emiel,APT,04/02/2002,285
244,(302),https://cqranking.com/common/flags/DEN.gif,KRAGH ANDERSEN Søren,LTK,10/08/1994,284
245,(269),https://cqranking.com/common/flags/ITA.gif,FIORELLI Filippo,TVL,19/11/1994,284
246,(877),https://cqranking.com/common/flags/BEL.gif,SLOCK Liam,LOI,18/09/2000,284
247,(592),https://cqranking.com/common/flags/ITA.gif,GUALDI Simone,LOI,16/04/2005,282
248,(180),https://cqranking.com/common/flags/BEL.gif,VAN GILS Maxim,RBH,25/11/1999,280
249,(368),https://cqranking.com/common/flags/ECU.gif,CAICEDO CEPEDA Jonathan Klever,CDT,28/04/1993,279
250,(384),https://cqranking.com/common/flags/ITA.gif,GAROFOLI Gianmarco,SOQ,06/10/2002,279
251,(4),https://cqranking.com/common/flags/POR.gif,ALMEIDA Joao Pedro Gonçalves,UEX,05/08/1998,278
252,(536),https://cqranking.com/common/flags/RSA.gif,MUNTON Byron,MAP,12/12/1998,275
253,(136),https://cqranking.com/common/flags/DEN.gif,LARSEN Niklas,URR,22/03/1997,271
254,(545),https://cqranking.com/common/flags/ITA.gif,PESENTI Thomas,PTV,16/10/1999,271
255,(1157),https://cqranking.com/common/flags/BEL.gif,HERREGODTS Rune,UEX,27/07/1998,270
256,(527),https://cqranking.com/common/flags/POR.gif,ANTUNES Tiago Gomes,EFP,09/04/1997,269
257,(518),https://cqranking.com/common/flags/FRA.gif,IZQUIERDO Clément,COF,16/02/2002,268
258,(510),https://cqranking.com/common/flags/ITA.gif,COVILI Luca,BCS,10/02/1997,266
259,(471),https://cqranking.com/common/flags/ESP.gif,MARTIN SANZ Gotzon,EUS,15/02/1996,265
260,(328),https://cqranking.com/common/flags/POL.gif,BOGUSLAWSKI Marceli,ATT,07/09/1997,264
261,(1018),https://cqranking.com/common/flags/ITA.gif,DATI Tommaso,TUK,13/07/2002,264
262,(213),https://cqranking.com/common/flags/AUS.gif,HARPER Chris,PQT,23/11/1994,263
263,(133),https://cqranking.com/common/flags/NOR.gif,DVERSNES LAVIK Fredrik,UXM,20/03/1997,263
264,(1033),https://cqranking.com/common/flags/ITA.gif,BORGO Alessandro,TBV,06/02/2005,263
265,(156),https://cqranking.com/common/flags/GBR.gif,HAYTER Ethan,SOQ,18/09/1998,262
266,(345),https://cqranking.com/common/flags/BEL.gif,VAN MOER Brent,PQT,12/01/1998,261
267,(2875),https://cqranking.com/common/flags/CZE.gif,JEZEK Vaclav,KCR,08/03/2005,261
268,(183),https://cqranking.com/common/flags/NED.gif,POELS Wout,URR,01/10/1987,260
269,(164),https://cqranking.com/common/flags/ITA.gif,CARUSO Damiano,TBV,12/10/1987,259
270,(749),https://cqranking.com/common/flags/AUS.gif,EDDY Patrick,TBN,17/10/2002,259
271,(185),https://cqranking.com/common/flags/CZE.gif,KOPECKY Matyas,URR,19/01/2003,259
272,(134),https://cqranking.com/common/flags/UKR.gif,TSARENKO Kyrylo,TFT,13/10/2000,258
273,(149),https://cqranking.com/common/flags/ITA.gif,BETTIOL Alberto,XAT,29/10/1993,257
274,(322),https://cqranking.com/common/flags/NED.gif,MOLLEMA Bauke,LTK,26/11/1986,256
275,(47),https://cqranking.com/common/flags/ITA.gif,FORTUNATO Lorenzo,XAT,09/05/1996,256
276,(388),https://cqranking.com/common/flags/DEN.gif,PEDERSEN Rasmus Søjberg,DCT,09/07/2002,256
277,(214),https://cqranking.com/common/flags/AUS.gif,WELSFORD Sam,NCI,19/01/1996,254
278,(294),https://cqranking.com/common/flags/ECU.gif,CEPEDA HERNANDEZ Jefferson Alveiro,MOV,02/03/1996,254
279,(138),https://cqranking.com/common/flags/NED.gif,VAN DEN BERG Marijn,EFE,19/07/1999,252
280,(208),https://cqranking.com/common/flags/GBR.gif,TARLING Joshua,NCI,15/02/2004,252
281,(410),https://cqranking.com/common/flags/ITA.gif,TOLIO Alex,BCS,30/03/2000,251
282,(80),https://cqranking.com/common/flags/BEL.gif,VAN WILDER Ilan,SOQ,14/05/2000,251
283,(184),https://cqranking.com/common/flags/FRA.gif,THOMAS Benjamin,COF,12/09/1995,250
284,(397),https://cqranking.com/common/flags/NED.gif,ARTZ Huub,LOI,14/05/2002,250
285,(617),https://cqranking.com/common/flags/COL.gif,PESCADOR CASTRO Diego,MOV,21/12/2004,249
286,(236),https://cqranking.com/common/flags/SLO.gif,MOHORIC Matej,TBV,19/10/1994,248
287,(190),https://cqranking.com/common/flags/GER.gif,ENGELHARDT Felix,JAY,19/08/2000,248
288,(75),https://cqranking.com/common/flags/LAT.gif,SKUJINS Toms,LTK,15/06/1991,247
289,(623),https://cqranking.com/common/flags/NZL.gif,MUDGWAY Luke,LNS,12/06/1996,247
290,(701),https://cqranking.com/common/flags/BEL.gif,DEWULF Stan,DCT,20/12/1997,246
291,(1002),https://cqranking.com/common/flags/SUI.gif,BALMER Alexandre,TFT,04/05/2000,246
292,(152),https://cqranking.com/common/flags/FRA.gif,HOFSTETTER Hugo,NSN,13/02/1994,243
293,(595),https://cqranking.com/common/flags/FRA.gif,VADIC Baptiste,TEN,15/04/2002,243
294,(207),https://cqranking.com/common/flags/ESP.gif,CASTRILLO ZAPATER Pablo,MOV,02/01/2001,243
295,(398),https://cqranking.com/common/flags/NED.gif,KELDERMAN Wilco,TVL,25/03/1991,241
296,(222),https://cqranking.com/common/flags/BEL.gif,BIERMANS Jenthe,COF,30/10/1995,241
297,(189),https://cqranking.com/common/flags/COL.gif,MOLANO BENAVIDES Juan Sebastian,UEX,04/11/1994,241
298,(167),https://cqranking.com/common/flags/ESP.gif,ADRIA OLIVERAS Roger,MOV,18/04/1998,241
299,(112),https://cqranking.com/common/flags/FRA.gif,DUJARDIN Sandy,TEN,29/05/1997,239
300,(274),https://cqranking.com/common/flags/BEL.gif,WIDAR Jarno,LOI,13/11/2005,239
301,(522),https://cqranking.com/common/flags/COL.gif,UMBA LOPEZ Abner Santiago,TFT,20/11/2002,238
302,(293),https://cqranking.com/common/flags/NED.gif,BOL Cees,DCT,27/07/1995,237
303,(1054),https://cqranking.com/common/flags/BEL.gif,VAN KERCKHOVE Matisse,VLD,11/09/2006,236
304,(265),https://cqranking.com/common/flags/ITA.gif,CATTANEO Mattia,RBH,25/10/1990,235
305,(264),https://cqranking.com/common/flags/ESP.gif,HERRADA LOPEZ Jesus,BBH,26/07/1990,235
306,(487),https://cqranking.com/common/flags/MEX.gif,CADENA MARTINEZ Edgar David,TSM,20/08/2000,235
307,(159),https://cqranking.com/common/flags/VEN.gif,AULAR SANABRIA Orluis Alberto,MOV,05/11/1996,234
308,(1005),https://cqranking.com/common/flags/FRA.gif,BOICHIS Adrien,RBH,02/01/2003,234
309,(679),https://cqranking.com/common/flags/BEL.gif,CRABBE Tom,TFB,02/06/2005,233
310,(463),https://cqranking.com/common/flags/NED.gif,VAN DIJKE Mick,RBH,15/03/2000,232
311,(120),https://cqranking.com/common/flags/FRA.gif,ARMIRAIL Bruno,TVL,11/04/1994,231
312,(485),https://cqranking.com/common/flags/NZL.gif,BENNETT George,NSN,07/04/1990,230
313,(408),https://cqranking.com/common/flags/NED.gif,VAN DER TUUK Axel,EUS,25/05/2001,230
314,(110),https://cqranking.com/common/flags/NOR.gif,JOHANNESSEN Anders Halland,UXM,23/08/1999,229
315,(1143),https://cqranking.com/common/flags/DEN.gif,SVARRE Tobias,UXM,19/07/2004,229
316,(162),https://cqranking.com/common/flags/NOR.gif,BLIKRA Erlend Jordbrekk,UXM,11/01/1997,228
317,(91),https://cqranking.com/common/flags/USA.gif,SHEFFIELD Magnus,NCI,19/04/2002,228
318,(629),https://cqranking.com/common/flags/NED.gif,REINDERINK Pepijn,SOQ,04/05/2002,226
319,(277),https://cqranking.com/common/flags/NED.gif,MOLENAAR Alex,CJR,13/07/1999,225
320,(713),https://cqranking.com/common/flags/FRA.gif,THIERRY Pierre,TEN,31/05/2003,224
321,(359),https://cqranking.com/common/flags/FRA.gif,GACHIGNARD Thomas,TEN,17/08/2000,222
322,(204),https://cqranking.com/common/flags/BEL.gif,MARIT Arne,RBH,21/01/1999,221
323,(188),https://cqranking.com/common/flags/ITA.gif,BALLERINI Davide,XAT,21/09/1994,220
324,(331),https://cqranking.com/common/flags/DEN.gif,ASGREEN Kasper,EFE,08/02/1995,220
325,(71),https://cqranking.com/common/flags/FRA.gif,SIVAKOV Pavel,UEX,11/07/1997,220
326,(499),https://cqranking.com/common/flags/LUX.gif,WENZEL Mats,EKP,19/12/2002,220
327,(146),https://cqranking.com/common/flags/ESP.gif,LANDA MEANA Mikel,SOQ,13/12/1989,219
328,(278),https://cqranking.com/common/flags/GUA.gif,CHUMIL GONZALEZ Sergio Geovani,BBH,08/10/2000,219
329,(314),https://cqranking.com/common/flags/ESP.gif,CAVIA SANZ Daniel,BBH,02/06/2002,218
330,(646),https://cqranking.com/common/flags/DEN.gif,JOHANSEN Julius,UEX,13/09/1999,217
331,(115),https://cqranking.com/common/flags/ITA.gif,BAGIOLI Andrea,LTK,23/03/1999,214
332,(502),https://cqranking.com/common/flags/NOR.gif,CHRISTOPHERSEN Cedrik Bakke,URR,11/12/2001,214
333,(141),https://cqranking.com/common/flags/GER.gif,SCHACHMANN Maximilian,SOQ,09/01/1994,213
334,(417),https://cqranking.com/common/flags/FRA.gif,PAGE Hugo,COF,24/07/2001,213
335,(126),https://cqranking.com/common/flags/ESP.gif,SOLER GIMENEZ Marc,UEX,22/11/1993,212
336,(886),https://cqranking.com/common/flags/NED.gif,JOHANNINK Jelle,URR,22/10/1996,212
337,(1088),https://cqranking.com/common/flags/ITA.gif,CALZONI Walter,PQT,08/08/2001,211
338,(394),https://cqranking.com/common/flags/FRA.gif,MAISONOBE Sam,COF,08/09/2003,211
339,(227),https://cqranking.com/common/flags/RUS.gif,NYCH Artem,ACR,21/03/1995,210
340,(221),https://cqranking.com/common/flags/KAZ.gif,FEDOROV Yevgeniy,XAT,16/02/2000,210
341,(840),https://cqranking.com/common/flags/NOR.gif,GUDMESTAD Tord,DCT,08/05/2001,210
342,(530),https://cqranking.com/common/flags/BEL.gif,BONNEU Kamiel,TFT,01/08/1999,209
343,(631),https://cqranking.com/common/flags/GER.gif,JASCH Lennart,TUD,14/11/2000,209
344,(820),https://cqranking.com/common/flags/GBR.gif,GIDDINGS Joshua,LOI,20/07/2003,208
345,(260),https://cqranking.com/common/flags/SUI.gif,BISSEGGER Stefan,DCT,13/09/1998,207
346,(416),https://cqranking.com/common/flags/ECU.gif,CEPEDA ORTIZ Jefferson Alexander,EFE,16/06/1998,207
347,(262),https://cqranking.com/common/flags/BEL.gif,MEURISSE Xandro,PQT,31/01/1992,206
348,(244),https://cqranking.com/common/flags/GER.gif,STORK Florian,TUD,27/04/1997,206
349,(161),https://cqranking.com/common/flags/ESP.gif,BARCELO ARAGON Fernando,CJR,06/01/1996,206
350,(144),https://cqranking.com/common/flags/DEN.gif,SALBY Alexander,LNS,04/06/1998,205
351,(97),https://cqranking.com/common/flags/SUI.gif,CHRISTEN Fabio,PQT,29/06/2002,204
352,(898),https://cqranking.com/common/flags/NZL.gif,BURNETT Josh,BBH,26/10/2000,204
353,(525),https://cqranking.com/common/flags/ITA.gif,MAESTRI Mirco,PTV,26/10/1991,203
354,(106),https://cqranking.com/common/flags/ESP.gif,ROMO OLIVER Javier,MOV,06/01/1999,203
355,(665),https://cqranking.com/common/flags/NED.gif,DEKKER David,BCY,02/02/1998,202
356,(442),https://cqranking.com/common/flags/RSA.gif,HATHERLY Alan,JAY,15/03/1996,202
357,(108),https://cqranking.com/common/flags/BEL.gif,LECERF William Junior,SOQ,15/10/2002,201
358,(148),https://cqranking.com/common/flags/NOR.gif,HOELGAARD Markus,UXM,04/10/1994,198
359,(155),https://cqranking.com/common/flags/FRA.gif,TRONCHON Bastien,GFC,29/03/2002,198
360,(111),https://cqranking.com/common/flags/FRA.gif,PARET PEINTRE Aurélien,DCT,27/02/1996,197
361,(803),https://cqranking.com/common/flags/ITA.gif,FABBRO Matteo,TFT,10/04/1995,197
362,(252),https://cqranking.com/common/flags/ESP.gif,PARRA CUERDA Jose Felix,CJR,16/01/1997,197
363,(523),https://cqranking.com/common/flags/FRA.gif,LE BERRE Mathis,TEN,16/04/2001,197
364,(87),https://cqranking.com/common/flags/NZL.gif,GATE Aaron,XAT,26/11/1990,196
365,(554),https://cqranking.com/common/flags/POR.gif,OLIVEIRA Rui Filipe Alves,UEX,05/09/1996,196
366,(439),https://cqranking.com/common/flags/BEL.gif,BRAET Vito,LOI,02/11/2000,195
367,(182),https://cqranking.com/common/flags/ITA.gif,QUARTUCCI Lorenzo,BBH,05/04/1999,195
368,(483),https://cqranking.com/common/flags/GBR.gif,SWIFT Connor,NCI,30/10/1995,194
369,(325),https://cqranking.com/common/flags/GER.gif,SCHIFFER Anton,TVL,01/09/1999,194
370,(45),https://cqranking.com/common/flags/FRA.gif,PRODHOMME Nicolas,DCT,01/02/1997,193
371,(528),https://cqranking.com/common/flags/ITA.gif,COLNAGHI Luca,BCS,14/01/1999,193
372,(2130),https://cqranking.com/common/flags/COL.gif,JAMAICA MEJIA Javier Ernesto,TNC,02/03/1996,193
373,(373),https://cqranking.com/common/flags/ESP.gif,MARTI SORIANO Pau,NSN,24/11/2004,193
374,(435),https://cqranking.com/common/flags/ITA.gif,TURCONI Filippo,BCS,20/10/2005,193
375,(460),https://cqranking.com/common/flags/DEN.gif,BJERG Mikkel Norsgaard,UEX,03/11/1998,192
376,(387),https://cqranking.com/common/flags/ESP.gif,APARICIO MUÑOZ Mario,BBH,23/04/2000,192
377,(128),https://cqranking.com/common/flags/BEL.gif,MENTEN Milan,LOI,31/10/1996,191
378,(628),https://cqranking.com/common/flags/ITA.gif,VERRE Alessandro,MBH,17/11/2001,191
379,(447),https://cqranking.com/common/flags/POR.gif,LEITAO Iuri Gabriel Dantas,CJR,03/07/1998,191
380,(477),https://cqranking.com/common/flags/NED.gif,GRAAT Tijmen,TVL,10/01/2003,191
381,(1176),https://cqranking.com/common/flags/EST.gif,TAMM Lauri,CAT,02/04/2004,191
382,(704),https://cqranking.com/common/flags/ESP.gif,BOU COMPANY Joan,CJR,16/01/1997,190
383,(1136),https://cqranking.com/common/flags/FRA.gif,BONNET Thomas,TEN,13/09/1998,190
384,(865),https://cqranking.com/common/flags/GBR.gif,ROWE Elliot,VLD,01/06/2006,190
385,(561),https://cqranking.com/common/flags/GER.gif,HERZOG Emil,RBH,06/10/2004,189
386,(473),https://cqranking.com/common/flags/BEL.gif,VERVAEKE Louis,SOQ,06/10/1993,188
387,(755),https://cqranking.com/common/flags/AUS.gif,BETTLES Carter,ROI,02/09/1998,188
388,(340),https://cqranking.com/common/flags/ESP.gif,AGIRRE EGAÑA Jon,EUS,10/09/1997,188
389,(267),https://cqranking.com/common/flags/POR.gif,OLIVEIRA Ivo Emanuel Alves,UEX,05/09/1996,187
390,(212),https://cqranking.com/common/flags/BEL.gif,REX Laurenz,SOQ,15/12/1999,187
391,(431),https://cqranking.com/common/flags/GER.gif,UHLIG Henri,APT,01/08/2001,187
392,(418),https://cqranking.com/common/flags/FRA.gif,ZINGLE Axel,TVL,18/12/1998,187
393,(179),https://cqranking.com/common/flags/GBR.gif,TURNER Ben,NCI,28/05/1999,186
394,(517),https://cqranking.com/common/flags/ITA.gif,SCALCO Matteo,XAD,25/06/2004,186
395,(-),https://cqranking.com/common/flags/ITA.gif,MAGAGNOTTI Alessio,RBC,27/01/2007,184
396,(1007),https://cqranking.com/common/flags/EST.gif,PAJUR Romet,RBC,26/09/2004,183
397,(496),https://cqranking.com/common/flags/ITA.gif,CONCI Nicola,XAT,05/01/1997,182
398,(393),https://cqranking.com/common/flags/ESP.gif,NICOLAU BELTRAN Joel,CJR,23/12/1997,182
399,(484),https://cqranking.com/common/flags/ITA.gif,MARCELLUSI Martin,BCS,05/04/2000,181
400,(531),https://cqranking.com/common/flags/GBR.gif,THORNLEY Callum,RBH,05/08/2003,181
401,(1820),https://cqranking.com/common/flags/FRA.gif,THEOT Killian,VRR,06/06/1999,180
402,(880),https://cqranking.com/common/flags/ESP.gif,SORARRAIN AGIRREZABALA Gorka,CJR,21/05/1996,180
403,(1270),https://cqranking.com/common/flags/COL.gif,RODRIGUEZ CONTRERAS Juan Felipe,EFE,05/11/2003,180
404,(361),https://cqranking.com/common/flags/ROU.gif,RAILEANU Cristian,LNS,24/01/1993,179
405,(371),https://cqranking.com/common/flags/ESP.gif,TERCERO LOPEZ Fernando,PTV,28/12/2001,179
406,(84),https://cqranking.com/common/flags/BEL.gif,BENOOT Tiesj,DCT,11/03/1994,177
407,(395),https://cqranking.com/common/flags/ITA.gif,ZANONCELLO Enrico,BCS,02/08/1997,177
408,(454),https://cqranking.com/common/flags/DEN.gif,BEVORT Carl-Frederik,UXM,24/11/2003,176
409,(552),https://cqranking.com/common/flags/GBR.gif,PICKERING Finlay,JAY,27/01/2003,175
410,(186),https://cqranking.com/common/flags/BEL.gif,DE BONDT Dries,JAY,04/07/1991,173
411,(254),https://cqranking.com/common/flags/ESP.gif,GARCIA CORTINA Ivan,MOV,20/11/1995,173
412,(130),https://cqranking.com/common/flags/ITA.gif,FRIGO Marco,NSN,02/03/2000,173
413,(158),https://cqranking.com/common/flags/FRA.gif,MADOUAS Valentin,GFC,12/07/1996,172
414,(740),https://cqranking.com/common/flags/KAZ.gif,PRONSKIY Vadim,TSG,04/06/1998,172
415,(575),https://cqranking.com/common/flags/AUS.gif,SWEENY Harrison,EFE,09/07/1998,172
416,(335),https://cqranking.com/common/flags/ESP.gif,PEÑALVER ANIORTE Manuel,PTV,10/12/1998,172
417,(61),https://cqranking.com/common/flags/FRA.gif,ALAPHILIPPE Julian,TUD,11/06/1992,171
418,(725),https://cqranking.com/common/flags/SLO.gif,ERZEN Zak,TBV,19/10/2005,171
419,(233),https://cqranking.com/common/flags/ESP.gif,PRADES REVERTER Eduard,CJR,09/08/1987,170
420,(945),https://cqranking.com/common/flags/BEL.gif,TAMINIAUX Lionel,LOI,21/05/1996,170
421,(353),https://cqranking.com/common/flags/RSA.gif,DE BOD Stefan,MAP,17/11/1996,170
422,(782),https://cqranking.com/common/flags/SLO.gif,ERMAKOV Roman,TBV,06/10/2004,170
423,(1034),https://cqranking.com/common/flags/AUS.gif,FOX Matthew,LOI,28/09/2002,170
424,(1443),https://cqranking.com/common/flags/LAT.gif,PLUTO Martins,ENT,13/01/1998,169
425,(62),https://cqranking.com/common/flags/GBR.gif,WATSON Samuel,NCI,24/09/2001,169
426,(433),https://cqranking.com/common/flags/BLR.gif,TSISHKOU Raman,LNS,02/12/1994,166
427,(446),https://cqranking.com/common/flags/NED.gif,VAN ENGELEN Adne,TSG,16/03/1993,166
428,(346),https://cqranking.com/common/flags/ITA.gif,MAGLI Filippo,BCS,29/04/1999,166
429,(861),https://cqranking.com/common/flags/NED.gif,KERCKHAERT Jochem,BCY,29/10/2000,166
430,(315),https://cqranking.com/common/flags/FRA.gif,LAFAY Victor,URR,17/01/1996,165
431,(812),https://cqranking.com/common/flags/ESP.gif,BRUSTENGA MASAGUE Marc,EKP,04/09/1999,165
432,(887),https://cqranking.com/common/flags/ITA.gif,TONEATTI Davide,XAT,09/04/2001,165
433,(1074),https://cqranking.com/common/flags/ITA.gif,BELLETTA Dario Igor,PTV,27/01/2004,165
434,(1910),https://cqranking.com/common/flags/FRA.gif,HARDOUIN Louis,VRR,22/09/2000,165
435,(574),https://cqranking.com/common/flags/BEL.gif,AERTS Toon,LOI,19/10/1993,164
436,(259),https://cqranking.com/common/flags/RUS.gif,RIKUNOV Petr,CDT,24/02/1997,164
437,(955),https://cqranking.com/common/flags/GER.gif,SÜTTERLIN Jasha,JAY,04/11/1992,163
438,(421),https://cqranking.com/common/flags/SLO.gif,GOVEKAR Matevz,TBV,17/04/2000,163
439,(482),https://cqranking.com/common/flags/COL.gif,RIVERA VARGAS Brandon Smith,NCI,21/03/1996,163
440,(941),https://cqranking.com/common/flags/NED.gif,BLOEM Joren,URR,21/12/1999,162
441,(282),https://cqranking.com/common/flags/EST.gif,TAARAMÄE Rein,KIN,24/04/1987,160
442,(860),https://cqranking.com/common/flags/ESP.gif,AZPARREN IRURZUN Xabier Mikel,PQT,25/02/1999,160
443,(289),https://cqranking.com/common/flags/ITA.gif,MILESI Lorenzo,MOV,19/03/2002,160
444,(151),https://cqranking.com/common/flags/BEL.gif,NYS Thibau,LTK,12/11/2002,160
445,(571),https://cqranking.com/common/flags/ITA.gif,PALETTI Luca,BCS,05/06/2004,159
446,(654),https://cqranking.com/common/flags/RUS.gif,SYRITSA Gleb,XAT,14/04/2000,158
447,(374),https://cqranking.com/common/flags/FRA.gif,MOLARD Rudy,GFC,17/09/1989,157
448,(-),https://cqranking.com/common/flags/USA.gif,BARRY Ashlin,VLD,25/09/2007,157
449,(391),https://cqranking.com/common/flags/CAN.gif,COTE Pier-André,NSN,24/04/1997,156
450,(462),https://cqranking.com/common/flags/POL.gif,PEKALA Piotr,ATT,04/08/1998,156
451,(150),https://cqranking.com/common/flags/ESP.gif,DE LA CRUZ MELGAREJO David,PQT,06/05/1989,155
452,(355),https://cqranking.com/common/flags/GER.gif,ACKERMANN Pascal,JAY,17/01/1994,155
453,(175),https://cqranking.com/common/flags/COL.gif,RUBIO REYES Einer Augusto,MOV,22/02/1998,155
454,(581),https://cqranking.com/common/flags/VEN.gif,PEÑUELA SANDOVAL Francisco Joel,CJR,11/02/2001,155
455,(558),https://cqranking.com/common/flags/ESP.gif,FERNANDEZ GARCIA Samuel,CJR,11/07/2003,155
456,(635),https://cqranking.com/common/flags/COL.gif,GAVIRIA RENDON Fernando,CJR,19/08/1994,154
457,(580),https://cqranking.com/common/flags/FRA.gif,BURGAUDEAU Mathieu,TEN,17/11/1998,154
458,(2497),https://cqranking.com/common/flags/FRA.gif,VEZIE Maxime,CIC,20/02/2006,154
459,(440),https://cqranking.com/common/flags/FRA.gif,RUSSO Clément,GFC,20/01/1995,153
460,(827),https://cqranking.com/common/flags/CAN.gif,ZUKOWSKY Nickolas,PQT,03/06/1998,153
461,(203),https://cqranking.com/common/flags/ITA.gif,DAINESE Alberto,SOQ,25/03/1998,153
462,(392),https://cqranking.com/common/flags/ESP.gif,JUARISTI ARRIETA Txomin,EUS,20/07/1995,153
463,(625),https://cqranking.com/common/flags/CZE.gif,KOPECKY Tomas,URR,08/04/2000,153
464,(338),https://cqranking.com/common/flags/BEL.gif,VAN BOVEN Luca,LOI,06/01/2000,153
465,(362),https://cqranking.com/common/flags/FRA.gif,BERNARD Julien,LTK,17/03/1992,152
466,(716),https://cqranking.com/common/flags/ESP.gif,SEVILLA LOPEZ Diego Pablo,PTV,04/03/1996,152
467,(667),https://cqranking.com/common/flags/AUS.gif,SCOTT Cameron,LNS,04/01/1998,152
468,(336),https://cqranking.com/common/flags/ITA.gif,ALEOTTI Giovanni,RBH,25/05/1999,152
469,(598),https://cqranking.com/common/flags/BEL.gif,VAN DEN BOSSCHE Fabio,SOQ,21/09/2000,152
470,(415),https://cqranking.com/common/flags/GRE.gif,ARVANITOU Nikiforos,TUS,13/01/2003,152
471,(758),https://cqranking.com/common/flags/ESP.gif,MUÑOZ LLANA Francisco,PTV,24/06/2001,152
472,(676),https://cqranking.com/common/flags/NED.gif,OOMEN Sam,LTK,15/08/1995,151
473,(329),https://cqranking.com/common/flags/ITA.gif,BUSATTO Francesco,APT,01/11/2002,151
474,(519),https://cqranking.com/common/flags/USA.gif,WARBASSE Lawrence,TUD,28/06/1990,150
475,(242),https://cqranking.com/common/flags/ITA.gif,ALBANESE Vincenzo,EFE,12/11/1996,150
476,(652),https://cqranking.com/common/flags/COL.gif,PAREDES ZAPATA Wilmar Andres,MED,27/04/1996,150
477,(288),https://cqranking.com/common/flags/AUS.gif,HOPKINS Dylan,ROI,23/09/2001,150
478,(503),https://cqranking.com/common/flags/GER.gif,KRETSCHY Moritz,NSN,12/05/2002,149
479,(486),https://cqranking.com/common/flags/ESP.gif,VERONA QUINTANILLA Carlos,LTK,04/11/1992,148
480,(283),https://cqranking.com/common/flags/COL.gif,PEÑA JIMENEZ Jesus David,EFP,08/05/2000,148
481,(535),https://cqranking.com/common/flags/AUS.gif,HAIG Jack,NCI,06/09/1993,147
482,(198),https://cqranking.com/common/flags/GER.gif,BAUHAUS Phil,TBV,08/07/1994,145
483,(745),https://cqranking.com/common/flags/NOR.gif,SKAARSETH Anders,UXM,07/05/1995,145
484,(369),https://cqranking.com/common/flags/POL.gif,BUDZINSKI Marcin,MBH,24/04/1998,145
485,(216),https://cqranking.com/common/flags/NED.gif,VAN DEN BROEK Frank,TPP,28/12/2000,145
486,(469),https://cqranking.com/common/flags/GBR.gif,KOERDT Bjoern,TPP,20/07/2004,145
487,(1621),https://cqranking.com/common/flags/BEL.gif,DRIESEN Niels,LWD,25/08/2005,144
488,(306),https://cqranking.com/common/flags/GER.gif,RUTSCH Jonas,LOI,24/01/1998,143
489,(673),https://cqranking.com/common/flags/POR.gif,SILVA Pedro Miguel Fernandes,BOA,07/07/2001,143
490,(648),https://cqranking.com/common/flags/ESP.gif,MURGUIALDAY ELORZA Jokin,EUS,19/03/2000,143
491,(1072),https://cqranking.com/common/flags/FRA.gif,VEISTROFFER Baptiste,LOI,29/05/2000,143
492,(1022),https://cqranking.com/common/flags/AUS.gif,CHAMBERLAIN Oscar,DCT,15/01/2005,143
493,(493),https://cqranking.com/common/flags/NED.gif,VAN BAARLE Dylan,SOQ,21/05/1992,141
494,(248),https://cqranking.com/common/flags/EST.gif,MIHKELS Madis,EFE,31/05/2003,141
495,(330),https://cqranking.com/common/flags/FRA.gif,ALLENO Clément,BBH,08/10/2000,141
496,(444),https://cqranking.com/common/flags/BEL.gif,VAN ASBROECK Tom,NSN,19/04/1990,140
497,(287),https://cqranking.com/common/flags/DEN.gif,BREGNHØJ Mathias,TSG,11/11/1995,140
498,(1099),https://cqranking.com/common/flags/NED.gif,BOUWMAN Koen,JAY,02/12/1993,139
499,(1328),https://cqranking.com/common/flags/DEN.gif,LANDBO Mads,TCQ,30/09/2004,139
500,(1178),https://cqranking.com/common/flags/GER.gif,BOCK Max,RBC,10/03/2005,139
501,(674),https://cqranking.com/common/flags/FRA.gif,BOULAHOITE Rayan,TEN,24/02/2004,139
502,(429),https://cqranking.com/common/flags/ESP.gif,GUTIERREZ GONZALEZ Jorge,EKP,23/09/2002,137
503,(799),https://cqranking.com/common/flags/ITA.gif,NEGRENTE Mattia,XAD,28/05/2005,137
504,(645),https://cqranking.com/common/flags/BEL.gif,RICKAERT Jonas,APT,07/02/1994,136
505,(650),https://cqranking.com/common/flags/ITA.gif,DONATI Davide,RBC,08/04/2005,136
506,(354),https://cqranking.com/common/flags/GER.gif,ZWIEHOFF Ben,RBH,22/02/1994,135
507,(1985),https://cqranking.com/common/flags/ITA.gif,BESSEGA Gabriele,PTV,18/02/2004,135
508,(301),https://cqranking.com/common/flags/POL.gif,KWIATKOWSKI Michal,NCI,02/06/1990,134
509,(1096),https://cqranking.com/common/flags/BEL.gif,VANHUFFEL Matteo,DPP,27/08/2006,134
510,(281),https://cqranking.com/common/flags/NOR.gif,EIKING Odd Christian,URR,28/12/1994,133
511,(1123),https://cqranking.com/common/flags/GER.gif,ADAMIETZ Johannes,RRN,24/05/1998,133
512,(476),https://cqranking.com/common/flags/ITA.gif,GERMANI Lorenzo,GFC,03/03/2002,133
513,(2367),https://cqranking.com/common/flags/ITA.gif,BAGATIN Christian,MBH,14/06/2002,133
514,(381),https://cqranking.com/common/flags/ITA.gif,DE PRETTO Davide,JAY,19/04/2002,133
515,(385),https://cqranking.com/common/flags/CAN.gif,LEONARD Michael,EFE,26/03/2004,133
516,(-),https://cqranking.com/common/flags/BEL.gif,THONNON Senne,TFB,19/03/2003,133
517,(731),https://cqranking.com/common/flags/GBR.gif,KYFFIN Zeb,TSG,23/02/1998,132
518,(550),https://cqranking.com/common/flags/SUI.gif,STÜSSI Colin,VBG,04/06/1993,131
519,(422),https://cqranking.com/common/flags/ESP.gif,DE LA CALLE ARANGO Hugo,BBH,12/07/2004,131
520,(461),https://cqranking.com/common/flags/HUN.gif,VALTER Attila,TBV,12/06/1998,130
521,(798),https://cqranking.com/common/flags/EST.gif,ÄRM Rait,ENT,31/03/2000,130
522,(497),https://cqranking.com/common/flags/ESP.gif,LOPEZ CARAVACA Jordi,EUS,14/08/1998,130
523,(1449),https://cqranking.com/common/flags/MLT.gif,MIFSUD Andréa,PTV,28/05/1999,130
524,(1568),https://cqranking.com/common/flags/ITA.gif,MANENTI Marco,BCS,07/09/2002,130
525,(117),https://cqranking.com/common/flags/ITA.gif,COVI Alessandro,JAY,28/09/1998,129
526,(498),https://cqranking.com/common/flags/DEN.gif,ANDERSEN Mads,SWT,27/11/2000,129
527,(779),https://cqranking.com/common/flags/SLO.gif,GLIVAR Gal,APT,01/05/2002,129
528,(743),https://cqranking.com/common/flags/FRA.gif,HENNEQUIN Paul,EUS,09/12/2002,129
529,(419),https://cqranking.com/common/flags/FRA.gif,LABROSSE Jordan,DCT,15/09/2002,129
530,(829),https://cqranking.com/common/flags/MEX.gif,MACIAS ESTRADA Cesar,BBH,17/09/2003,129
531,(1364),https://cqranking.com/common/flags/NED.gif,MOURIS Wessel,URR,30/12/2002,129
532,(229),https://cqranking.com/common/flags/ESP.gif,ETXEBERRIA ANSALAS Haimar,RBH,08/09/2003,129
533,(445),https://cqranking.com/common/flags/EST.gif,VAHTRA Norman,CAT,23/11/1996,128
534,(402),https://cqranking.com/common/flags/NOR.gif,TJØTTA Martin,UXM,27/03/2001,128
535,(386),https://cqranking.com/common/flags/IRL.gif,DUNBAR Edward,PQT,01/09/1996,126
536,(1185),https://cqranking.com/common/flags/USA.gif,QUINN Sean,EFE,10/05/2000,126
537,(406),https://cqranking.com/common/flags/KAZ.gif,LUTSENKO Alexey,NSN,07/09/1992,125
538,(438),https://cqranking.com/common/flags/AUS.gif,PLOWRIGHT Jensen,APT,15/05/2000,125
539,(698),https://cqranking.com/common/flags/ISR.gif,RAISBERG Nadav,NSN,29/03/2001,125
540,(1755),https://cqranking.com/common/flags/BEL.gif,VAN TRICHT Floris,NSN,23/06/2001,125
541,(796),https://cqranking.com/common/flags/POR.gif,OLIVEIRA Nelson Filipe Santos Simoes,MOV,06/03/1989,124
542,(480),https://cqranking.com/common/flags/LAT.gif,NEILANDS Krists,NSN,18/08/1994,124
543,(738),https://cqranking.com/common/flags/ESP.gif,LASTRA MARTINEZ Jonathan,EUS,03/06/1993,124
544,(1714),https://cqranking.com/common/flags/FRA.gif,DAUMAS Rémi,CGF,12/03/2006,123
545,(401),https://cqranking.com/common/flags/USA.gif,BARTA William,TUD,04/01/1996,122
546,(453),https://cqranking.com/common/flags/ISR.gif,EINHORN Itamar,NSN,20/09/1997,122
547,(318),https://cqranking.com/common/flags/ISR.gif,KOGUT Oded,NSN,14/02/2001,122
548,(351),https://cqranking.com/common/flags/BEL.gif,THEUNS Edward,LTK,30/04/1991,121
549,(1080),https://cqranking.com/common/flags/AUT.gif,GOGL Michael,APT,04/11/1993,120
550,(366),https://cqranking.com/common/flags/BEL.gif,VAN MECHELEN Vlad,TBV,02/06/2004,120
551,(512),https://cqranking.com/common/flags/FRA.gif,DAUPHIN Florian,TEN,06/04/1999,119
552,(542),https://cqranking.com/common/flags/BEL.gif,LANHOVE Milan,TFB,01/11/2003,119
553,(303),https://cqranking.com/common/flags/GER.gif,BUCHMANN Emanuel,COF,18/11/1992,118
554,(699),https://cqranking.com/common/flags/ERI.gif,KUDUS Merhawi Gebremedhin,BBH,23/01/1994,118
555,(616),https://cqranking.com/common/flags/FRA.gif,BARTHE Cyril,GFC,14/02/1996,117
556,(863),https://cqranking.com/common/flags/LUX.gif,KOCKELMANN Mathieu,LOI,31/01/2004,117
557,(714),https://cqranking.com/common/flags/ESP.gif,BIZKARRA ETXEGIBEL Mikel,EUS,21/08/1989,116
558,(612),https://cqranking.com/common/flags/UKR.gif,PONOMAR Andriy,GEF,05/09/2002,116
559,(241),https://cqranking.com/common/flags/ESP.gif,BALDERSTONE ROUMENS Abel,CJR,07/07/2000,116
560,(577),https://cqranking.com/common/flags/CZE.gif,PRIDAL Tomas,TUS,02/02/2004,116
561,(-),https://cqranking.com/common/flags/NED.gif,ZOMERMAAND Jurgen,DPP,13/02/2006,116
562,(436),https://cqranking.com/common/flags/GBR.gif,SHAW James,EFE,13/06/1996,115
563,(472),https://cqranking.com/common/flags/FRA.gif,ROULAND Louis,COF,21/10/2002,115
564,(690),https://cqranking.com/common/flags/NED.gif,VAN DER LEE Jardi,EFE,06/08/2001,115
565,(380),https://cqranking.com/common/flags/FRA.gif,LEROUX Samuel,TEN,27/11/1994,114
566,(879),https://cqranking.com/common/flags/AUS.gif,BROWNING Fergus,TSG,04/12/2003,114
567,(675),https://cqranking.com/common/flags/BEL.gif,DUPONT Timothy,TIS,01/11/1987,113
568,(715),https://cqranking.com/common/flags/ITA.gif,MASNADA Fausto,MBH,06/11/1993,113
569,(747),https://cqranking.com/common/flags/ITA.gif,BAIS Mattia,PTV,19/10/1996,113
570,(327),https://cqranking.com/common/flags/ESP.gif,IRIBAR JAUREGI Unai,EKP,12/06/1999,113
571,(-),https://cqranking.com/common/flags/ARG.gif,CROZZOLO Fabricio German,PTV,17/03/2005,113
572,(957),https://cqranking.com/common/flags/FRA.gif,BARBIER Pierre,TSG,25/09/1997,112
573,(951),https://cqranking.com/common/flags/POL.gif,POMORSKI Michal,ATT,04/08/2003,112
574,(588),https://cqranking.com/common/flags/AUS.gif,HAMILTON Christopher,TPP,18/05/1995,111
575,(428),https://cqranking.com/common/flags/NED.gif,EENKHOORN Pascal,SOQ,08/02/1997,111
576,(420),https://cqranking.com/common/flags/FRA.gif,ROLLAND Brieuc,GFC,13/08/2003,111
577,(533),https://cqranking.com/common/flags/ITA.gif,GAFFURI Mattia,TPP,04/07/1999,111
578,(526),https://cqranking.com/common/flags/FRA.gif,PACHER Quentin,GFC,06/01/1992,110
579,(678),https://cqranking.com/common/flags/NED.gif,LEEMREIZE Gijs,TPP,23/10/1999,110
580,(1677),https://cqranking.com/common/flags/UKR.gif,SYDOR Sergiy,HST,25/10/2002,110
581,(981),https://cqranking.com/common/flags/LUX.gif,WALLENBORN Arno,LKH,08/04/2003,110
582,(1701),https://cqranking.com/common/flags/NOR.gif,MARTINSEN Toralf Rydningen,DRP,26/12/2002,110
583,(488),https://cqranking.com/common/flags/ESP.gif,TORRES ARIAS Pablo,UEX,10/11/2005,110
584,(383),https://cqranking.com/common/flags/BEL.gif,NAESEN Oliver,DCT,16/09/1990,109
585,(305),https://cqranking.com/common/flags/GBR.gif,GLOAG Thomas,PQT,13/09/2001,109
586,(892),https://cqranking.com/common/flags/SLO.gif,TRATNIK Jan,RBH,23/02/1990,108
587,(797),https://cqranking.com/common/flags/LAT.gif,LIEPINS Emils,PQT,29/10/1992,108
588,(1559),https://cqranking.com/common/flags/BEL.gif,DHONDT Robbe,TPP,25/06/2004,108
589,(807),https://cqranking.com/common/flags/FRA.gif,JARNET Maxime,VRR,06/09/1998,107
590,(855),https://cqranking.com/common/flags/POL.gif,FRATCZAK Radoslaw,LPP,18/09/2002,107
591,(593),https://cqranking.com/common/flags/ITA.gif,ROTA Lorenzo,LOI,23/05/1995,106
592,(249),https://cqranking.com/common/flags/BEL.gif,CRAS Steff,SOQ,13/02/1996,106
593,(544),https://cqranking.com/common/flags/FRA.gif,FERRON Valentin,COF,08/02/1998,106
594,(2128),https://cqranking.com/common/flags/ITA.gif,MERIS Sergio,URR,10/03/2001,106
595,(922),https://cqranking.com/common/flags/BEL.gif,LAMBRECHT Michiel,TFB,10/02/2003,106
596,(-),https://cqranking.com/common/flags/POL.gif,JACKOWIAK Jan,BVD,23/12/2007,106
597,(295),https://cqranking.com/common/flags/BEL.gif,CAMPENAERTS Victor,TVL,28/10/1991,105
598,(672),https://cqranking.com/common/flags/IRL.gif,MULLEN Ryan,NSN,07/08/1994,105
599,(177),https://cqranking.com/common/flags/NOR.gif,TRAEEN Torstein,UXM,16/07/1995,105
600,(706),https://cqranking.com/common/flags/DEN.gif,BLUME LEVY William,UXM,14/01/2001,105
601,(813),https://cqranking.com/common/flags/BEL.gif,CRAPS Lars,LOI,17/10/2001,105
602,(466),https://cqranking.com/common/flags/BEL.gif,GEENS Jonas,APT,04/01/1999,105
603,(1117),https://cqranking.com/common/flags/BEL.gif,VAN GESTEL Dries,SOQ,30/09/1994,104
604,(729),https://cqranking.com/common/flags/ITA.gif,MOSCA Jacopo,LTK,29/08/1993,104
605,(326),https://cqranking.com/common/flags/DEN.gif,PEDERSEN Casper,SOQ,15/03/1996,103
606,(806),https://cqranking.com/common/flags/BEL.gif,TEUGELS Lennert,TIS,09/04/1993,103
607,(599),https://cqranking.com/common/flags/ITA.gif,DE CASSAN Davide,GEF,04/01/2002,103
608,(641),https://cqranking.com/common/flags/LAT.gif,BELOHVOSCIKS Kristians,BAI,01/02/2002,103
609,(514),https://cqranking.com/common/flags/AUT.gif,KEPPLINGER Rainer,TBV,19/08/1997,103
610,(680),https://cqranking.com/common/flags/ESP.gif,DARDER GARI Sergi,CJR,30/06/2003,103
611,(1273),https://cqranking.com/common/flags/ECU.gif,NAVAS PAREDES Kevin Elian,BES,28/01/2005,103
612,(437),https://cqranking.com/common/flags/ITA.gif,BAIS Davide,PTV,02/04/1998,102
613,(-),https://cqranking.com/common/flags/BLR.gif,SHNYRKO Aliaksei,LNS,12/05/1994,101
614,(490),https://cqranking.com/common/flags/BEL.gif,DE PESTEL Sander,DCT,11/10/1998,101
615,(1196),https://cqranking.com/common/flags/AUS.gif,ROGERS Cameron,NIA,16/12/2004,101
616,(1623),https://cqranking.com/common/flags/SVK.gif,RISKA Richard,HAC,27/12/2005,101
617,(837),https://cqranking.com/common/flags/NED.gif,VAN DEN BERG Julius,TPP,23/10/1996,100
618,(465),https://cqranking.com/common/flags/AUS.gif,SCOTSON Callum,DCT,10/08/1996,100
619,(604),https://cqranking.com/common/flags/SUI.gif,JACOBS Johan,GFC,01/03/1997,100
620,(1122),https://cqranking.com/common/flags/SUI.gif,FROIDEVAUX Robin,TUD,17/10/1998,100
621,(760),https://cqranking.com/common/flags/NED.gif,MARSMAN Tim,APT,04/10/2000,100
622,(423),https://cqranking.com/common/flags/BEL.gif,LAMPAERT Yves,SOQ,10/04/1991,99
623,(352),https://cqranking.com/common/flags/GER.gif,DENZ Nico,RBH,15/02/1994,99
624,(413),https://cqranking.com/common/flags/FRA.gif,LOUVEL Matîs,NSN,19/07/1999,99
625,(339),https://cqranking.com/common/flags/NOR.gif,HOLTER Aadne,UXM,08/07/2000,99
626,(1221),https://cqranking.com/common/flags/SLO.gif,NOVAK Domen,UEX,12/07/1995,97
627,(-),https://cqranking.com/common/flags/POR.gif,FERNANDES Jose Carlos Prates Neves,GSU,30/10/1995,97
628,(426),https://cqranking.com/common/flags/COL.gif,CAMARGO PINEDA Diego Andres,MED,03/05/1998,96
629,(568),https://cqranking.com/common/flags/ITA.gif,RACCANI Simone,TUK,02/03/2001,96
630,(1304),https://cqranking.com/common/flags/FRA.gif,RENARD HAQUIN Henri-François,TPP,12/12/2002,96
631,(508),https://cqranking.com/common/flags/ESP.gif,PRADES REVERTER Benjami,VCF,26/10/1983,95
632,(1229),https://cqranking.com/common/flags/AUS.gif,DINHAM Matthew,TPP,09/04/2000,95
633,(521),https://cqranking.com/common/flags/BEL.gif,DE POOTER Dries,JAY,08/11/2002,95
634,(2293),https://cqranking.com/common/flags/ESP.gif,MUÑOZ GABIÑA Hodei,-,01/08/2006,95
635,(1203),https://cqranking.com/common/flags/GBR.gif,WHITEHOUSE Daniel,STG,12/01/1995,94
636,(926),https://cqranking.com/common/flags/CYP.gif,MILTIADIS Andreas,QPT,30/08/1996,94
637,(1091),https://cqranking.com/common/flags/CAN.gif,GAUTHIER Jérôme,PEC,13/07/2004,94
638,(467),https://cqranking.com/common/flags/UZB.gif,TSVETKOV Nikita,BCS,14/02/2005,94
639,(693),https://cqranking.com/common/flags/NED.gif,REINDERS Elmar,URR,14/03/1992,93
640,(614),https://cqranking.com/common/flags/RSA.gif,SMIT Willem Jakobus,CAT,29/12/1992,93
641,(407),https://cqranking.com/common/flags/FRA.gif,GUERNALEC Thibault,TEN,31/07/1997,93
642,(756),https://cqranking.com/common/flags/ITA.gif,CATALDO Lorenzo,CNM,07/11/1999,93
643,(1373),https://cqranking.com/common/flags/GBR.gif,SUTTON Louis,EUS,27/05/2002,93
644,(774),https://cqranking.com/common/flags/GER.gif,DEGENKOLB John,TPP,07/01/1989,92
645,(818),https://cqranking.com/common/flags/CHN.gif,SU Haoyu,XAT,26/10/2000,92
646,(2388),https://cqranking.com/common/flags/FIN.gif,KÄLLBERG Axel,LUC,24/10/2003,92
647,(600),https://cqranking.com/common/flags/FRA.gif,DONNENWIRTH Tom,GFC,19/01/1998,92
648,(-),https://cqranking.com/common/flags/NOR.gif,STIANSEN Jesper,TUU,22/04/2005,92
649,(856),https://cqranking.com/common/flags/NED.gif,REMIJN Senna,APT,22/01/2006,92
650,(304),https://cqranking.com/common/flags/AUT.gif,HALLER Marco,TUD,01/04/1991,91
651,(546),https://cqranking.com/common/flags/NED.gif,DE VRIES Hartthijs,URR,11/07/1996,91
652,(732),https://cqranking.com/common/flags/LUX.gif,KLUCKERS Arthur,TUD,15/03/2000,91
653,(-),https://cqranking.com/common/flags/GER.gif,ZEMKE Jermaine,RRN,29/08/2005,91
654,(1917),https://cqranking.com/common/flags/ITA.gif,BESSEGA Tommaso,PTV,18/02/2004,91
655,(452),https://cqranking.com/common/flags/BEL.gif,ALLEGAERT Piet,COF,20/01/1995,90
656,(896),https://cqranking.com/common/flags/PAN.gif,SAMUDIO CARRERA Carlos Ariel,TFT,05/10/1997,90
657,(547),https://cqranking.com/common/flags/CZE.gif,OTRUBA Jakub,CJR,30/01/1998,90
658,(450),https://cqranking.com/common/flags/POL.gif,MACIEJUK Filip,MOV,03/09/1999,90
659,(918),https://cqranking.com/common/flags/BEL.gif,DEWEIRDT Siebe,TFB,08/05/2002,90
660,(954),https://cqranking.com/common/flags/IRL.gif,DUNWOODY Seth,BVD,26/05/2006,90
661,(559),https://cqranking.com/common/flags/COL.gif,VARGAS ALZATE Walter Alejandro,MED,16/04/1992,89
662,(1169),https://cqranking.com/common/flags/POL.gif,MALECKI Kamil,PQT,02/01/1996,89
663,(1014),https://cqranking.com/common/flags/DEN.gif,NIELSEN Sebastian,TCQ,27/08/2000,89
664,(657),https://cqranking.com/common/flags/FRA.gif,CHAMPION Thomas,AUB,08/09/1999,89
665,(920),https://cqranking.com/common/flags/ESP.gif,ISASA LARRAÑAGA Xabier,EUS,24/08/2001,89
666,(1109),https://cqranking.com/common/flags/NED.gif,KONIJN Alexander,NMC,15/10/1999,89
667,(923),https://cqranking.com/common/flags/DEN.gif,ØXENBERG HANSEN Peter,NCI,23/10/2005,89
668,(1669),https://cqranking.com/common/flags/ITA.gif,PERSICO Davide,MBH,01/04/2001,88
669,(-),https://cqranking.com/common/flags/DEN.gif,EGHOLM Kristian,LTF,16/03/2004,88
670,(644),https://cqranking.com/common/flags/ITA.gif,MELLANO Ludovico,XAD,23/08/2006,88
671,(795),https://cqranking.com/common/flags/AUT.gif,ZOIDL Riccardo,HAC,08/04/1988,87
672,(540),https://cqranking.com/common/flags/BEL.gif,PLANCKAERT Edward,APT,01/02/1995,87
673,(682),https://cqranking.com/common/flags/NED.gif,SINSCHEK Nils,LNS,24/06/1998,87
674,(808),https://cqranking.com/common/flags/POR.gif,DUARTE Emanuel Fieber,LAA,24/01/1997,87
675,(613),https://cqranking.com/common/flags/NED.gif,VADER Milan,PQT,18/02/1996,87
676,(1376),https://cqranking.com/common/flags/ETH.gif,DESTA Teweldemedhin Amaniel,AMN,19/09/2005,87
677,(2077),https://cqranking.com/common/flags/FRA.gif,ARSAC Rémi,DCD,21/01/2005,87
678,(-),https://cqranking.com/common/flags/ESP.gif,UGARTE LARREA Gari,EUS,02/06/2005,87
679,(-),https://cqranking.com/common/flags/FRA.gif,GIULIANO Dario,PTV,04/02/2005,87
680,(292),https://cqranking.com/common/flags/AUT.gif,KONRAD Patrick,LTK,13/10/1991,86
681,(700),https://cqranking.com/common/flags/BEL.gif,MARCHAND Gianni,TIS,01/06/1990,86
682,(255),https://cqranking.com/common/flags/BEL.gif,MONIQUET Sylvain,COF,14/01/1998,86
683,(1811),https://cqranking.com/common/flags/NED.gif,VAN BEKKUM Darren,XAT,20/03/2002,86
684,(846),https://cqranking.com/common/flags/FRA.gif,SENECHAL Florian,APT,10/07/1993,85
685,(309),https://cqranking.com/common/flags/FRA.gif,ROCHAS Rémy,GFC,18/05/1996,85
686,(520),https://cqranking.com/common/flags/NED.gif,DE JONG Timo,TPP,28/03/1999,85
687,(717),https://cqranking.com/common/flags/ITA.gif,ZOCCARATO Samuele,MBH,09/01/1998,85
688,(741),https://cqranking.com/common/flags/BEL.gif,HESTERS Jules,TFB,11/11/1998,85
689,(1071),https://cqranking.com/common/flags/AUS.gif,BLEDDYN Oliver,TBN,27/01/2002,85
690,(814),https://cqranking.com/common/flags/NED.gif,HUISING Menno,TVL,08/04/2004,85
691,(1332),https://cqranking.com/common/flags/ESP.gif,LOZANO NAVARRO Juan Pedro,TSG,28/11/2003,85
692,(1475),https://cqranking.com/common/flags/BRA.gif,AVANCINI Henrique Silva,LMS,30/03/1989,84
693,(1181),https://cqranking.com/common/flags/SUI.gif,THALMANN Roland,TUD,05/08/1993,84
694,(589),https://cqranking.com/common/flags/SLO.gif,FINKST Tilen,TFT,06/07/1997,84
695,(1609),https://cqranking.com/common/flags/DEN.gif,MALMBERG Matias Gunnar,SWT,31/08/2000,84
696,(324),https://cqranking.com/common/flags/BEL.gif,DEHAIRS Simon,APT,04/06/2001,84
697,(2266),https://cqranking.com/common/flags/BEL.gif,LAURYSSEN Yorben,TIS,25/01/2002,84
698,(-),https://cqranking.com/common/flags/FRA.gif,FOFONOV Artem,XAD,08/01/2005,84
699,(718),https://cqranking.com/common/flags/ESP.gif,GONZALEZ LOPEZ David,PQT,21/02/1996,83
700,(637),https://cqranking.com/common/flags/BEL.gif,VANHOOF Ward,TFB,18/04/1999,83
701,(1394),https://cqranking.com/common/flags/GBR.gif,JOHNSTON Calum,LNS,01/11/1998,83
702,(643),https://cqranking.com/common/flags/IRL.gif,RAFFERTY Darren,EFE,01/07/2003,83
703,(1750),https://cqranking.com/common/flags/ITA.gif,IACOMONI Federico,TUK,10/07/2002,83
704,(1167),https://cqranking.com/common/flags/EST.gif,KURITS Karl,LUC,14/06/2005,83
705,(1940),https://cqranking.com/common/flags/POR.gif,COSTA Fabio Manuel Fernandes,BOA,04/07/1999,82
706,(2202),https://cqranking.com/common/flags/NOR.gif,URIANSTAD BUGGE Martin,UXM,06/02/1999,82
707,(-),https://cqranking.com/common/flags/NED.gif,KONINGS Roan,MET,04/04/2003,82
708,(935),https://cqranking.com/common/flags/GER.gif,RAPP Jonas,FNX,16/07/1994,81
709,(538),https://cqranking.com/common/flags/ITA.gif,VERGALLITO Luca,APT,14/09/1997,81
710,(1577),https://cqranking.com/common/flags/ESP.gif,GIMENO FERRER Nil,EKP,21/04/2004,81
711,(-),https://cqranking.com/common/flags/DEN.gif,STOKBRO Sylvester Vittinghus,GSH,16/07/2007,81
712,(772),https://cqranking.com/common/flags/NED.gif,BAX Sjoerd,PQT,06/01/1996,80
713,(220),https://cqranking.com/common/flags/BEL.gif,KIELICH Timo,TVL,05/08/1999,80
714,(874),https://cqranking.com/common/flags/FRA.gif,BOUCHARD Geoffrey,TEN,01/04/1992,80
715,(794),https://cqranking.com/common/flags/ALG.gif,AMARI Hamza,MPT,02/10/2002,80
716,(1325),https://cqranking.com/common/flags/NED.gif,ROUFFAER Lars,EEW,16/11/2003,80
717,(1030),https://cqranking.com/common/flags/RWA.gif,NIYONKURU Samuel,AMN,03/05/2003,80
718,(1031),https://cqranking.com/common/flags/SUI.gif,DARBELLAY Valentin,EFC,19/11/1997,80
719,(-),https://cqranking.com/common/flags/THA.gif,POULARD Athit (Baptiste),ROI,28/01/2003,80
720,(587),https://cqranking.com/common/flags/ERI.gif,GHEBREIGZABHIER Amanuel,LTK,17/08/1994,79
721,(754),https://cqranking.com/common/flags/AUS.gif,STANNARD Robert,TBV,16/09/1998,79
722,(1543),https://cqranking.com/common/flags/NED.gif,VAN BELLE Loe,TVL,24/01/2002,79
723,(1844),https://cqranking.com/common/flags/CZE.gif,MONTI Alberto Carlo,ATT,23/02/2004,79
724,(39),https://cqranking.com/common/flags/USA.gif,POWLESS Neilson,EFE,03/09/1996,78
725,(888),https://cqranking.com/common/flags/USA.gif,HAUG Kieran,MAP,06/10/2002,78
726,(602),https://cqranking.com/common/flags/MGL.gif,SAINBAYAR Jambaljamts,BBH,04/09/1996,77
727,(257),https://cqranking.com/common/flags/ESP.gif,LOPEZ PEREZ Juan Pedro,MOV,31/07/1997,77
728,(773),https://cqranking.com/common/flags/ITA.gif,CRETTI Luca,MBH,30/06/2001,77
729,(761),https://cqranking.com/common/flags/ERI.gif,AMAN Awet,IST,24/03/2003,77
730,(1195),https://cqranking.com/common/flags/NED.gif,HOOGENDOORN Roy,MET,17/07/2001,77
731,(632),https://cqranking.com/common/flags/POL.gif,KACZMAREK Jakub,VOS,27/09/1993,76
732,(279),https://cqranking.com/common/flags/BEL.gif,LIVYNS Arjen,XAT,01/09/1994,76
733,(620),https://cqranking.com/common/flags/DEN.gif,STOKBRO Andreas Nielsen,TCQ,08/04/1997,76
734,(1540),https://cqranking.com/common/flags/GBR.gif,CARR Simon,COF,29/08/1998,76
735,(883),https://cqranking.com/common/flags/FRA.gif,LOULERGUE Victor,CGF,27/10/2004,76
736,(273),https://cqranking.com/common/flags/GBR.gif,STEWART Jake,NSN,02/10/1999,75
737,(2211),https://cqranking.com/common/flags/GBR.gif,HAYTER Leo,MAP,10/08/2001,75
738,(1164),https://cqranking.com/common/flags/NED.gif,VAN ZANDEN Otto,AVV,27/10/2004,75
739,(901),https://cqranking.com/common/flags/NOR.gif,INGEBRIGTSEN Storm,UXM,17/02/2005,75
740,(953),https://cqranking.com/common/flags/IRL.gif,RAFFERTY Adam,HBG,04/10/2005,75
741,(-),https://cqranking.com/common/flags/MEX.gif,CISNEROS DIAZ DE LEON Jose Said,SQD,23/04/2007,75
742,(590),https://cqranking.com/common/flags/AUS.gif,O'BRIEN Kelland,JAY,22/05/1998,74
743,(810),https://cqranking.com/common/flags/LTU.gif,MIKUTIS Aivaras,TUD,16/09/2002,74
744,(697),https://cqranking.com/common/flags/ESP.gif,GARCIA PIERNA Carlos,BBH,23/07/1999,74
745,(2645),https://cqranking.com/common/flags/ITA.gif,D'AIUTO Filippo,GEF,21/03/2002,74
746,(-),https://cqranking.com/common/flags/SVK.gif,NOVAK Samuel,TIR,10/01/2005,74
747,(458),https://cqranking.com/common/flags/ALG.gif,HAMZA Yacine,MPT,18/04/1997,73
748,(197),https://cqranking.com/common/flags/NED.gif,EEKHOFF Nils,TPP,23/01/1998,73
749,(219),https://cqranking.com/common/flags/ITA.gif,BARONCINI Filippo,UEX,26/08/2000,73
750,(927),https://cqranking.com/common/flags/AUS.gif,PORTER Rudy,JAY,15/12/2000,73
751,(1902),https://cqranking.com/common/flags/BEL.gif,REX Tim,TVL,11/04/2004,73
752,(601),https://cqranking.com/common/flags/ESP.gif,FAURA ASENSIO Jose Luis,BBH,15/09/2000,73
753,(1063),https://cqranking.com/common/flags/ITA.gif,GIAIMI Luca,UEX,12/01/2005,73
754,(-),https://cqranking.com/common/flags/FRA.gif,HEBERT Théo,VDU,13/11/2003,73
755,(268),https://cqranking.com/common/flags/SUI.gif,PELLAUD Simon,LNS,06/11/1992,72
756,(948),https://cqranking.com/common/flags/DEN.gif,KOLZE CHANGIZI Sebastian,TUD,29/12/2000,72
757,(1106),https://cqranking.com/common/flags/EST.gif,PAJUR Markus,FNX,23/09/2000,72
758,(959),https://cqranking.com/common/flags/SUI.gif,DONZE Robin,TUD,06/11/2003,72
759,(1254),https://cqranking.com/common/flags/ITA.gif,MATTIO Pietro,TVL,27/06/2004,72
760,(1272),https://cqranking.com/common/flags/TUR.gif,YILMAZ Ramazan,KBB,24/01/2005,72
761,(867),https://cqranking.com/common/flags/SUI.gif,DILLIER Silvan,APT,03/08/1990,71
762,(726),https://cqranking.com/common/flags/POL.gif,STOSZ Patryk,VOS,15/07/1994,71
763,(579),https://cqranking.com/common/flags/PAN.gif,GONZALEZ CASTILLERO Roberto Carlos,TFT,21/05/1994,71
764,(937),https://cqranking.com/common/flags/COL.gif,HODEG CHAGUI Alvaro Jose,MED,16/09/1996,71
765,(1815),https://cqranking.com/common/flags/JPN.gif,TODOME Yuhi,ART,18/06/2002,71
766,(2253),https://cqranking.com/common/flags/BEL.gif,VERBRUGGHE Jens,NDT,23/09/2004,71
767,(1427),https://cqranking.com/common/flags/FRA.gif,PAPON Victor,NMC,25/01/2001,71
768,(802),https://cqranking.com/common/flags/LUX.gif,KIRSCH Alex,COF,12/06/1992,70
769,(320),https://cqranking.com/common/flags/GER.gif,KÄMNA Lennard,LTK,09/09/1996,70
770,(805),https://cqranking.com/common/flags/VEN.gif,MORA RAMIREZ Luis Guillermo,-,23/11/1994,70
771,(2511),https://cqranking.com/common/flags/AUS.gif,CHRISTIE-JOHNSTON Alastair,CBW,29/03/1998,70
772,(914),https://cqranking.com/common/flags/BEL.gif,VAN TRICHT Stan,SQD,20/09/1999,70
773,(1087),https://cqranking.com/common/flags/ESP.gif,SERRANO RODRIGUEZ Javier,PTV,17/04/2001,70
774,(1047),https://cqranking.com/common/flags/AUS.gif,MACKELLAR Alastair,EFE,20/01/2002,70
775,(748),https://cqranking.com/common/flags/GBR.gif,PIDCOCK Joseph,PQT,20/03/2002,70
776,(524),https://cqranking.com/common/flags/AUT.gif,SCHRETTL Marco,XAT,11/09/2003,70
777,(1240),https://cqranking.com/common/flags/NOR.gif,HAUGLAND Kasper,DCD,27/03/2005,70
778,(762),https://cqranking.com/common/flags/BEL.gif,HEREMANS Joppe,VRR,20/08/2003,70
779,(709),https://cqranking.com/common/flags/NED.gif,OTTEMA Rick,EEW,25/06/1992,69
780,(217),https://cqranking.com/common/flags/FRA.gif,GAUDU David,GFC,10/10/1996,69
781,(-),https://cqranking.com/common/flags/AUS.gif,LEAHY Conor,TBN,16/04/1999,69
782,(478),https://cqranking.com/common/flags/DEN.gif,HANSEN Marcus Sander,BPC,25/08/2000,69
783,(291),https://cqranking.com/common/flags/GBR.gif,GEOGHEGAN HART Tao,LTK,30/03/1995,68
784,(412),https://cqranking.com/common/flags/GER.gif,PETER Jannis,URR,30/10/2000,68
785,(960),https://cqranking.com/common/flags/CHI.gif,ROJAS NARANJO Vicente Rodrigo,BCS,30/04/2002,68
786,(1463),https://cqranking.com/common/flags/BEL.gif,GODFROID Olivier,BPL,17/08/1994,68
787,(909),https://cqranking.com/common/flags/BEL.gif,MARIVOET SCHOLIERS Duarte,LWD,02/02/2005,68
788,(1166),https://cqranking.com/common/flags/COL.gif,GARZON ALFONSO Oscar Santiago,GES,22/06/2003,68
789,(931),https://cqranking.com/common/flags/COL.gif,HERREÑO POLANIA Martin Santiago,BCS,13/09/2006,68
790,(494),https://cqranking.com/common/flags/UKR.gif,BUDIAK Anatolii,CNM,29/09/1995,67
791,(555),https://cqranking.com/common/flags/MRI.gif,MAYER Alexandre,BBH,29/04/1998,67
792,(828),https://cqranking.com/common/flags/GER.gif,MÄRKL Niklas,TPP,03/03/1999,67
793,(475),https://cqranking.com/common/flags/MGL.gif,BATSAIKHAN Tegshbayar,ROI,01/06/1998,67
794,(557),https://cqranking.com/common/flags/ITA.gif,TAROZZI Manuele,BCS,20/06/1998,67
795,(977),https://cqranking.com/common/flags/GER.gif,HESSMANN Michel,MOV,06/04/2001,67
796,(333),https://cqranking.com/common/flags/BEL.gif,VAN HEMELEN Vincent,TFB,02/11/2000,67
797,(1618),https://cqranking.com/common/flags/EST.gif,RAGILO Frank Aron,LUC,22/03/2004,67
798,(2541),https://cqranking.com/common/flags/POL.gif,MACIEJUK Kacper,VOS,18/05/2003,67
799,(2424),https://cqranking.com/common/flags/NED.gif,GAL Ryan,MET,07/03/2005,67
800,(-),https://cqranking.com/common/flags/BEL.gif,BOLLE Bert,VWE,05/02/2004,67
801,(1607),https://cqranking.com/common/flags/KAZ.gif,PRONSKIY Daniil,VNQ,04/06/2000,66
802,(549),https://cqranking.com/common/flags/FRA.gif,HUBY Antoine,7RP,19/01/2001,66
803,(565),https://cqranking.com/common/flags/DEN.gif,DALBY Simon,UXM,29/01/2003,66
804,(372),https://cqranking.com/common/flags/COL.gif,MARTINEZ HUERTAS Juan Guillermo,TPP,21/11/2004,66
805,(1374),https://cqranking.com/common/flags/FRA.gif,SANLAVILLE Mathias,CIC,19/01/2003,66
806,(662),https://cqranking.com/common/flags/POR.gif,REIS Rafael Ferreira,ACR,15/07/1992,65
807,(1280),https://cqranking.com/common/flags/CZE.gif,KUKRLE Michael,KCR,17/11/1994,65
808,(824),https://cqranking.com/common/flags/ITA.gif,MOSCON Gianni,RBH,20/04/1994,65
809,(791),https://cqranking.com/common/flags/AUS.gif,SCHULTZ Nicholas,NSN,13/09/1994,65
810,(936),https://cqranking.com/common/flags/BEL.gif,BEULLENS Cédric,LOI,27/01/1997,65
811,(342),https://cqranking.com/common/flags/LUX.gif,GENIETS Kévin,GFC,09/01/1997,65
812,(894),https://cqranking.com/common/flags/BEL.gif,MARIS Elias,TFB,05/10/1999,65
813,(1249),https://cqranking.com/common/flags/ITA.gif,MARTINELLI Alessio,BCS,26/04/2001,65
814,(904),https://cqranking.com/common/flags/CRC.gif,OSES CAMPOS Luis Daniel,-,19/11/2001,65
815,(1557),https://cqranking.com/common/flags/ESP.gif,DOMINGUEZ VILCHEZ David,BOA,28/07/2000,65
816,(907),https://cqranking.com/common/flags/BEL.gif,SENTJENS Sente,APT,02/09/2005,65
817,(633),https://cqranking.com/common/flags/COL.gif,CONTRERAS PINZON Rodrigo,TNC,02/06/1994,64
818,(653),https://cqranking.com/common/flags/FRA.gif,GUGLIELMI Simon,AUB,01/07/1997,64
819,(1413),https://cqranking.com/common/flags/CMR.gif,KUERE NOUNAWE Rodrigue Eric,-,22/06/1998,64
820,(658),https://cqranking.com/common/flags/FRA.gif,PALENI Enzo,GFC,30/05/2002,64
821,(1138),https://cqranking.com/common/flags/SVK.gif,SVRCEK Martin,SOQ,17/02/2003,64
822,(1089),https://cqranking.com/common/flags/ITA.gif,MASCIARELLI Lorenzo,MBH,22/10/2003,64
823,(744),https://cqranking.com/common/flags/SRB.gif,STOLIC Mihajlo,BVD,15/02/2004,64
824,(866),https://cqranking.com/common/flags/DEN.gif,JUUL JENSEN Christopher,JAY,06/07/1989,63
825,(1516),https://cqranking.com/common/flags/ESP.gif,DEL PINO CORROCHANO Jesus,ALL,09/09/1990,63
826,(825),https://cqranking.com/common/flags/DEN.gif,NORSGAARD Mathias Sunekaer,LTK,05/05/1997,63
827,(1003),https://cqranking.com/common/flags/NED.gif,RASENBERG Martijn,URR,09/11/2001,63
828,(905),https://cqranking.com/common/flags/ITA.gif,CONFORTI Lorenzo,BCS,22/05/2004,63
829,(1309),https://cqranking.com/common/flags/GBR.gif,BUCK JONES Huw,BAC,24/03/2004,63
830,(670),https://cqranking.com/common/flags/GRE.gif,BOUGLAS Georgios,BBH,17/11/1990,62
831,(356),https://cqranking.com/common/flags/NED.gif,VAN UDEN Casper,TPP,22/07/2001,62
832,(474),https://cqranking.com/common/flags/NED.gif,MEIJERS Jeroen,VSC,12/01/1993,61
833,(594),https://cqranking.com/common/flags/HUN.gif,DINA Marton,MBH,11/04/1996,61
834,(1204),https://cqranking.com/common/flags/AUS.gif,RICHARDS Kane,ROI,01/12/1996,61
835,(511),https://cqranking.com/common/flags/ITA.gif,BALLABIO Giacomo,VBG,10/01/1998,61
836,(1075),https://cqranking.com/common/flags/GBR.gif,DODD Matthew,NIA,27/11/2004,61
837,(2692),https://cqranking.com/common/flags/AUS.gif,WARD Jack,LTF,02/05/2005,61
838,(-),https://cqranking.com/common/flags/RUS.gif,BOLDYREV Matvey,UAZ,26/08/2007,61
839,(451),https://cqranking.com/common/flags/AUS.gif,DURBRIDGE Luke,JAY,09/04/1991,60
840,(375),https://cqranking.com/common/flags/BEL.gif,CAPIOT Amaury,JAY,25/06/1993,60
841,(636),https://cqranking.com/common/flags/CZE.gif,NEUMAN Dominik,ATT,23/10/1995,60
842,(168),https://cqranking.com/common/flags/MON.gif,LANGELLOTTI Victor,XAT,07/06/1995,60
843,(1001),https://cqranking.com/common/flags/VEN.gif,LINAREZ MENESES Leangel Ruben,TAV,07/08/1997,60
844,(583),https://cqranking.com/common/flags/DEN.gif,HELLEMOSE Asbjørn,JAY,15/01/1999,60
845,(843),https://cqranking.com/common/flags/CRO.gif,MIHOLJEVIC Fran,TBV,02/08/2002,60
846,(586),https://cqranking.com/common/flags/ITA.gif,BURATTI Nicolo,MBH,07/07/2001,60
847,(1453),https://cqranking.com/common/flags/BEL.gif,AVONDTS Mathis,AVV,15/06/2003,60
848,(1050),https://cqranking.com/common/flags/FRA.gif,AUGE Ronan,URR,29/04/2004,60
849,(360),https://cqranking.com/common/flags/ERI.gif,MAEKELE Milkias,NIA,04/09/2005,60
850,(946),https://cqranking.com/common/flags/TUR.gif,ABAY Burak,KBB,01/01/1996,59
851,(564),https://cqranking.com/common/flags/NED.gif,ZIJLAARD Maikel,TUD,01/06/1999,59
852,(1017),https://cqranking.com/common/flags/ITA.gif,SKERL Daniel,TBV,21/03/2003,59
853,(634),https://cqranking.com/common/flags/FRA.gif,VERSCHUREN Killian,URR,20/10/2002,59
854,(603),https://cqranking.com/common/flags/CZE.gif,NOVAK Pavel,MOV,03/12/2004,59
855,(-),https://cqranking.com/common/flags/FRA.gif,SIMON Yohann,AUB,16/11/2001,59
856,(-),https://cqranking.com/common/flags/GER.gif,BEHRENS Eike,LKH,30/08/2005,59
857,(934),https://cqranking.com/common/flags/COL.gif,HENAO MONTOYA Sergio Luis,TNC,10/12/1987,58
858,(790),https://cqranking.com/common/flags/ITA.gif,CONSONNI Simone,LTK,12/09/1994,58
859,(1416),https://cqranking.com/common/flags/DEN.gif,GUDNITZ Joshua Amos,TCQ,19/08/2001,58
860,(777),https://cqranking.com/common/flags/NZL.gif,THOMPSON Reuben,LOI,15/02/2001,58
861,(950),https://cqranking.com/common/flags/AUT.gif,HOFBAUER Philipp,VBG,20/08/2002,58
862,(1833),https://cqranking.com/common/flags/ESP.gif,RETEGI GOÑI Mikel,EKP,27/04/2001,58
863,(707),https://cqranking.com/common/flags/BEL.gif,SOENENS Viktor,SQD,05/10/2005,58
864,(307),https://cqranking.com/common/flags/FRA.gif,BARGUIL Warren,TPP,28/10/1991,57
865,(1219),https://cqranking.com/common/flags/MEX.gif,FRAYRE MOCTEZUMA Eder,LLA,20/10/1991,57
866,(671),https://cqranking.com/common/flags/GBR.gif,DOULL Owain,TVL,02/05/1993,57
867,(686),https://cqranking.com/common/flags/FRA.gif,DELACROIX Théo,AUB,21/02/1999,57
868,(979),https://cqranking.com/common/flags/FRA.gif,BENETEAU Lucas,AUB,15/03/2002,57
869,(1019),https://cqranking.com/common/flags/NZL.gif,BOWER Lewis,GFC,14/10/2004,57
870,(830),https://cqranking.com/common/flags/FRA.gif,LOZOUET Léandre,CIC,03/09/2004,57
871,(627),https://cqranking.com/common/flags/ECU.gif,RAMIREZ TORRES Mateo Pablo,UAZ,09/03/2006,57
872,(578),https://cqranking.com/common/flags/NOR.gif,BYSTRØM Sven Erik,UXM,21/01/1992,56
873,(681),https://cqranking.com/common/flags/FRA.gif,DE ROSSI Lucas,CAT,16/08/1995,56
874,(710),https://cqranking.com/common/flags/NOR.gif,RESELL Erik Nordsaeter,UXM,28/09/1996,56
875,(1028),https://cqranking.com/common/flags/POL.gif,PROC Bartlomiej,LPP,12/12/1999,56
876,(750),https://cqranking.com/common/flags/SUI.gif,WEISS Fabian,TUD,11/04/2002,56
877,(-),https://cqranking.com/common/flags/COL.gif,GUAVITA CAMACHO Cesar David,BES,13/01/2002,56
878,(1504),https://cqranking.com/common/flags/CYP.gif,ZABELINSKIY Bogdan,AAR,12/01/2005,56
879,(2841),https://cqranking.com/common/flags/TUR.gif,TARAKCI Mustafa,KBB,07/08/2005,56
880,(501),https://cqranking.com/common/flags/ITA.gif,BRAMBILLA Gianluca,-,22/08/1987,55
881,(752),https://cqranking.com/common/flags/POL.gif,GRADEK Kamil,TBV,17/09/1990,55
882,(448),https://cqranking.com/common/flags/NZL.gif,SMITH Dion,NSN,03/03/1993,55
883,(1282),https://cqranking.com/common/flags/MGL.gif,ENKHTAIVAN Bolorerdene,HST,08/06/1995,55
884,(703),https://cqranking.com/common/flags/PAN.gif,ARCHIBOLD CASTILLO Franklin,-,24/08/1997,55
885,(2791),https://cqranking.com/common/flags/COL.gif,GOMEZ JARAMILLO Nicolas David,GES,27/05/2000,55
886,(332),https://cqranking.com/common/flags/NOR.gif,STAUNE-MITTET Johannes,DCT,18/01/2002,55
887,(1090),https://cqranking.com/common/flags/GER.gif,ROTTMANN Jonathan Malte,LKH,03/05/2004,55
888,(900),https://cqranking.com/common/flags/BEL.gif,EEMAN Kamiel,LWD,10/08/2005,55
889,(1425),https://cqranking.com/common/flags/ERI.gif,MULUGETA Yafiet,-,06/02/2005,55
890,(573),https://cqranking.com/common/flags/CAN.gif,HOULE Hugo,APT,27/09/1990,54
891,(668),https://cqranking.com/common/flags/GBR.gif,WALKER Max,EFE,12/07/2001,54
892,(1061),https://cqranking.com/common/flags/ESP.gif,ALUSTIZA GOENAGA Nicolas,EUS,04/01/2003,54
893,(1008),https://cqranking.com/common/flags/USA.gif,COLE Owen,-,01/05/2004,54
894,(2271),https://cqranking.com/common/flags/GBR.gif,WIGGINS Ben,HBG,26/03/2005,54
895,(1706),https://cqranking.com/common/flags/ITA.gif,LORELLO Riccardo,PAD,23/12/2005,54
896,(-),https://cqranking.com/common/flags/HUN.gif,VAS Barnabas,TUS,23/02/2006,54
897,(1653),https://cqranking.com/common/flags/ECU.gif,GUAMA DE LA CRUZ Bayron Patricio,BES,14/06/1985,53
898,(495),https://cqranking.com/common/flags/ITA.gif,AFFINI Edoardo,TVL,24/06/1996,53
899,(1488),https://cqranking.com/common/flags/NOR.gif,AARNES Daniel Smajkic,VRR,06/06/2000,53
900,(607),https://cqranking.com/common/flags/POL.gif,GAJDULEWICZ Mateusz,ATT,22/12/2003,53
901,(1161),https://cqranking.com/common/flags/CRC.gif,RAMIREZ VENEGAS Joseph Gerardo,-,14/07/2002,53
902,(1049),https://cqranking.com/common/flags/ECU.gif,OBANDO ROSAS Bryan Raul,GES,18/08/2001,53
903,(1073),https://cqranking.com/common/flags/ESP.gif,DELGADO HIGUERUELO David,QPT,13/07/2000,53
904,(-),https://cqranking.com/common/flags/BEL.gif,DEPUYDT Daan,BPL,15/11/2003,53
905,(63),https://cqranking.com/common/flags/ECU.gif,LOPEZ GRANIZO Harold Martin,XAT,03/12/2000,52
906,(793),https://cqranking.com/common/flags/SLO.gif,ZUMER Matic,FAS,19/11/1997,52
907,(1643),https://cqranking.com/common/flags/DEN.gif,WANG Gustav,XAD,13/03/2003,52
908,(622),https://cqranking.com/common/flags/ESP.gif,URIARTE BELZUNEGI Diego,EKP,26/10/2001,52
909,(1177),https://cqranking.com/common/flags/ESP.gif,ARRIOLABENGOA BEITIA Julen,CJR,16/02/2001,52
910,(1151),https://cqranking.com/common/flags/UKR.gif,ANTONENKO Heorhii,ENT,08/04/2005,52
911,(913),https://cqranking.com/common/flags/PAN.gif,ESPINOSA SERRANO Bolivar,-,08/12/1996,51
912,(842),https://cqranking.com/common/flags/BEL.gif,GELDERS Gil,SOQ,16/12/2002,51
913,(606),https://cqranking.com/common/flags/CAN.gif,PICKRELL Riley,MAP,16/08/2001,51
914,(659),https://cqranking.com/common/flags/CZE.gif,VOLTR Martin,ATT,27/12/2001,51
915,(1137),https://cqranking.com/common/flags/BER.gif,NARRAWAY Nicholas,CER,28/06/2002,51
916,(2443),https://cqranking.com/common/flags/POL.gif,GOSZCZURNY Patryk,VLD,14/03/2006,51
917,(788),https://cqranking.com/common/flags/ITA.gif,TONELLI Alessandro,PTV,29/05/1992,50
918,(695),https://cqranking.com/common/flags/ESP.gif,SERRANO RODRIGUEZ Gonzalo,MOV,17/08/1994,50
919,(872),https://cqranking.com/common/flags/NED.gif,PAASSCHENS Mathijs,TBV,18/03/1996,50
920,(696),https://cqranking.com/common/flags/AUT.gif,BAYER Tobias,APT,17/11/1999,50
921,(1412),https://cqranking.com/common/flags/SRB.gif,STOJNIC Veljko,TUS,04/02/1999,50
922,(893),https://cqranking.com/common/flags/BEL.gif,VANDENABEELE Henri,TFB,15/04/2000,50
923,(723),https://cqranking.com/common/flags/BEL.gif,GRIGNARD Sébastien,LOI,29/04/1999,50
924,(1683),https://cqranking.com/common/flags/ITA.gif,ZAMPERINI Edoardo,COF,19/03/2003,50
925,(660),https://cqranking.com/common/flags/ESP.gif,MINTEGI CLAVER Iker,EUS,15/11/2002,50
926,(834),https://cqranking.com/common/flags/FIN.gif,BORREMANS Kasper,BVD,21/08/2006,50
927,(-),https://cqranking.com/common/flags/CZE.gif,BRADAC Adam,FRT,20/06/2006,50
928,(2859),https://cqranking.com/common/flags/ESP.gif,PEREZ LOPEZ Cesar,EKP,23/11/2004,50
929,(-),https://cqranking.com/common/flags/GBR.gif,HOWELL Adam,BAC,08/12/2004,50
930,(-),https://cqranking.com/common/flags/ESP.gif,ROMEO ABAD Sergio,EKP,05/02/2005,50
931,(1335),https://cqranking.com/common/flags/VEN.gif,ABREU SOLER Jorge Luis,-,16/03/1990,49
932,(702),https://cqranking.com/common/flags/RSA.gif,ORMISTON Callum,THT,02/08/2000,49
933,(-),https://cqranking.com/common/flags/NED.gif,KROONEN Max,BCY,23/08/2000,49
934,(1358),https://cqranking.com/common/flags/BEL.gif,POLLEFLIET Gianluca,DCT,28/01/2002,49
935,(621),https://cqranking.com/common/flags/USA.gif,SIMMONS Colby,EFE,16/10/2003,49
936,(1004),https://cqranking.com/common/flags/CRC.gif,RAMIREZ GONZALEZ Donovan,-,03/05/2002,49
937,(1141),https://cqranking.com/common/flags/ITA.gif,BRUTTOMESSO Alberto,TBV,30/10/2003,49
938,(1192),https://cqranking.com/common/flags/AUT.gif,PUTZ Sebastian,RBC,26/08/2003,49
939,(2655),https://cqranking.com/common/flags/BEL.gif,VAN DE PUTTE Victor,LWD,20/05/2002,49
940,(-),https://cqranking.com/common/flags/NOR.gif,MARTINSEN Georg Rydningen,DRP,17/09/2005,49
941,(-),https://cqranking.com/common/flags/GBR.gif,WOOD Oliver,-,26/11/1995,48
942,(826),https://cqranking.com/common/flags/BEL.gif,GHYS Robbe,DCT,11/01/1997,48
943,(441),https://cqranking.com/common/flags/ESP.gif,OKAMIKA BENGOETXEA Ander,BBH,02/04/1993,48
944,(-),https://cqranking.com/common/flags/AUS.gif,BURNS Luke,VCH,11/06/1998,48
945,(984),https://cqranking.com/common/flags/ALG.gif,MIMOUNI Oussama Abdellah,MPT,27/03/2003,48
946,(-),https://cqranking.com/common/flags/NED.gif,DIJKMAN Daan,UAZ,04/10/2007,48
947,(299),https://cqranking.com/common/flags/AUS.gif,HOWSON Damien,PQT,13/08/1992,47
948,(143),https://cqranking.com/common/flags/IRL.gif,TOWNSEND Rory,URR,30/06/1995,47
949,(582),https://cqranking.com/common/flags/ESP.gif,SAMITIER SAMITIER Sergio,COF,31/08/1995,47
950,(1127),https://cqranking.com/common/flags/ITA.gif,BATTISTELLA Samuele,EFE,14/11/1998,47
951,(677),https://cqranking.com/common/flags/GER.gif,HEIDEMANN Miguel,RRN,27/01/1998,47
952,(854),https://cqranking.com/common/flags/CRC.gif,ROJAS CAMPOS Gabriel Francisco,-,09/02/2000,47
953,(570),https://cqranking.com/common/flags/DEN.gif,NØRTOFT Morten Aalling,TCQ,05/09/2002,47
954,(980),https://cqranking.com/common/flags/ITA.gif,KAJAMINI Florian Samuel,MBH,28/02/2003,47
955,(-),https://cqranking.com/common/flags/CAN.gif,ROY Léo,-,10/05/2002,47
956,(-),https://cqranking.com/common/flags/NOR.gif,MESSEL Kevin Andre Sandli,RSK,02/07/2004,47
957,(964),https://cqranking.com/common/flags/SLO.gif,MEZGEC Luka,JAY,27/06/1988,46
958,(507),https://cqranking.com/common/flags/SLO.gif,STAJNAR Mihael,PGL,06/10/2000,46
959,(1437),https://cqranking.com/common/flags/POR.gif,CAMPOS Francisco Joaquim Brito,TCA,10/10/1997,46
960,(911),https://cqranking.com/common/flags/USA.gif,STITES Tyler,MAP,18/03/1998,46
961,(532),https://cqranking.com/common/flags/GBR.gif,WALLS Matthew,TSM,20/04/1998,46
962,(976),https://cqranking.com/common/flags/NED.gif,NABERMAN Tim,TPP,11/05/1999,46
963,(569),https://cqranking.com/common/flags/AUS.gif,WALSH Liam,CBW,29/05/2001,46
964,(270),https://cqranking.com/common/flags/FRA.gif,MAIRE Adrien,URR,17/11/2000,46
965,(1459),https://cqranking.com/common/flags/ITA.gif,NESPOLI Lorenzo,MBH,30/09/2004,46
966,(882),https://cqranking.com/common/flags/USA.gif,HLADY Gavin,EFA,01/02/2003,46
967,(-),https://cqranking.com/common/flags/COL.gif,QUINTERO OSORNO Juan Diego,NIA,20/09/2006,46
968,(933),https://cqranking.com/common/flags/NED.gif,KRUIJSWIJK Steven,TVL,07/06/1987,45
969,(449),https://cqranking.com/common/flags/CAN.gif,WOODS Michael,-,12/10/1986,45
970,(1278),https://cqranking.com/common/flags/BEL.gif,VERGAERDE Otto,LTK,15/07/1994,45
971,(776),https://cqranking.com/common/flags/AUS.gif,HAMILTON Lucas,NCI,12/02/1996,45
972,(939),https://cqranking.com/common/flags/FRA.gif,CAPRON Rémi,VRR,18/06/2000,45
973,(1230),https://cqranking.com/common/flags/CZE.gif,KELEMEN Petr,TUD,18/11/2000,45
974,(513),https://cqranking.com/common/flags/DEN.gif,WANDAHL Frederik,RBH,09/05/2001,45
975,(2221),https://cqranking.com/common/flags/ITA.gif,PIRAS Andrea,TFT,05/02/2002,45
976,(2394),https://cqranking.com/common/flags/ITA.gif,ARRIGHETTI Nicolo,GEF,23/12/2004,45
977,(1558),https://cqranking.com/common/flags/FRA.gif,FAURE PROST Alexy,TPP,22/04/2004,45
978,(1649),https://cqranking.com/common/flags/BEL.gif,SCHOOFS Jasper,SQD,30/03/2006,45
979,(-),https://cqranking.com/common/flags/FRA.gif,BOUQUET Axel,AUB,02/02/2006,45
980,(-),https://cqranking.com/common/flags/SUI.gif,ZÜGER Andrin,RRS,08/06/2002,45
981,(851),https://cqranking.com/common/flags/AUS.gif,DYBALL Benjamin,FNX,20/04/1989,44
982,(1772),https://cqranking.com/common/flags/GER.gif,ARNDT Nikias,TBV,18/11/1991,44
983,(956),https://cqranking.com/common/flags/JPN.gif,KOISHI Yuma,KIN,15/09/1993,44
984,(566),https://cqranking.com/common/flags/ARG.gif,TIVANI PEREZ German Nicolas,ALL,31/10/1995,44
985,(296),https://cqranking.com/common/flags/BEL.gif,DE PLUS Laurens,NCI,04/09/1995,44
986,(1105),https://cqranking.com/common/flags/CRC.gif,HUERTAS ARAYA Jason Andrey,-,24/03/1998,44
987,(1083),https://cqranking.com/common/flags/FRA.gif,GUEGAN Maël,CIC,19/01/1998,44
988,(1446),https://cqranking.com/common/flags/RUS.gif,STEPANOV Andrey,CDT,18/04/1999,44
989,(1000),https://cqranking.com/common/flags/BEL.gif,DESAL Cériel,SQD,20/10/1999,44
990,(1247),https://cqranking.com/common/flags/POR.gif,SILVA Afonso Miguel Martins,TCA,22/03/2000,44
991,(1069),https://cqranking.com/common/flags/COL.gif,LOPEZ MORENO Juan Carlos,GES,25/03/2001,44
992,(2531),https://cqranking.com/common/flags/AUS.gif,GREENWOOD Matthew,CBW,07/02/2003,44
993,(815),https://cqranking.com/common/flags/NED.gif,HAVERDINGS David,APD,01/04/2004,44
994,(952),https://cqranking.com/common/flags/GBR.gif,PATTINSON Tomos,EFA,17/10/2005,44
995,(-),https://cqranking.com/common/flags/FRA.gif,ADAM Guillaume,VCR,20/02/2002,44
996,(1023),https://cqranking.com/common/flags/FRA.gif,BLAISE Arthur,AAR,15/03/2005,44
997,(1582),https://cqranking.com/common/flags/GER.gif,FIETZKE Paul,RBC,23/01/2006,44
998,(656),https://cqranking.com/common/flags/RSA.gif,JANSE VAN RENSBURG Reinardt,TPC,03/02/1989,43
999,(1382),https://cqranking.com/common/flags/IRL.gif,MCDUNPHY Conn,APS,03/02/1997,43
1000,(1287),https://cqranking.com/common/flags/AZE.gif,MIKAYILZADE Musa,-,16/06/1998,43
1001,(711),https://cqranking.com/common/flags/GER.gif,WILKSCH Hannes,TUD,30/10/2001,43
1002,(1191),https://cqranking.com/common/flags/GER.gif,KOECH Silas,LKH,29/06/2003,43
1003,(1174),https://cqranking.com/common/flags/BIZ.gif,CHAVARRIA Derrick,CNM,17/08/2003,43
1004,(2254),https://cqranking.com/common/flags/BEL.gif,PLACE Maxence,AAR,18/01/2004,43
1005,(-),https://cqranking.com/common/flags/ROU.gif,TOADER Alin,FNX,04/12/2004,43
1006,(491),https://cqranking.com/common/flags/SLO.gif,MAROLT Jaka,FRT,21/09/2005,43
1007,(-),https://cqranking.com/common/flags/GBR.gif,MITCHELL Adam,VDU,24/02/2002,43
1008,(1213),https://cqranking.com/common/flags/HUN.gif,TAKACS Zsombor,MBH,06/01/2006,43
1009,(247),https://cqranking.com/common/flags/GER.gif,MAYRHOFER Marius,TUD,18/09/2000,42
1010,(1067),https://cqranking.com/common/flags/BER.gif,HOPKINS Kaden,-,24/03/2000,42
1011,(-),https://cqranking.com/common/flags/GBR.gif,PORTSMOUTH Tom,-,19/12/2001,42
1012,(2838),https://cqranking.com/common/flags/ECU.gif,ALVAREZ ACOSTA Hector Renan,BES,14/07/2006,42
1013,(358),https://cqranking.com/common/flags/IRL.gif,BENNETT Sam,PQT,16/10/1990,41
1014,(537),https://cqranking.com/common/flags/COL.gif,CALLEJAS SANTOS Edison Alejandro,ROI,25/11/2000,41
1015,(562),https://cqranking.com/common/flags/ITA.gif,MILESI Nicolas,NIA,22/07/2004,41
1016,(1310),https://cqranking.com/common/flags/DEN.gif,BIEHL Kevin,GEF,08/01/2004,41
1017,(1651),https://cqranking.com/common/flags/ITA.gif,BICELLI Michele,BIE,11/06/2006,41
1018,(-),https://cqranking.com/common/flags/ITA.gif,ROSATO Giacomo,BVD,11/12/2007,41
1019,(1244),https://cqranking.com/common/flags/BEL.gif,FRISON Frederik,PQT,28/07/1992,40
1020,(969),https://cqranking.com/common/flags/FRA.gif,OURSELIN Paul,COF,13/04/1994,40
1021,(2023),https://cqranking.com/common/flags/ECU.gif,MONTENEGRO NARVAEZ Jimmy Santiago,BES,15/05/1998,40
1022,(1798),https://cqranking.com/common/flags/NED.gif,QUAEDVLIEG Lars,UNI,19/01/1995,40
1023,(1295),https://cqranking.com/common/flags/COL.gif,GUTIERREZ BALLESTEROS Carlos Alberto,TNC,25/08/1995,40
1024,(876),https://cqranking.com/common/flags/DEN.gif,ROSENLUND RICHTER Stian,GSH,04/04/2002,40
1025,(778),https://cqranking.com/common/flags/ITA.gif,MORO Manlio,MOV,17/03/2002,40
1026,(899),https://cqranking.com/common/flags/BEL.gif,TAILLIEU Aldo,VLD,10/02/2006,40
1027,(783),https://cqranking.com/common/flags/UAE.gif,JASIM ALALI Abdulla,UAZ,17/01/2003,40
1028,(2305),https://cqranking.com/common/flags/AUS.gif,COOK Leighton,-,26/06/1997,40
1029,(1588),https://cqranking.com/common/flags/SWE.gif,DE LUCA Teodor,LUC,27/02/2006,40
1030,(895),https://cqranking.com/common/flags/CMR.gif,KAMZONG ABOSSOLO Clovis,-,09/10/1991,39
1031,(836),https://cqranking.com/common/flags/JPN.gif,OKA Atsushi,ABZ,03/09/1995,39
1032,(286),https://cqranking.com/common/flags/FRA.gif,DOUBEY Fabien,TEN,21/10/1993,39
1033,(529),https://cqranking.com/common/flags/NZL.gif,WRIGHT Paul,MAP,03/02/1998,39
1034,(639),https://cqranking.com/common/flags/FRA.gif,JOALLAND Yael,COF,20/09/2000,39
1035,(1029),https://cqranking.com/common/flags/ITA.gif,GALIMBERTI Lorenzo,SWT,02/01/2001,39
1036,(921),https://cqranking.com/common/flags/BEL.gif,VAN HAUTEGEM Leander,TFB,09/03/2003,39
1037,(1232),https://cqranking.com/common/flags/ITA.gif,MILAN Matteo,GFC,22/01/2003,39
1038,(1175),https://cqranking.com/common/flags/BEL.gif,VANDENSTORME Dylan,TFB,19/04/2002,39
1039,(1145),https://cqranking.com/common/flags/CRC.gif,BRENES MATA Sebastian,CAJ,10/08/2000,39
1040,(1699),https://cqranking.com/common/flags/FRA.gif,JEAN Victor,EFC,03/10/2003,39
1041,(-),https://cqranking.com/common/flags/POR.gif,MOREIRA Daniel Filipe Vieira,HBG,02/07/2006,39
1042,(1923),https://cqranking.com/common/flags/CRC.gif,CALDERON CASALVOLONE Sebastian,-,24/06/2003,39
1043,(1286),https://cqranking.com/common/flags/TPE.gif,TU Chih Hao Sergio,ABZ,24/02/1997,38
1044,(2596),https://cqranking.com/common/flags/POR.gif,CARVALHO Gonçalo Henrique Matos,TAV,03/12/1997,38
1045,(1044),https://cqranking.com/common/flags/ALG.gif,ASSAL Mohamed Nadjib,MPT,07/06/1999,38
1046,(991),https://cqranking.com/common/flags/GBR.gif,GEORGE Alfred,EFC,30/01/2001,38
1047,(1015),https://cqranking.com/common/flags/SUI.gif,TENDON Arnaud,VRR,06/11/2002,38
1048,(785),https://cqranking.com/common/flags/BEL.gif,VERCOUILLIE Victor,TFB,03/11/2002,38
1049,(365),https://cqranking.com/common/flags/GER.gif,MATTHEIS Oliver,BAI,24/04/1995,37
1050,(768),https://cqranking.com/common/flags/KAZ.gif,KUZMIN Anton,XAT,20/11/1996,37
1051,(1532),https://cqranking.com/common/flags/NOR.gif,HVIDEBERG Jonas Hem,UXM,09/02/1999,37
1052,(687),https://cqranking.com/common/flags/ITA.gif,PARISINI Nicolo,PQT,25/04/2000,37
1053,(1538),https://cqranking.com/common/flags/HUN.gif,FETTER Erik,TUS,05/04/2000,37
1054,(479),https://cqranking.com/common/flags/NZL.gif,KENCH Joshua,GFC,06/05/2001,37
1055,(1268),https://cqranking.com/common/flags/ESP.gif,FERNANDEZ RODRIGUEZ Sinuhe,BBH,15/06/2000,37
1056,(1499),https://cqranking.com/common/flags/CAN.gif,PLAMONDON Joel,-,05/09/2002,37
1057,(2540),https://cqranking.com/common/flags/JPN.gif,HASHIKAWA Takeshi Jo,KIN,06/02/2003,37
1058,(769),https://cqranking.com/common/flags/DEN.gif,FRYDKJAER Patrick Boje,LTF,19/03/2005,37
1059,(1256),https://cqranking.com/common/flags/ITA.gif,CAPRA Thomas,BVD,03/02/2005,37
1060,(1716),https://cqranking.com/common/flags/INA.gif,RIZQI Dimas Nur Fadhil,JPC,12/05/2006,37
1061,(-),https://cqranking.com/common/flags/ESP.gif,CORRES IBAÑEZ DE OPAKUA Gorka,CJR,05/06/2005,37
1062,(-),https://cqranking.com/common/flags/ESP.gif,URKAREGI SANZ Eñaut,LTF,02/04/2007,37
1063,(481),https://cqranking.com/common/flags/BEL.gif,VANHOUCKE Harm,PQT,17/06/1997,36
1064,(705),https://cqranking.com/common/flags/POL.gif,BUDZINSKI Tomasz,ATT,24/04/1998,36
1065,(-),https://cqranking.com/common/flags/SUI.gif,JENNI Luca,RRS,06/05/2002,36
1066,(-),https://cqranking.com/common/flags/GBR.gif,CHARLTON Josh,NIA,10/02/2003,36
1067,(1366),https://cqranking.com/common/flags/CAN.gif,VALENTI Luke,-,05/06/2004,36
1068,(2291),https://cqranking.com/common/flags/COL.gif,CRUZ MARTINEZ Edward Santiago,BCS,05/07/2006,36
1069,(-),https://cqranking.com/common/flags/EST.gif,MÄTIK Oliver,TUU,03/06/2006,36
1070,(409),https://cqranking.com/common/flags/GBR.gif,SWIFT Ben,NCI,05/11/1987,35
1071,(694),https://cqranking.com/common/flags/NED.gif,MAAS Jan,COF,19/02/1996,35
1072,(1225),https://cqranking.com/common/flags/ESP.gif,ARCAS PEÑA Jorge,MOV,08/07/1992,35
1073,(1246),https://cqranking.com/common/flags/LUX.gif,WIRTGEN Luc,TUD,07/07/1998,35
1074,(1011),https://cqranking.com/common/flags/SWE.gif,FORSSELL Hugo,-,04/01/1999,35
1075,(1013),https://cqranking.com/common/flags/ITA.gif,LUCCA Riccardo,QPT,24/02/1997,35
1076,(733),https://cqranking.com/common/flags/IRL.gif,CROCKETT Finn,VWE,30/06/1999,35
1077,(2131),https://cqranking.com/common/flags/FRA.gif,MAINGUENAUD Tom,NMC,13/08/2000,35
1078,(1134),https://cqranking.com/common/flags/BEL.gif,BASTIAENS Ayco,SOQ,03/06/1996,35
1079,(2227),https://cqranking.com/common/flags/GBR.gif,STOCKWELL Oliver,TBV,07/06/2002,35
1080,(992),https://cqranking.com/common/flags/CHI.gif,QUINTANA VIDAL Hector Exequiel,PPZ,12/05/2002,35
1081,(2398),https://cqranking.com/common/flags/ITA.gif,REGNANTI Matteo,TFT,27/07/2001,35
1082,(1110),https://cqranking.com/common/flags/NOR.gif,DOLVEN Halvor,LWD,13/04/2004,35
1083,(1021),https://cqranking.com/common/flags/GBR.gif,SMITHSON Jed,HBG,19/08/2005,35
1084,(884),https://cqranking.com/common/flags/FRA.gif,BASSET Pierre Henry,XAD,29/03/2004,35
1085,(930),https://cqranking.com/common/flags/IRL.gif,O'BRIEN Liam,LTF,16/03/2005,35
1086,(2835),https://cqranking.com/common/flags/GER.gif,CHARROIS Leo,-,10/10/1998,35
1087,(2289),https://cqranking.com/common/flags/GBR.gif,LIGHTFOOT Mark,AIX,26/06/2005,35
1088,(-),https://cqranking.com/common/flags/COL.gif,FLOREZ GARCES Samuel Alejandro,MAP,28/07/2005,35
1089,(-),https://cqranking.com/common/flags/NED.gif,SCHAPER Joeri,SQD,29/01/2006,35
1090,(-),https://cqranking.com/common/flags/ITA.gif,ANASTASIA Tommaso,TER,12/11/2006,35
1091,(-),https://cqranking.com/common/flags/FRA.gif,BARRILLOT Bohémond,AIX,08/04/2004,35
1092,(-),https://cqranking.com/common/flags/USA.gif,CAUDELL Ezra,MAP,08/09/2006,35
1093,(-),https://cqranking.com/common/flags/ERI.gif,TESFALEM Natan,-,13/08/2007,35
1094,(1025),https://cqranking.com/common/flags/FRA.gif,CARDIS Romain,AUB,12/08/1992,34
1095,(1222),https://cqranking.com/common/flags/POL.gif,PAWLAK Tobiasz,ATT,24/11/1995,34
1096,(1408),https://cqranking.com/common/flags/POR.gif,CARVALHO Rui Filipe Ribeiro,GSU,28/04/1995,34
1097,(971),https://cqranking.com/common/flags/COL.gif,MUÑOZ LANCHEROS Cristian Camilo,-,20/03/1996,34
1098,(492),https://cqranking.com/common/flags/FRA.gif,BRUNEL Alexys,TEN,10/10/1998,34
1099,(1297),https://cqranking.com/common/flags/SRB.gif,DJURIC Djordje,TFT,21/06/2000,34
1100,(1188),https://cqranking.com/common/flags/NED.gif,GELEIJN Owen,URR,14/01/2001,34
1101,(1046),https://cqranking.com/common/flags/CZE.gif,REHA Filip,ATT,12/03/2001,34
1102,(2626),https://cqranking.com/common/flags/TUR.gif,DEPE Serdar Anil,STC,20/02/1998,34
1103,(1252),https://cqranking.com/common/flags/ITA.gif,AMBROSINI Matteo,MBH,23/04/2002,34
1104,(2819),https://cqranking.com/common/flags/ITA.gif,DELLE VEDOVE Alessio,XAD,11/02/2004,34
1105,(-),https://cqranking.com/common/flags/FRA.gif,LANGELLA Lénaïc,CIC,14/06/2004,34
1106,(944),https://cqranking.com/common/flags/GER.gif,LEIDERT Louis,LTF,16/05/2005,34
1107,(1076),https://cqranking.com/common/flags/HON.gif,MENENDEZ PEREIRA Hector Manuel,-,01/06/2005,34
1108,(-),https://cqranking.com/common/flags/SUI.gif,ZUMSTEIN Melk,-,14/10/2005,34
1109,(1202),https://cqranking.com/common/flags/GUA.gif,RODAS OCHOA Manuel Oseas,-,05/07/1984,33
1110,(1433),https://cqranking.com/common/flags/URU.gif,ASCONEGUY DIAZ Roderyck,-,20/06/1990,33
1111,(765),https://cqranking.com/common/flags/LAT.gif,BOGDANOVICS Maris,FNX,19/11/1991,33
1112,(2502),https://cqranking.com/common/flags/ALG.gif,SAIDI Nassim,MPT,09/12/1994,33
1113,(730),https://cqranking.com/common/flags/POL.gif,BANASZEK Norbert,ATT,18/06/1997,33
1114,(1043),https://cqranking.com/common/flags/COL.gif,LOPEZ RIVERA Robinson Fabian,GES,17/09/1996,33
1115,(1184),https://cqranking.com/common/flags/JPN.gif,IMAMURA Shunsuke,LWD,14/02/1998,33
1116,(1670),https://cqranking.com/common/flags/LUX.gif,BETTENDORFF Loïc,HAC,28/04/2001,33
1117,(1132),https://cqranking.com/common/flags/BEL.gif,KUYPERS Gerben,PSC,01/02/2000,33
1118,(2217),https://cqranking.com/common/flags/ESP.gif,SANCHEZ MAYO Pelayo,MOV,27/03/2000,33
1119,(1351),https://cqranking.com/common/flags/AUT.gif,ZANGERLE Emanuel,VBG,24/09/2000,33
1120,(2226),https://cqranking.com/common/flags/ITA.gif,NENCINI Tommaso,TFT,10/09/2000,33
1121,(1639),https://cqranking.com/common/flags/COL.gif,ROJAS VEGA Brandon Alejandro,GES,02/07/2002,33
1122,(919),https://cqranking.com/common/flags/NED.gif,KRIJNSEN Jelte,JAY,12/05/2001,33
1123,(958),https://cqranking.com/common/flags/NOR.gif,FELDMANN Karsten Larsen,URR,28/03/2003,33
1124,(1503),https://cqranking.com/common/flags/GBR.gif,BUSH Jacob,DPP,02/06/2005,33
1125,(1237),https://cqranking.com/common/flags/ITA.gif,CATTANI Alessandro,TER,08/03/2005,33
1126,(1976),https://cqranking.com/common/flags/NZL.gif,GARDNER James,TSG,18/03/2005,33
1127,(1372),https://cqranking.com/common/flags/ERI.gif,GIRMAY Mewael,IST,15/04/2005,33
1128,(585),https://cqranking.com/common/flags/HUN.gif,FELDHOFFER Balint,BVD,26/12/2005,33
1129,(1149),https://cqranking.com/common/flags/NED.gif,REEMEIJER Niels,HST,04/07/2002,33
1130,(-),https://cqranking.com/common/flags/GBR.gif,HOBBS Henry,VLD,20/05/2007,33
1131,(1081),https://cqranking.com/common/flags/BIZ.gif,WILLIAMS Cory,LLA,09/08/1993,32
1132,(1284),https://cqranking.com/common/flags/PAN.gif,JURADO LOPEZ Christofer Robin,-,27/10/1995,32
1133,(1602),https://cqranking.com/common/flags/CRC.gif,VARELA ZUÑIGA Yewinson Leandro,-,06/10/1995,32
1134,(974),https://cqranking.com/common/flags/COL.gif,PEÑA MOLANO Wilson Estiben,ESC,07/04/1998,32
1135,(1345),https://cqranking.com/common/flags/KOR.gif,KIM Eu-ro,LXC,07/10/1999,32
1136,(597),https://cqranking.com/common/flags/GBR.gif,FLYNN Sean,TPP,02/03/2000,32
1137,(751),https://cqranking.com/common/flags/BEL.gif,VERVENNE Jonathan,SOQ,27/05/2003,32
1138,(661),https://cqranking.com/common/flags/ITA.gif,CHESINI Cesare,MBH,11/03/2004,32
1139,(1904),https://cqranking.com/common/flags/USA.gif,LOPEZ DE SAN ROMAN Ian,MAP,28/10/2003,32
1140,(2260),https://cqranking.com/common/flags/ITA.gif,OIOLI Manuel,SWT,17/05/2003,32
1141,(928),https://cqranking.com/common/flags/RWA.gif,MASENGESHO Vainqueur,BBT,01/01/2002,32
1142,(1032),https://cqranking.com/common/flags/LAT.gif,KLISMETS Karlis,ENT,17/07/2003,32
1143,(649),https://cqranking.com/common/flags/ESP.gif,SAGRADO PEREZ Alvaro,TSM,28/11/2000,32
1144,(1271),https://cqranking.com/common/flags/EST.gif,KÜÜT Oskar,QPT,20/09/2005,32
1145,(1584),https://cqranking.com/common/flags/DEN.gif,JØLVING Otto Schultz,TCQ,25/09/2006,32
1146,(2302),https://cqranking.com/common/flags/ITA.gif,SAMBINELLO Enea,UAZ,09/02/2006,32
1147,(-),https://cqranking.com/common/flags/SUI.gif,HALDIMANN Guillaume,-,15/10/2002,32
1148,(1100),https://cqranking.com/common/flags/HUN.gif,PELIKAN Janos,TUS,19/04/1995,31
1149,(1040),https://cqranking.com/common/flags/RSA.gif,DOWNES Brandon,TPC,12/03/1991,31
1150,(839),https://cqranking.com/common/flags/DEN.gif,PRICE-PEJTERSEN Johan,APT,26/05/1999,31
1151,(853),https://cqranking.com/common/flags/USA.gif,BRUNNER Eric,PEC,01/12/1998,31
1152,(443),https://cqranking.com/common/flags/NED.gif,RASCH Jesper,CAT,22/03/1998,31
1153,(1206),https://cqranking.com/common/flags/COL.gif,PIRA PARADA Yesid Albeiro,HIN,28/06/1999,31
1154,(819),https://cqranking.com/common/flags/KAZ.gif,REMKHI Rudolf,BKC,05/10/2003,31
1155,(2400),https://cqranking.com/common/flags/POR.gif,BARBAS Rafael Elvas,TAV,27/06/2004,31
1156,(929),https://cqranking.com/common/flags/BEL.gif,OOSTERLINCK Joes,VRR,22/05/2003,31
1157,(1850),https://cqranking.com/common/flags/BEL.gif,GEERAERTS Ferre,TFB,11/01/2003,31
1158,(2836),https://cqranking.com/common/flags/FRA.gif,HUE Antoine,VCR,17/12/2004,31
1159,(1852),https://cqranking.com/common/flags/NED.gif,VAN DEN EIJNDEN Guus,APD,03/10/2005,31
1160,(2171),https://cqranking.com/common/flags/DEN.gif,MACHHOLDT Magnus,-,04/01/2003,31
1161,(1581),https://cqranking.com/common/flags/GBR.gif,BROOKES Joseph,AIX,14/09/2004,31
1162,(986),https://cqranking.com/common/flags/NOR.gif,ØRN-KRISTOFF Felix,LOI,15/03/2006,31
1163,(2559),https://cqranking.com/common/flags/SUI.gif,GINTER Nicolas,TIR,05/02/2006,31
1164,(1507),https://cqranking.com/common/flags/LAT.gif,SKRAPCIS Olivers Jekabs,ENT,29/08/2006,31
1165,(-),https://cqranking.com/common/flags/CZE.gif,TOMAN Patrik,KCR,27/02/2005,31
1166,(2730),https://cqranking.com/common/flags/ITA.gif,DE LONGHI Lorenzo,CMP,03/07/2006,31
1167,(1993),https://cqranking.com/common/flags/IRI.gif,SOHRABI Mehdi,-,12/10/1981,30
1168,(1112),https://cqranking.com/common/flags/NOR.gif,LAENGEN Vegard Stake,UEX,07/02/1989,30
1169,(966),https://cqranking.com/common/flags/BEL.gif,VAN LERBERGHE Bert,SOQ,29/09/1992,30
1170,(534),https://cqranking.com/common/flags/SUI.gif,LIENHARD Fabian,TUD,03/09/1993,30
1171,(-),https://cqranking.com/common/flags/TUR.gif,SAMLI Feritcan,STC,29/01/1994,30
1172,(651),https://cqranking.com/common/flags/GBR.gif,KNOX James,TPP,04/11/1995,30
1173,(1738),https://cqranking.com/common/flags/HUN.gif,PEAK Barnabas,MBH,29/11/1998,30
1174,(1739),https://cqranking.com/common/flags/GRE.gif,GIANNOUTSOS Miltiadis,-,18/08/1997,30
1175,(-),https://cqranking.com/common/flags/IRL.gif,MCGEOUGH Cormac,7RP,11/08/1996,30
1176,(1533),https://cqranking.com/common/flags/SWE.gif,ERIKSSON Jacob,TUD,01/10/1999,30
1177,(1797),https://cqranking.com/common/flags/MGL.gif,IDERBOLD Bold,CDT,27/06/1998,30
1178,(2361),https://cqranking.com/common/flags/URU.gif,RODRIGUEZ RAMOS Diego Leonel,-,10/10/1995,30
1179,(727),https://cqranking.com/common/flags/FRA.gif,JOUSSEAUME Alan,TEN,03/08/1998,30
1180,(1323),https://cqranking.com/common/flags/ITA.gif,BORTOLUZZI Giovanni,GEF,03/11/2002,30
1181,(1108),https://cqranking.com/common/flags/ITA.gif,CANTONI Andrea,MGK,11/09/2000,30
1182,(669),https://cqranking.com/common/flags/ESP.gif,ALVAREZ RODRIGUEZ Rodrigo,BBH,24/08/1999,30
1183,(982),https://cqranking.com/common/flags/POR.gif,LOPES Lucas Simoes,EFP,10/04/2003,30
1184,(-),https://cqranking.com/common/flags/USA.gif,MARIS Jesse,-,19/03/2004,30
1185,(1564),https://cqranking.com/common/flags/ARG.gif,KALEJMAN QUIROGA Mateo,-,14/09/2004,30
1186,(2408),https://cqranking.com/common/flags/RSA.gif,KIECK Blaine,-,10/05/2004,30
1187,(1620),https://cqranking.com/common/flags/BEL.gif,DE BRUYCKERE Kay,PSC,21/03/2004,30
1188,(985),https://cqranking.com/common/flags/BEL.gif,DEMAN Brem,TFB,16/05/2002,30
1189,(1209),https://cqranking.com/common/flags/GBR.gif,PEACE Oliver,TPP,02/04/2005,30
1190,(1853),https://cqranking.com/common/flags/ALB.gif,KAMBERAJ Valentino,TSL,11/05/2005,30
1191,(2456),https://cqranking.com/common/flags/JPN.gif,HAYASHIBARA Shoma,SMN,25/10/2003,30
1192,(1152),https://cqranking.com/common/flags/ESP.gif,LEDESMA GARCIA Gerard,VCF,26/01/2003,30
1193,(-),https://cqranking.com/common/flags/FRA.gif,LAYRAC Gabriel,AIX,10/11/2006,30
1194,(-),https://cqranking.com/common/flags/NZL.gif,WILSON Matthew,-,15/09/2001,30
1195,(816),https://cqranking.com/common/flags/UZB.gif,KHALMURATOV Muradjan,SAB,11/06/1982,29
1196,(1281),https://cqranking.com/common/flags/GER.gif,CARSTENSEN Lucas,KIN,16/06/1994,29
1197,(1125),https://cqranking.com/common/flags/ITA.gif,GAZZOLI Michele,TFT,04/03/1999,29
1198,(1489),https://cqranking.com/common/flags/BRA.gif,ROSSI Joao Pedro,LMS,02/10/1999,29
1199,(2041),https://cqranking.com/common/flags/ITA.gif,RIDOLFO Filippo,TNN,08/11/2001,29
1200,(-),https://cqranking.com/common/flags/POL.gif,MURYJ Antoni,MSP,02/09/2005,29
1201,(735),https://cqranking.com/common/flags/ERI.gif,YEMANE Even,BAI,19/08/2005,29
1202,(1198),https://cqranking.com/common/flags/MRI.gif,RABOUDE Jeremy,-,27/10/2005,29
1203,(-),https://cqranking.com/common/flags/CZE.gif,PESEK Adam,KCR,08/03/2006,29
1204,(775),https://cqranking.com/common/flags/ESP.gif,FERNANDEZ ANDUJAR Ruben,ACR,01/03/1991,28
1205,(2190),https://cqranking.com/common/flags/MAS.gif,ABDUL HALIL Mohamad Izzat Hilmi,MPC,18/09/1995,28
1206,(1170),https://cqranking.com/common/flags/JPN.gif,KANEKO Sohei,-,14/11/1997,28
1207,(1084),https://cqranking.com/common/flags/ITA.gif,PIETROBON Andrea,PTV,11/03/1999,28
1208,(809),https://cqranking.com/common/flags/RUS.gif,GONOV Lev,XAT,06/01/2000,28
1209,(-),https://cqranking.com/common/flags/GER.gif,BALLERSTEDT Maurice,APT,16/01/2001,28
1210,(811),https://cqranking.com/common/flags/ITA.gif,VILLA Giacomo,BIE,29/01/2002,28
1211,(1417),https://cqranking.com/common/flags/GER.gif,BORRESCH Julian,RRN,19/03/2002,28
1212,(2372),https://cqranking.com/common/flags/POR.gif,BARBOSA Diogo Garces,TCA,13/06/2000,28
1213,(1497),https://cqranking.com/common/flags/ERI.gif,MEDHANIE Natan,-,01/02/2000,28
1214,(1324),https://cqranking.com/common/flags/CHI.gif,KOTSAKIS LAGOS Francisco,PPZ,02/10/1998,28
1215,(1359),https://cqranking.com/common/flags/COL.gif,MESA PIETRALUNGA Santiago,ACR,11/11/1997,28
1216,(1148),https://cqranking.com/common/flags/POL.gif,GRUSZCZYNSKI Filip,MBH,13/02/2005,28
1217,(1371),https://cqranking.com/common/flags/FRA.gif,FABRIES Ugo,UAZ,03/08/2005,28
1218,(-),https://cqranking.com/common/flags/FRA.gif,DEURWEILHER Guillaume,-,03/05/2004,28
1219,(1180),https://cqranking.com/common/flags/JPN.gif,MASUDA Nariyuki,ABZ,23/10/1983,27
1220,(2210),https://cqranking.com/common/flags/ARG.gif,CONTTE Tomas,ALL,01/08/1998,27
1221,(2803),https://cqranking.com/common/flags/SUI.gif,SOMMER Jan,EFC,22/08/2000,27
1222,(2229),https://cqranking.com/common/flags/DEN.gif,DAHL Gustav Frederik,TGS,27/11/2000,27
1223,(1684),https://cqranking.com/common/flags/GBR.gif,BROUGH Jack,AIX,23/07/2003,27
1224,(1644),https://cqranking.com/common/flags/NED.gif,DORENBOS Yanne,AVV,15/09/2000,27
1225,(1311),https://cqranking.com/common/flags/CRO.gif,GOJKOVIC Nicolas,PGL,26/06/2004,27
1226,(831),https://cqranking.com/common/flags/BEL.gif,COPPENS Michiel,BCY,17/12/2002,27
1227,(-),https://cqranking.com/common/flags/GBR.gif,GRINDLEY Sebastian,LTF,24/04/2006,27
1228,(1009),https://cqranking.com/common/flags/NZL.gif,ROBERTS Reef,CGF,20/12/2006,27
1229,(988),https://cqranking.com/common/flags/GUA.gif,VASQUEZ VASQUEZ Juan Mardoqueo,HIN,19/06/1995,26
1230,(938),https://cqranking.com/common/flags/ARG.gif,COBARRUBIA LUCERO Leonardo Franco,-,26/03/1998,26
1231,(1537),https://cqranking.com/common/flags/FRA.gif,BEZZA Quentin,SCO,24/03/1998,26
1232,(1293),https://cqranking.com/common/flags/GBR.gif,MACLEOD Callum,BKC,08/03/2000,26
1233,(2242),https://cqranking.com/common/flags/ITA.gif,RACCAGNI Gabriele,PTV,05/02/2003,26
1234,(2248),https://cqranking.com/common/flags/FRA.gif,BEAUNE Mavric,VCR,27/11/2001,26
1235,(1194),https://cqranking.com/common/flags/PUR.gif,MORALES FONTAN Christopher,-,05/06/2002,26
1236,(2051),https://cqranking.com/common/flags/FRA.gif,MACE Marius,SCO,28/10/2002,26
1237,(1059),https://cqranking.com/common/flags/ITA.gif,PETTITI Nicolo,SWT,10/08/2002,26
1238,(2402),https://cqranking.com/common/flags/AUS.gif,EATHER Kurt,CBW,24/05/2001,26
1239,(1423),https://cqranking.com/common/flags/BEL.gif,VAN BYLEN Liam,DCD,27/02/2005,26
1240,(1255),https://cqranking.com/common/flags/CRC.gif,GRANADOS BONILLA Alejandro,-,31/08/2004,26
1241,(2433),https://cqranking.com/common/flags/ITA.gif,BAMBAGIONI Tommaso,TER,27/04/2005,26
1242,(932),https://cqranking.com/common/flags/FRA.gif,BOULET Eliott,VCR,07/09/2006,26
1243,(-),https://cqranking.com/common/flags/BEL.gif,VANDEVORST Nio,APD,18/02/2006,26
1244,(-),https://cqranking.com/common/flags/SWE.gif,LOVIDIUS Gustav,-,27/08/2004,26
1245,(2317),https://cqranking.com/common/flags/GBR.gif,RIWNYJ Danylo,-,02/03/1999,26
1246,(-),https://cqranking.com/common/flags/BEL.gif,DE KEERSMAEKER Mathias,LWD,12/03/2007,26
1247,(619),https://cqranking.com/common/flags/CAN.gif,BOIVIN Guillaume,NSN,25/05/1989,25
1248,(1155),https://cqranking.com/common/flags/MGL.gif,BATMUNKH Maral-Erdene,-,15/10/1994,25
1249,(610),https://cqranking.com/common/flags/AUT.gif,GAMPER Patrick,JAY,18/02/1997,25
1250,(1041),https://cqranking.com/common/flags/BEL.gif,STOCKMAN Abram,URR,31/07/1996,25
1251,(1482),https://cqranking.com/common/flags/COL.gif,ALBA BOLIVAR Juan Diego,TNC,11/09/1997,25
1252,(940),https://cqranking.com/common/flags/MAS.gif,ROSLI Muhammad Nur Aiman,TSG,22/03/1999,25
1253,(1666),https://cqranking.com/common/flags/POR.gif,SALGUEIRO Carlos Miguel Leite,TCA,09/06/1999,25
1254,(396),https://cqranking.com/common/flags/COL.gif,GOMEZ BECERRA German Dario,PTV,08/03/2001,25
1255,(2247),https://cqranking.com/common/flags/BEL.gif,VERMOOTE Jelle,TIS,29/08/2001,25
1256,(-),https://cqranking.com/common/flags/CHN.gif,LIU Chenglu,CAT,18/03/2003,25
1257,(2717),https://cqranking.com/common/flags/BEL.gif,DE CLERCQ Matthijs,SQD,23/01/2006,25
1258,(-),https://cqranking.com/common/flags/ITA.gif,SANFILIPPO Cristian,BIE,27/02/2006,25
1259,(-),https://cqranking.com/common/flags/ESP.gif,BENITO GONZALEZ Adrian,PTV,07/06/2004,25
1260,(-),https://cqranking.com/common/flags/ITA.gif,MASCIARELLI Stefano,PAD,30/10/2006,25
1261,(-),https://cqranking.com/common/flags/FRA.gif,DESRIAC Loïc,KSZ,21/07/1989,24
1262,(1258),https://cqranking.com/common/flags/TUR.gif,ÖRKEN Ahmet,STC,12/03/1993,24
1263,(2588),https://cqranking.com/common/flags/CZE.gif,ZAHALKA Matej,KCR,04/12/1993,24
1264,(972),https://cqranking.com/common/flags/POR.gif,NUNES Hugo Rafael Andrade,LAA,17/11/1996,24
1265,(2357),https://cqranking.com/common/flags/GUA.gif,CANASTUJ CALEL José David,-,12/01/1997,24
1266,(1130),https://cqranking.com/common/flags/AUS.gif,SCHULTZ Elliot,VCH,05/08/2000,24
1267,(1231),https://cqranking.com/common/flags/ROU.gif,VAIDIAN Iustin-Ioan,MEN,05/01/2001,24
1268,(1107),https://cqranking.com/common/flags/ITA.gif,D'AMATO Andrea,TUK,14/11/2002,24
1269,(897),https://cqranking.com/common/flags/TUR.gif,BULUT Samet,BKC,18/08/2002,24
1270,(-),https://cqranking.com/common/flags/ARG.gif,DOMINGUEZ CAMPOS Mauricio Ricardo,-,22/12/2001,24
1271,(298),https://cqranking.com/common/flags/GBR.gif,KNIGHT Oliver,COF,25/01/2001,24
1272,(1362),https://cqranking.com/common/flags/MRI.gif,DE COMARMOND Aurelien,THT,03/10/2002,24
1273,(-),https://cqranking.com/common/flags/USA.gif,WELCH Patrick,APS,19/04/2001,24
1274,(2052),https://cqranking.com/common/flags/CAY.gif,BODDEN Christopher,-,13/01/1994,24
1275,(849),https://cqranking.com/common/flags/ITA.gif,SAVINO Federico,SQD,10/07/2004,24
1276,(2821),https://cqranking.com/common/flags/ITA.gif,BOZZOLA Mirko,PAD,20/02/2004,24
1277,(2825),https://cqranking.com/common/flags/AUS.gif,MCKENZIE Hamish,JAY,13/09/2004,24
1278,(1208),https://cqranking.com/common/flags/BEL.gif,SANTY Arne,TIS,20/10/2000,24
1279,(572),https://cqranking.com/common/flags/SVK.gif,SCHWARZBACHER Matthias,EFE,22/12/2005,24
1280,(-),https://cqranking.com/common/flags/HUN.gif,TOTH Marko,TUS,06/09/2005,24
1281,(-),https://cqranking.com/common/flags/CZE.gif,SUMPIK Pavel,DPP,11/09/2006,24
1282,(1724),https://cqranking.com/common/flags/ANT.gif,WHITTAKER Alexander,-,10/04/1991,24
1283,(-),https://cqranking.com/common/flags/NZL.gif,PRESBURY Jeremy,NZP,07/08/1995,24
1284,(-),https://cqranking.com/common/flags/ERI.gif,EFREM Nftalem,-,30/10/2007,24
1285,(-),https://cqranking.com/common/flags/BRA.gif,MELO Alex Ferreira,-,17/11/1993,24
1286,(1520),https://cqranking.com/common/flags/RSA.gif,GIBBONS Ryan,-,13/08/1994,23
1287,(1481),https://cqranking.com/common/flags/ITA.gif,VIVIANI Attilio,TFT,18/10/1996,23
1288,(1027),https://cqranking.com/common/flags/SLO.gif,PRIMOZIC Jaka,HAC,08/12/1998,23
1289,(1187),https://cqranking.com/common/flags/COL.gif,BUSTAMANTE RUDA Adrian Camilo,GSU,10/06/1998,23
1290,(915),https://cqranking.com/common/flags/NED.gif,LEIJNSE Enzo,ACR,16/07/2001,23
1291,(1897),https://cqranking.com/common/flags/RWA.gif,MUHOZA Eric,AMN,01/01/2002,23
1292,(-),https://cqranking.com/common/flags/MRI.gif,YON HIN Daniel,7RP,08/05/2002,23
1293,(2528),https://cqranking.com/common/flags/IRL.gif,O'CONNOR Ronan,APS,10/09/2003,23
1294,(734),https://cqranking.com/common/flags/AUS.gif,MARRIAGE Zachary,NDT,12/11/2003,23
1295,(1327),https://cqranking.com/common/flags/UAE.gif,ALMUTAIWEI Mohamed,UAZ,28/11/2003,23
1296,(1832),https://cqranking.com/common/flags/ESP.gif,LOPEZ CUESTA Joseba,CJR,05/03/2000,23
1297,(1574),https://cqranking.com/common/flags/MAC.gif,KAM Chin Pok,CAT,08/03/2003,23
1298,(-),https://cqranking.com/common/flags/CHN.gif,CHEN Yusheng,CAT,07/05/2004,23
1299,(1506),https://cqranking.com/common/flags/BEL.gif,VAN GILS Lucas,LWD,15/09/2006,23
1300,(1983),https://cqranking.com/common/flags/BRA.gif,METZGER Gabriel,-,13/09/2001,23
1301,(2848),https://cqranking.com/common/flags/FRA.gif,SANCHEZ Clément,VDU,01/10/2005,23
1302,(2710),https://cqranking.com/common/flags/GER.gif,SCHEMPP Oscar,BAI,18/03/2005,23
1303,(-),https://cqranking.com/common/flags/ITA.gif,CETTOLIN Filippo,BCS,23/06/2006,23
1304,(1916),https://cqranking.com/common/flags/BRA.gif,LEMES Bruno Martins,LMS,13/12/1996,23
1305,(1472),https://cqranking.com/common/flags/ROU.gif,PRECUP Horea-Stefan,-,08/11/2006,23
1306,(1867),https://cqranking.com/common/flags/ALG.gif,RIAHI Anes,MPT,10/05/2006,23
1307,(1631),https://cqranking.com/common/flags/TTO.gif,NEAVES Jadian,-,28/03/2006,23
1308,(-),https://cqranking.com/common/flags/VEN.gif,MENDEZ PEREZ Diego Alejandro,-,11/10/2006,23
1309,(1511),https://cqranking.com/common/flags/MDA.gif,SEREMET Ilie,-,23/03/1993,22
1310,(1660),https://cqranking.com/common/flags/RSA.gif,BASSON Gustav,TPC,23/02/1996,22
1311,(1285),https://cqranking.com/common/flags/ISV.gif,SWANTON Stephen,-,28/01/1983,22
1312,(1603),https://cqranking.com/common/flags/VIN.gif,ANTROBUS Lucky,-,03/01/1992,22
1313,(2786),https://cqranking.com/common/flags/MGL.gif,ERDENEBAT Bilguunjargal,KSZ,07/03/1997,22
1314,(1103),https://cqranking.com/common/flags/SRB.gif,ILIC Ognjen,BUB,21/11/1998,22
1315,(2025),https://cqranking.com/common/flags/ZIM.gif,CHIKWAKA Andrew,-,14/09/1996,22
1316,(1158),https://cqranking.com/common/flags/BER.gif,WHITE Conor,-,19/10/1999,22
1317,(1292),https://cqranking.com/common/flags/KOS.gif,NUHA Blerton,CLN,26/08/2000,22
1318,(2032),https://cqranking.com/common/flags/URU.gif,ALONSO TORRES Agustin,-,18/09/1996,22
1319,(1298),https://cqranking.com/common/flags/FIJ.gif,KUMAR Ashween,-,22,
1320,(1613),https://cqranking.com/common/flags/ISL.gif,JONSSON David,-,13/11/2004,22
1321,(942),https://cqranking.com/common/flags/NED.gif,VERHOEFF Stefan,UNI,08/03/1999,22
1322,(553),https://cqranking.com/common/flags/ESP.gif,MARTIN GUTIERREZ Alex,-,25/01/2000,22
1323,(943),https://cqranking.com/common/flags/NOR.gif,FOUGNER Eivind Broholt,URR,02/03/2003,22
1324,(2054),https://cqranking.com/common/flags/INA.gif,ROYAN Muhammad Andy,NCT,03/09/2003,22
1325,(1308),https://cqranking.com/common/flags/SUR.gif,SIMSON Jorryn,-,01/06/2001,22
1326,(1462),https://cqranking.com/common/flags/BEL.gif,DOCKX Aaron,APT,28/06/2004,22
1327,(994),https://cqranking.com/common/flags/COL.gif,CASTILLO MIRANDA Kevin David,-,15/11/2001,22
1328,(-),https://cqranking.com/common/flags/CPV.gif,SOARES Eliezer,-,08/04/1995,22
1329,(2834),https://cqranking.com/common/flags/ITA.gif,VESCO Leonardo,BIE,30/07/2005,22
1330,(1314),https://cqranking.com/common/flags/SEY.gif,GABRIEL Jahdel,-,16/01/2005,22
1331,(618),https://cqranking.com/common/flags/SLO.gif,RAVBAR Anze,FRT,11/05/2005,22
1332,(2439),https://cqranking.com/common/flags/SIN.gif,LIM Bing Yi Eamon,CBW,21/03/2005,22
1333,(1316),https://cqranking.com/common/flags/LCA.gif,ALPHONSE Denver,-,14/07/2007,22
1334,(2861),https://cqranking.com/common/flags/DEN.gif,NIELSEN Emil Nymand,NDT,13/04/2006,22
1335,(-),https://cqranking.com/common/flags/BEL.gif,VANDEN EYNDE Mats,LTF,12/01/2007,22
1336,(2322),https://cqranking.com/common/flags/GBS.gif,CA Apolinario,-,24/12/1991,22
1337,(-),https://cqranking.com/common/flags/USA.gif,SHERRY Gavin,EFA,11/05/2004,22
1338,(172),https://cqranking.com/common/flags/NOR.gif,KRISTOFF Alexander,-,05/07/1987,21
1339,(1078),https://cqranking.com/common/flags/FRA.gif,LE GAC Olivier,GFC,27/08/1993,21
1340,(1931),https://cqranking.com/common/flags/EST.gif,NISU Oskar,CAT,11/08/1994,21
1341,(852),https://cqranking.com/common/flags/USA.gif,SWIRBUL Keegan,EFP,02/09/1995,21
1342,(1598),https://cqranking.com/common/flags/COL.gif,AGUIRRE CALPA Hernan Ricardo,TYD,13/12/1995,21
1343,(1227),https://cqranking.com/common/flags/ESP.gif,RODRIGUEZ GARAICOECHEA Oscar,NCI,06/05/1995,21
1344,(1066),https://cqranking.com/common/flags/ECU.gif,HARO CRIOLLO Wilson Steven,4RF,05/01/1998,21
1345,(875),https://cqranking.com/common/flags/NED.gif,VAN SINTMAARTENSDIJK Roel,LOI,08/05/2001,21
1346,(2233),https://cqranking.com/common/flags/BEL.gif,ORINS Robin,LOI,06/03/2002,21
1347,(1452),https://cqranking.com/common/flags/ECU.gif,ROSERO ROJAS Nixon Efrain,BES,24/01/2002,21
1348,(504),https://cqranking.com/common/flags/GBR.gif,GRANGER Ben,TFT,08/08/2000,21
1349,(961),https://cqranking.com/common/flags/POR.gif,GONÇALVES Diogo Henrique Ferreira,EFP,15/05/2001,21
1350,(2090),https://cqranking.com/common/flags/GBR.gif,ROSSITER Matthew,-,25/09/1989,21
1351,(-),https://cqranking.com/common/flags/POR.gif,RODRIGUES Ruben Mota,BOA,06/07/2004,21
1352,(-),https://cqranking.com/common/flags/ISR.gif,RAMON Omer,NDT,05/06/2007,21
1353,(-),https://cqranking.com/common/flags/LUX.gif,ASTOLFI Flavio,-,25/12/2007,21
1354,(-),https://cqranking.com/common/flags/GBR.gif,BRIGHT Benjamin,-,01/05/2003,21
1355,(382),https://cqranking.com/common/flags/IRI.gif,SAFARZADEH Saeid,TYD,21/09/1985,20
1356,(685),https://cqranking.com/common/flags/GBR.gif,STEWART Mark,MAP,25/08/1995,20
1357,(1887),https://cqranking.com/common/flags/COL.gif,GIL SANCHEZ Angel Alexander,GES,25/09/1992,20
1358,(1102),https://cqranking.com/common/flags/GBR.gif,LEWIS Adam,APS,21/08/1995,20
1359,(1344),https://cqranking.com/common/flags/VEN.gif,PINTO LACAO Luis Alfredo,-,30/11/1995,20
1360,(1485),https://cqranking.com/common/flags/HKG.gif,NG Pak Hang,HKS,22/02/1999,20
1361,(873),https://cqranking.com/common/flags/AUS.gif,DRIZNERS Jarrad,RBH,31/05/1999,20
1362,(1321),https://cqranking.com/common/flags/FRA.gif,RAUGEL Antoine,VRR,14/02/1999,20
1363,(605),https://cqranking.com/common/flags/FRA.gif,GUERNALEC Victor,CIC,16/03/2000,20
1364,(1545),https://cqranking.com/common/flags/CHN.gif,XUE Ming,LNS,17/03/2000,20
1365,(683),https://cqranking.com/common/flags/ISR.gif,TENE Rotem,NSN,30/03/2001,20
1366,(742),https://cqranking.com/common/flags/NZL.gif,SEXTON Tom,STG,19/11/1998,20
1367,(1454),https://cqranking.com/common/flags/AUT.gif,STIEGER Adrian,SIC,13/07/2003,20
1368,(-),https://cqranking.com/common/flags/AUS.gif,WALSH Finlay,CBW,13/05/2003,20
1369,(-),https://cqranking.com/common/flags/BEL.gif,MELOTTE Matteo,CCA,26/04/2004,20
1370,(2269),https://cqranking.com/common/flags/ESP.gif,CARRASCOSA MILLER Pablo,EKP,07/10/2002,20
1371,(2421),https://cqranking.com/common/flags/SUI.gif,AEBERSOLD Nils,EFC,15/02/2003,20
1372,(424),https://cqranking.com/common/flags/BEL.gif,CUYLITS Mauro,LWD,23/05/2005,20
1373,(832),https://cqranking.com/common/flags/FRA.gif,HOUCOU Emmanuel,PQT,14/02/2003,20
1374,(1580),https://cqranking.com/common/flags/ESP.gif,DIAZ ALVAREZ Alex,CJR,28/07/2001,20
1375,(2712),https://cqranking.com/common/flags/AUT.gif,POSCHACHER Valentin,HAC,12/08/2006,20
1376,(1471),https://cqranking.com/common/flags/ISR.gif,EDINGER Roei,NDT,09/05/2006,20
1377,(1865),https://cqranking.com/common/flags/CZE.gif,ZAHALKA Stepan,KCR,03/03/2006,20
1378,(-),https://cqranking.com/common/flags/SLO.gif,PRITRZNIK Jon,PGL,26/12/2006,20
1379,(-),https://cqranking.com/common/flags/FRA.gif,CHARRET Camille,COF,03/07/2006,20
1380,(2725),https://cqranking.com/common/flags/HUN.gif,PAKOT Andras Gusztav,TUS,18/03/2006,20
1381,(2566),https://cqranking.com/common/flags/FRA.gif,VIDAL Victor,BAI,15/12/1998,20
1382,(-),https://cqranking.com/common/flags/ESP.gif,TORRES ARIAS Jaime,UAZ,10/10/2007,20
1383,(-),https://cqranking.com/common/flags/SUI.gif,RUSSENBERGER Wanja,-,08/02/2003,20
1384,(1737),https://cqranking.com/common/flags/VEN.gif,PAREDES LOPEZ Anderson Timoteo,-,20/03/1995,19
1385,(509),https://cqranking.com/common/flags/ECU.gif,PITA BOLAÑOS Cristian David,ROI,06/02/1995,19
1386,(1445),https://cqranking.com/common/flags/GUY.gif,JOHN Briton,-,16/01/2000,19
1387,(1390),https://cqranking.com/common/flags/MEX.gif,ULLOA AREVALO Jose Gerardo,-,19/10/1996,19
1388,(1294),https://cqranking.com/common/flags/BOL.gif,MOYATA CRUZ Eduardo Edwin,PRC,07/02/2000,19
1389,(-),https://cqranking.com/common/flags/PHI.gif,QUITA Ronnilan,7RP,23/01/1995,19
1390,(1392),https://cqranking.com/common/flags/PUR.gif,GONZALEZ RIVERA Abner,CDF,09/10/2000,19
1391,(1348),https://cqranking.com/common/flags/FRA.gif,RETAILLEAU Valentin,TEN,18/06/2000,19
1392,(1133),https://cqranking.com/common/flags/VEN.gif,VILORIA VIERAS Enmanuel David,-,11/08/2001,19
1393,(1640),https://cqranking.com/common/flags/COL.gif,PINZON VILLALBA Edgar Andres,ESC,25/05/2001,19
1394,(1361),https://cqranking.com/common/flags/BEL.gif,WOUTERS Rutger,-,10/08/1991,19
1395,(1959),https://cqranking.com/common/flags/ECU.gif,CAICEDO CEPEDA David Sebastian,-,21/06/2001,19
1396,(2534),https://cqranking.com/common/flags/ITA.gif,LUCCA Simone,GSC,20/09/2000,19
1397,(-),https://cqranking.com/common/flags/GUA.gif,CHONAY BATZ Wilson Ottoniel,HIN,14/02/2003,19
1398,(1397),https://cqranking.com/common/flags/GUM.gif,BLAS Blayde,ECT,19/08/2002,19
1399,(-),https://cqranking.com/common/flags/NED.gif,PETERS Marvin,EEW,28/04/2004,19
1400,(-),https://cqranking.com/common/flags/CHI.gif,QUIROZ MARTINEZ Tomas,PPZ,07/11/2002,19
1401,(2833),https://cqranking.com/common/flags/NOR.gif,HØYDAHL Jonas Kind,VLD,19/12/2005,19
1402,(2426),https://cqranking.com/common/flags/MLI.gif,DIALLO Tiemoko,-,04/11/2003,19
1403,(1851),https://cqranking.com/common/flags/BEL.gif,SERVRANCKX Gauthier,SQD,07/07/2005,19
1404,(1975),https://cqranking.com/common/flags/MEX.gif,PRIETO DE LUNA Jose Antonio,-,01/01/2004,19
1405,(-),https://cqranking.com/common/flags/BAR.gif,HUTCHINSON Liam,-,26/07/2005,19
1406,(-),https://cqranking.com/common/flags/FRA.gif,HAMON Similien,CIC,11/09/2006,19
1407,(2562),https://cqranking.com/common/flags/AUS.gif,SIMS Oliver,-,07/03/2006,19
1408,(1403),https://cqranking.com/common/flags/VIE.gif,PHAM Le Xuan Loc,QPT,22/04/2005,19
1409,(-),https://cqranking.com/common/flags/CAN.gif,SMITH Adam,AIX,25/09/2006,19
1410,(1201),https://cqranking.com/common/flags/JOR.gif,ABU HARRAH Majid Basim,-,12/07/1996,19
1411,(-),https://cqranking.com/common/flags/SRB.gif,NIKACEVIC Rastko,TUS,18/03/2007,19
1412,(-),https://cqranking.com/common/flags/GEO.gif,KHUTSISHVILI Giorgi,-,04/09/2006,19
1413,(-),https://cqranking.com/common/flags/IRI.gif,HOSSEINI Hadi,-,07/02/1990,18
1414,(1519),https://cqranking.com/common/flags/GER.gif,HUPPERTZ Joshua,LKH,10/11/1994,18
1415,(1381),https://cqranking.com/common/flags/HKG.gif,LAU Wan Yau Vincent,ROI,23/09/1996,18
1416,(2505),https://cqranking.com/common/flags/BEL.gif,MOLLY Kenny,VRR,24/12/1996,18
1417,(-),https://cqranking.com/common/flags/DOM.gif,OGANDO REYNOSO Jonathan,-,16/07/1985,18
1418,(792),https://cqranking.com/common/flags/EST.gif,LAUK Karl Patrick,CDT,09/01/1997,18
1419,(1665),https://cqranking.com/common/flags/BRA.gif,SESSLER Nicolas Mariotto,VSC,29/04/1994,18
1420,(-),https://cqranking.com/common/flags/NZL.gif,HADEN Glenn,-,13/05/1983,18
1421,(1290),https://cqranking.com/common/flags/ECU.gif,HUERA MONTENEGRO Richard Rolando,BES,25/04/1999,18
1422,(2355),https://cqranking.com/common/flags/FRA.gif,AVOINE Kévin,VRR,14/11/1997,18
1423,(1892),https://cqranking.com/common/flags/KAZ.gif,CHZHAN Igor,QPT,02/10/1999,18
1424,(-),https://cqranking.com/common/flags/GBR.gif,LAVERICK Joseph,-,06/12/2000,18
1425,(1608),https://cqranking.com/common/flags/USA.gif,SCALA Jr Hugo,MAP,29/12/1997,18
1426,(-),https://cqranking.com/common/flags/ITA.gif,BUDA Simone,SOA,14/08/1999,18
1427,(1895),https://cqranking.com/common/flags/CMR.gif,KOSSOKO SADIKOU Jérémie,-,08/11/1998,18
1428,(1250),https://cqranking.com/common/flags/ESA.gif,RODRIGUEZ RODRIGUEZ Brandon Ulises,-,23/03/2001,18
1429,(1419),https://cqranking.com/common/flags/IRL.gif,PEDEN George,-,09/11/1999,18
1430,(2525),https://cqranking.com/common/flags/FRA.gif,THEOT Hugo,-,17/08/2001,18
1431,(881),https://cqranking.com/common/flags/ITA.gif,BRACALENTE Diego,MBH,06/12/2004,18
1432,(1970),https://cqranking.com/common/flags/DEN.gif,TOFTEMARK Lucas Maarfelt,GSH,10/07/2004,18
1433,(1703),https://cqranking.com/common/flags/BUR.gif,YAMEOGO Saturnin,-,20/09/2001,18
1434,(1210),https://cqranking.com/common/flags/CRC.gif,AGUILAR MENDEZ Luis,-,15/04/2003,18
1435,(596),https://cqranking.com/common/flags/SLO.gif,VALJAVEC Erazem,SQD,18/08/2006,18
1436,(-),https://cqranking.com/common/flags/ROU.gif,CARBUNAREA Andrei,-,25/04/2005,18
1437,(-),https://cqranking.com/common/flags/SWE.gif,OLARS Anton,-,31/07/2003,18
1438,(1333),https://cqranking.com/common/flags/SLO.gif,PETERLIN Nejc,ADR,17/08/2006,18
1439,(2890),https://cqranking.com/common/flags/CHI.gif,BAEZA MUÑOZ Cristobal,PPZ,09/10/2002,18
1440,(-),https://cqranking.com/common/flags/AUT.gif,FRIEDL Anatol,RBC,14/04/2007,18
1441,(-),https://cqranking.com/common/flags/GRE.gif,KOUSIS Georgios,-,12/10/2007,18
1442,(800),https://cqranking.com/common/flags/AUS.gif,CLARKE Simon,-,18/07/1986,17
1443,(1276),https://cqranking.com/common/flags/BIH.gif,KARIC Vedad,SUS,06/03/1988,17
1444,(1726),https://cqranking.com/common/flags/MNE.gif,LAZAREVIC Milos,-,08/06/1984,17
1445,(1220),https://cqranking.com/common/flags/CZE.gif,BOROS Michael,KCR,09/08/1992,17
1446,(767),https://cqranking.com/common/flags/CZE.gif,CERNY Josef,KCR,11/05/1993,17
1447,(2336),https://cqranking.com/common/flags/ESA.gif,JOYA Jose Dagoberto,-,30/06/1988,17
1448,(1224),https://cqranking.com/common/flags/COL.gif,SANCHEZ VERGARA Brayan Stiven,MED,03/06/1994,17
1449,(2017),https://cqranking.com/common/flags/BOL.gif,GONZALES SOTO Freddy,-,09/11/1994,17
1450,(1605),https://cqranking.com/common/flags/ITA.gif,GARAVAGLIA Giacomo,SWT,03/07/1996,17
1451,(1800),https://cqranking.com/common/flags/BOT.gif,MOKALAKE Thabiso,-,23/02/1999,17
1452,(1228),https://cqranking.com/common/flags/RWA.gif,MUGISHA Moise,-,01/01/1997,17
1453,(-),https://cqranking.com/common/flags/FRA.gif,PIERRE Alexis,-,18/11/1998,17
1454,(841),https://cqranking.com/common/flags/DEN.gif,ANDERSEN Kasper,SWT,01/07/2002,17
1455,(2378),https://cqranking.com/common/flags/HON.gif,DIAZ SORTO Christopher Jair,4RF,11/10/2002,17
1456,(200),https://cqranking.com/common/flags/NOR.gif,FREDHEIM Stian,UXM,23/03/2003,17
1457,(341),https://cqranking.com/common/flags/AUT.gif,HAJEK Alexander,RBH,19/07/2003,17
1458,(1756),https://cqranking.com/common/flags/COL.gif,FERNANDEZ GONZALEZ Oscar Hernan,TNC,26/09/2000,17
1459,(2144),https://cqranking.com/common/flags/TTO.gif,WOODS Tariq,-,15/01/2002,17
1460,(2666),https://cqranking.com/common/flags/LTU.gif,ADOMAITIS Rokas,ENT,06/08/2004,17
1461,(845),https://cqranking.com/common/flags/SLO.gif,KOMAC Nejc,FRT,20/06/2003,17
1462,(1837),https://cqranking.com/common/flags/RSA.gif,LANGE Tyler,-,19/12/2003,17
1463,(2671),https://cqranking.com/common/flags/CHN.gif,CAO Houwang,CCT,15/10/2003,17
1464,(1312),https://cqranking.com/common/flags/NED.gif,DORUSSEN Johan,MET,09/08/2003,17
1465,(1197),https://cqranking.com/common/flags/NED.gif,VAN DER WERFF Thom,DPP,14/01/2005,17
1466,(1576),https://cqranking.com/common/flags/COL.gif,URIAN CARO Jose Misael,ESC,02/11/2002,17
1467,(2448),https://cqranking.com/common/flags/MEX.gif,RUIZ TERAN Sebastian,-,09/04/2004,17
1468,(-),https://cqranking.com/common/flags/FRA.gif,LESUEUR Louka,VCR,02/06/2004,17
1469,(1585),https://cqranking.com/common/flags/UZB.gif,TAKHIROV Diyor,SAB,25/12/2005,17
1470,(1153),https://cqranking.com/common/flags/USA.gif,JOHNSON Anders,-,26/02/1998,17
1471,(1878),https://cqranking.com/common/flags/KGZ.gif,MATKARIMOV Shakhrukh,-,21/08/2008,17
1472,(-),https://cqranking.com/common/flags/BLR.gif,SLESARENKO Ilya,BIE,22/02/2007,17
1473,(-),https://cqranking.com/common/flags/GBR.gif,DAWSON Oliver,-,19/09/2006,17
1474,(-),https://cqranking.com/common/flags/GRE.gif,WOODGATE Louis Joel,-,29/05/2002,17
1475,(-),https://cqranking.com/common/flags/GEO.gif,TARIELASHVILI Giorgi,-,04/11/2006,17
1476,(2325),https://cqranking.com/common/flags/VEN.gif,GALVIZ GARCIA Carlos Johan,-,27/10/1988,16
1477,(1218),https://cqranking.com/common/flags/ERI.gif,BERHANE Natnael Teweldemedhin,IST,05/01/1991,16
1478,(770),https://cqranking.com/common/flags/THA.gif,SIRIRONNACHAI Sarawut,-,23/08/1992,16
1479,(1260),https://cqranking.com/common/flags/RWA.gif,NSENGIYUMVA Shemu,-,03/02/1998,16
1480,(2343),https://cqranking.com/common/flags/GUA.gif,TOC XON Gerson Victoriano,-,07/03/1995,16
1481,(1262),https://cqranking.com/common/flags/MAR.gif,EL KOURAJI Mohcine,-,01/12/1997,16
1482,(2785),https://cqranking.com/common/flags/KAZ.gif,ZHUMAKAN Alisher,XAD,17/01/1997,16
1483,(-),https://cqranking.com/common/flags/IRL.gif,FEELEY Daire,-,04/12/1996,16
1484,(2126),https://cqranking.com/common/flags/MAR.gif,BDADOU Youssef,-,18/06/2000,16
1485,(1189),https://cqranking.com/common/flags/KOR.gif,YUN Jae-bin,ROI,17/04/2001,16
1486,(1450),https://cqranking.com/common/flags/CZE.gif,RIMAN Jakub,ATT,23/11/2000,16
1487,(1016),https://cqranking.com/common/flags/ROU.gif,PICIU Mattew-Denis,MEN,21/06/2002,16
1488,(878),https://cqranking.com/common/flags/USA.gif,KESSLER Cole,MAP,20/05/2003,16
1489,(2397),https://cqranking.com/common/flags/DEN.gif,LYSGAARD Boas,BPC,22/11/2004,16
1490,(-),https://cqranking.com/common/flags/CZE.gif,KADLEC Milan,KCR,27/04/2004,16
1491,(1421),https://cqranking.com/common/flags/EST.gif,AUS Aaron,QPT,10/03/2004,16
1492,(2056),https://cqranking.com/common/flags/USA.gif,MOORE Viggo,TIR,08/05/2004,16
1493,(1912),https://cqranking.com/common/flags/ESP.gif,AZNAR VIJUESCA Hugo,EKP,01/12/2003,16
1494,(1977),https://cqranking.com/common/flags/TUR.gif,AKPINAR Ahmet,KBB,02/06/2002,16
1495,(-),https://cqranking.com/common/flags/COL.gif,GORDILLO SANCHEZ Emerson Ronaldo,TNC,02/06/2005,16
1496,(-),https://cqranking.com/common/flags/FRA.gif,LAMBERT-WETZEL Tom,VVB,12/06/2005,16
1497,(2173),https://cqranking.com/common/flags/ITA.gif,GIALLI Matteo,-,25/10/2004,16
1498,(1377),https://cqranking.com/common/flags/NED.gif,SOLEN Keije,LWD,27/03/2006,16
1499,(1508),https://cqranking.com/common/flags/ITA.gif,FANTINI Christian,SOA,31/10/2006,16
1500,(-),https://cqranking.com/common/flags/GBR.gif,O'BRIEN Finn,DPP,23/11/2007,16
1501,(-),https://cqranking.com/common/flags/FRA.gif,PAULOUIN Gaspard,SCO,05/12/2004,16
1502,(-),https://cqranking.com/common/flags/BEL.gif,VERBEECK Tuur,LWD,12/07/2007,16
1503,(-),https://cqranking.com/common/flags/BLR.gif,BABOVICH Mikita,BVD,19/04/2007,16
1504,(-),https://cqranking.com/common/flags/ERI.gif,BEREKET Naod,-,17/02/2007,16
1505,(-),https://cqranking.com/common/flags/IRI.gif,SEYED GHALICHI Seyed Milad Mohammad,-,11/12/1986,15
1506,(-),https://cqranking.com/common/flags/ARG.gif,JUAREZ Daniel Omar,-,14/03/1988,15
1507,(1216),https://cqranking.com/common/flags/FRA.gif,SOUPE Geoffrey,-,22/03/1988,15
1508,(-),https://cqranking.com/common/flags/BAH.gif,JONES Rowshan,-,11/12/1982,15
1509,(1515),https://cqranking.com/common/flags/MKD.gif,PETROVSKI Stefan,-,02/11/1991,15
1510,(515),https://cqranking.com/common/flags/LUX.gif,JUNGELS Bob,NCI,22/09/1992,15
1511,(1727),https://cqranking.com/common/flags/CIV.gif,CISSE Issiaka,-,20/09/1991,15
1512,(1337),https://cqranking.com/common/flags/VEN.gif,RUIZ CABRERA Juan Jose,-,10/02/1988,15
1513,(967),https://cqranking.com/common/flags/MAR.gif,AIT EL ABDIA Anass,-,21/03/1993,15
1514,(2187),https://cqranking.com/common/flags/ESP.gif,LOZANO RIBA David,TNN,21/12/1988,15
1515,(-),https://cqranking.com/common/flags/PER.gif,NAVARRO CALLE Royner Grover,-,01/08/1992,15
1516,(1115),https://cqranking.com/common/flags/FRA.gif,MANZIN Lorrenzo,TEN,26/07/1994,15
1517,(-),https://cqranking.com/common/flags/LBN.gif,ALASMAR Khalil,-,09/10/1982,15
1518,(1780),https://cqranking.com/common/flags/ESP.gif,SANCHEZ REBOLLIDO Angel Lorenzo,TAV,12/04/1993,15
1519,(753),https://cqranking.com/common/flags/AUS.gif,MONK Cyrus,FNX,07/11/1996,15
1520,(-),https://cqranking.com/common/flags/GBR.gif,TANFIELD Charlie,-,17/11/1996,15
1521,(1479),https://cqranking.com/common/flags/KOR.gif,JUNG Woo-ho,SCT,17/11/1997,15
1522,(1664),https://cqranking.com/common/flags/MAS.gif,ZARIFF Muhammad Nur Aiman,TSG,01/10/1997,15
1523,(-),https://cqranking.com/common/flags/DOM.gif,RAMOS VARGAS Alberto Rafael,-,26/05/1992,15
1524,(2020),https://cqranking.com/common/flags/LTU.gif,KMIELIAUSKAS Rokas,ENT,22/08/2000,15
1525,(1890),https://cqranking.com/common/flags/ESP.gif,ELOSEGUI MOMEÑE Iñigo,EKP,06/03/1998,15
1526,(1440),https://cqranking.com/common/flags/NCA.gif,VANEGAS CALERO Argenis de la Conception,-,08/12/1992,15
1527,(1387),https://cqranking.com/common/flags/GER.gif,RÖBER Dominik,VBG,12/10/1999,15
1528,(-),https://cqranking.com/common/flags/USA.gif,MCBIRNEY Tim,PEC,06/08/1998,15
1529,(-),https://cqranking.com/common/flags/IRI.gif,JAMAHISIAN GHALEHSEFIDI Amir Hossein,-,13/01/1999,15
1530,(990),https://cqranking.com/common/flags/COL.gif,ARDILA ORDOÑEZ Andres Camilo,TNC,02/06/1999,15
1531,(626),https://cqranking.com/common/flags/IRL.gif,CORKERY Dillon,TPP,12/02/1999,15
1532,(1491),https://cqranking.com/common/flags/NED.gif,VERBURG Luke,AVV,12/05/2001,15
1533,(1395),https://cqranking.com/common/flags/DOM.gif,GERMOSO GOMEZ Rudy Alexander,-,01/11/1989,15
1534,(1173),https://cqranking.com/common/flags/BEL.gif,VANDEPUTTE Niels,APD,19/09/2000,15
1535,(-),https://cqranking.com/common/flags/RUS.gif,BEREZNYAK Aleksandr,CDT,05/11/2001,15
1536,(757),https://cqranking.com/common/flags/ITA.gif,EPIS Giosué,-,04/03/2002,15
1537,(1952),https://cqranking.com/common/flags/BEL.gif,BELMANS Lennert,APT,15/02/2002,15
1538,(1068),https://cqranking.com/common/flags/DEN.gif,LOCK Dennis,-,17/05/2002,15
1539,(1549),https://cqranking.com/common/flags/SWZ.gif,JELE Kwanele,-,18/06/2000,15
1540,(-),https://cqranking.com/common/flags/BEL.gif,JACQUES Lucas,CCA,28/05/2003,15
1541,(1420),https://cqranking.com/common/flags/COL.gif,GOMEZ GOMEZ Camilo Andres,-,29/04/2003,15
1542,(-),https://cqranking.com/common/flags/CHN.gif,WANG Kuicheng,BDR,22/07/2000,15
1543,(1303),https://cqranking.com/common/flags/LES.gif,MAKATILE Kabelo,-,21/03/2003,15
1544,(2387),https://cqranking.com/common/flags/LAO.gif,MILAKONG Ananxay,-,27/09/1993,15
1545,(1899),https://cqranking.com/common/flags/BEN.gif,ATTAI Kocou Corneil,-,06/03/2002,15
1546,(1162),https://cqranking.com/common/flags/SUI.gif,TISSIERES Arnaud,EFC,14/05/1996,15
1547,(-),https://cqranking.com/common/flags/NED.gif,VISSER Guillaume,EEW,23/07/2000,15
1548,(1306),https://cqranking.com/common/flags/AIA.gif,CARTY Delroy,-,03/08/1991,15
1549,(1051),https://cqranking.com/common/flags/NED.gif,VAN DER MEULEN Max,TBV,13/01/2004,15
1550,(1563),https://cqranking.com/common/flags/IND.gif,SINGH Vishavjeet,-,20/03/2002,15
1551,(983),https://cqranking.com/common/flags/GBR.gif,SMITH William,VLD,21/03/2004,15
1552,(2265),https://cqranking.com/common/flags/FRA.gif,MARCEROU Nicola,TEN,23/09/2002,15
1553,(1700),https://cqranking.com/common/flags/BRA.gif,MENDES Diego de Jesus,-,19/03/1990,15
1554,(-),https://cqranking.com/common/flags/BUL.gif,TRENCHEV Kristiyan,-,04/12/1996,15
1555,(1502),https://cqranking.com/common/flags/GER.gif,BEHRENS Niklas,TVL,06/11/2003,15
1556,(1572),https://cqranking.com/common/flags/DMA.gif,BARON Kohath,-,10/10/2002,15
1557,(1236),https://cqranking.com/common/flags/DEN.gif,HAUGSTED Conrad,TCQ,13/01/2005,15
1558,(1764),https://cqranking.com/common/flags/CZE.gif,BARTA Martin,ATT,22/05/2005,15
1559,(1239),https://cqranking.com/common/flags/SWE.gif,MERLÖV Ville,BPC,17/03/2005,15
1560,(2071),https://cqranking.com/common/flags/CYP.gif,ACHAS Christodoulos,-,03/09/2005,15
1561,(-),https://cqranking.com/common/flags/CRO.gif,TOMIC Ivan Luka,-,22/06/2005,15
1562,(1468),https://cqranking.com/common/flags/UKR.gif,HOVORUN Bohdan,CTU,11/03/2005,15
1563,(-),https://cqranking.com/common/flags/SEN.gif,MEUNIER SOW Neriah,-,24/04/2005,15
1564,(-),https://cqranking.com/common/flags/KEN.gif,WAIRIMU Kamau Peterson,-,18/09/2002,15
1565,(-),https://cqranking.com/common/flags/BEL.gif,DE BOCK Aless,APD,04/07/2006,15
1566,(1984),https://cqranking.com/common/flags/ITA.gif,ZANUTTA David,XAD,05/01/2006,15
1567,(2304),https://cqranking.com/common/flags/THA.gif,SUPAN Aphisit,TCC,26/08/2006,15
1568,(1214),https://cqranking.com/common/flags/CAN.gif,RAMSAY Noah,APD,15/12/2002,15
1569,(-),https://cqranking.com/common/flags/EGY.gif,ELSAID Omar,-,26/06/2005,15
1570,(2570),https://cqranking.com/common/flags/ITA.gif,PIZZI Nicolo,TER,12/09/2006,15
1571,(-),https://cqranking.com/common/flags/ANG.gif,GONÇALVES Jorge,-,18/01/2006,15
1572,(1111),https://cqranking.com/common/flags/NED.gif,AGRICOLA Danijel,MET,15/02/2006,15
1573,(1591),https://cqranking.com/common/flags/ARM.gif,VIRABYAN Vahe,-,29/09/2004,15
1574,(-),https://cqranking.com/common/flags/MNE.gif,LUKOVIC Danilo,-,04/05/2005,15
1575,(1723),https://cqranking.com/common/flags/ETH.gif,DEBAY Filimon Zerabruk,-,29/01/2001,15
1576,(-),https://cqranking.com/common/flags/ZAM.gif,PUTEHO Gift,-,23/02/2005,15
1577,(1725),https://cqranking.com/common/flags/JOR.gif,ALREJJAL Mo'men Abed Alhakeem,-,12/08/1997,15
1578,(1430),https://cqranking.com/common/flags/CHN.gif,LI You,XAD,09/10/2004,15
1579,(-),https://cqranking.com/common/flags/AUS.gif,MILOSTIC Lindon,STG,28/10/2006,15
1580,(-),https://cqranking.com/common/flags/IRI.gif,MIRBAGHERI Seyyed Mohammad Nabi,STC,14/04/2007,15
1581,(-),https://cqranking.com/common/flags/NAM.gif,SUREN Roger,-,15/09/2007,15
1582,(-),https://cqranking.com/common/flags/SRB.gif,DAVIDOV Igor,-,09/10/2007,15
1583,(-),https://cqranking.com/common/flags/SWE.gif,KARLSSON Anton,-,27/05/2007,15
1584,(-),https://cqranking.com/common/flags/GBS.gif,CA Elias,-,10/05/1993,15
1585,(-),https://cqranking.com/common/flags/JAM.gif,FRANCIS Khalil,-,20/08/2007,15
1586,(1997),https://cqranking.com/common/flags/ANT.gif,MARSH Robert Frances,-,20/12/1968,14
1587,(1882),https://cqranking.com/common/flags/LCA.gif,ESNARD Fidel,-,25/02/1978,14
1588,(2106),https://cqranking.com/common/flags/EST.gif,RÄIM Mihkel,QPT,03/07/1993,14
1589,(1279),https://cqranking.com/common/flags/VIN.gif,BAILEY Zefal Trevor,-,30/09/1996,14
1590,(1406),https://cqranking.com/common/flags/ALB.gif,VELIA Olsian,SUS,20/01/1994,14
1591,(1477),https://cqranking.com/common/flags/IRI.gif,ARIYAN Behnam,-,11/04/1990,14
1592,(1599),https://cqranking.com/common/flags/NAM.gif,FREYER Martin,-,04/10/1995,14
1593,(1782),https://cqranking.com/common/flags/NCA.gif,CABALLERO SANCHEZ Jose Joel,-,17/10/1996,14
1594,(1524),https://cqranking.com/common/flags/UZB.gif,ROSTOVTSEV Sergey,BCS,02/06/1997,14
1595,(1438),https://cqranking.com/common/flags/JAM.gif,RAMSAY Andrew,-,24/09/1998,14
1596,(1045),https://cqranking.com/common/flags/THA.gif,CHAIYASOMBAT Thanakhan,TCC,26/06/1999,14
1597,(1742),https://cqranking.com/common/flags/HKG.gif,CHU Tsun Wai,HKS,09/07/2001,14
1598,(1393),https://cqranking.com/common/flags/MAR.gif,ED DOGHMY Achraf,-,19/11/1999,14
1599,(316),https://cqranking.com/common/flags/IRL.gif,RYAN Archie,EFE,16/11/2001,14
1600,(2799),https://cqranking.com/common/flags/DEN.gif,HANSEN Tobias Aagaard,TCQ,10/03/2002,14
1601,(949),https://cqranking.com/common/flags/BEL.gif,MEENS Johan,AAR,07/07/1999,14
1602,(1302),https://cqranking.com/common/flags/MLT.gif,BUTTIGIEG Aidan,PTV,18/07/1997,14
1603,(862),https://cqranking.com/common/flags/ESP.gif,GARCIA SORIANO Jose Maria,MRT,17/11/1998,14
1604,(1326),https://cqranking.com/common/flags/BUR.gif,RAWENDE Moucaila,-,00/00/1997,14
1605,(1616),https://cqranking.com/common/flags/VIE.gif,NGUYEN Tuan Vu,-,17/04/1999,14
1606,(1396),https://cqranking.com/common/flags/ALB.gif,KLOPPENBORG Lukas Sulaj,SUS,09/12/2001,14
1607,(1836),https://cqranking.com/common/flags/ROU.gif,HARASIM Mihnea-Alexandru,TSL,28/04/2004,14
1608,(2672),https://cqranking.com/common/flags/EGY.gif,METAWEA Mahmoud,-,04/06/2002,14
1609,(-),https://cqranking.com/common/flags/ESP.gif,AGUIRRE SUBIJANA Yago,EUS,30/08/2004,14
1610,(1968),https://cqranking.com/common/flags/ITA.gif,MENGHINI Alessio,TER,03/12/2004,14
1611,(-),https://cqranking.com/common/flags/ROU.gif,CAZACEANU Tudor,-,05/02/2000,14
1612,(-),https://cqranking.com/common/flags/USA.gif,KREIKEMEIER Kade,MUZ,05/07/2004,14
1613,(2158),https://cqranking.com/common/flags/ITA.gif,MARTINI Marco,TER,30/06/2005,14
1614,(996),https://cqranking.com/common/flags/GER.gif,KESSLER Bruno,TUU,09/09/2005,14
1615,(1179),https://cqranking.com/common/flags/ISR.gif,PERETZ HARDEBALL Matar,NDT,06/10/2005,14
1616,(997),https://cqranking.com/common/flags/USA.gif,SHELTON Marcis,CER,30/06/2004,14
1617,(1710),https://cqranking.com/common/flags/KOS.gif,KASTRATI Albion,CLN,28/09/2003,14
1618,(-),https://cqranking.com/common/flags/UKR.gif,ZOZULIA Andrii,CTU,28/06/2004,14
1619,(-),https://cqranking.com/common/flags/POL.gif,LATKOWSKI Dawid,VOS,18/11/2005,14
1620,(-),https://cqranking.com/common/flags/ITA.gif,FRATICELLI Luca,IPD,06/08/2005,14
1621,(-),https://cqranking.com/common/flags/KEN.gif,KIMANI Evan Wangai,-,08/02/1996,14
1622,(2297),https://cqranking.com/common/flags/BRA.gif,SANTOS Vinicius Silva,-,30/07/2004,14
1623,(-),https://cqranking.com/common/flags/ITA.gif,NEMBRINI Diego,GEF,16/04/2006,14
1624,(2177),https://cqranking.com/common/flags/ZAM.gif,KASHIMOTO Richard,-,25/10/2006,14
1625,(-),https://cqranking.com/common/flags/ITA.gif,BONOMETTI Michele,-,11/01/2006,14
1626,(-),https://cqranking.com/common/flags/FRA.gif,FERREIRA Louis,ACR,09/08/2000,14
1627,(2088),https://cqranking.com/common/flags/CRC.gif,SANCHO PORRAS Jose Pablo,-,25/01/2006,14
1628,(-),https://cqranking.com/common/flags/HUN.gif,HANCZ Tamas,-,15/04/2006,14
1629,(850),https://cqranking.com/common/flags/ETH.gif,ALEMAYO Tsegay Tekle,CNM,19/11/2006,14
1630,(-),https://cqranking.com/common/flags/ECU.gif,MUÑOZ ENRIQUEZ Brayan Esteven,-,11/12/2006,14
1631,(-),https://cqranking.com/common/flags/GBS.gif,GOMES Gil,-,01/08/1997,14
1632,(1182),https://cqranking.com/common/flags/COL.gif,REYES ORTEGA Yeison Sebastian,-,14/02/1997,13
1633,(1341),https://cqranking.com/common/flags/COL.gif,OSORIO CARVAJAL Alejandro,-,28/05/1998,13
1634,(-),https://cqranking.com/common/flags/GBR.gif,BRAND Sam,TNN,27/02/1991,13
1635,(1939),https://cqranking.com/common/flags/CZE.gif,BARTA Tomas,IST,28/04/1999,13
1636,(1205),https://cqranking.com/common/flags/SVK.gif,KASKO David,DKB,24/04/1997,13
1637,(-),https://cqranking.com/common/flags/GBR.gif,KIMBER George,-,10/11/1999,13
1638,(1172),https://cqranking.com/common/flags/ITA.gif,GINESTRA Lorenzo,SWT,06/11/2000,13
1639,(-),https://cqranking.com/common/flags/ITA.gif,CRESCIOLI Giosue,-,20/04/2001,13
1640,(-),https://cqranking.com/common/flags/BEL.gif,BELLENS Jarno,BPL,18/07/2000,13
1641,(-),https://cqranking.com/common/flags/RUS.gif,IVANOV Viacheslav,CDF,01/08/2002,13
1642,(1322),https://cqranking.com/common/flags/PER.gif,TOSCANO FERNANDEZ Bill Janz,-,07/04/2001,13
1643,(-),https://cqranking.com/common/flags/BEL.gif,VANDENBULCKE Alex,HST,25/11/2001,13
1644,(1642),https://cqranking.com/common/flags/ESP.gif,ROTA RUS Raul,KSZ,18/11/1999,13
1645,(1269),https://cqranking.com/common/flags/BIZ.gif,GONZALEZ Jyven,LLA,23/03/2002,13
1646,(-),https://cqranking.com/common/flags/GER.gif,BRENNER Mauro,RRN,01/09/2004,13
1647,(889),https://cqranking.com/common/flags/AUS.gif,AGNOLETTO Blake,CGF,21/10/2002,13
1648,(-),https://cqranking.com/common/flags/ECU.gif,PALMA CHAUCANES Anderson David,-,17/10/2003,13
1649,(-),https://cqranking.com/common/flags/VEN.gif,GOYO PIÑA Jesus Miguel,-,14/07/2004,13
1650,(-),https://cqranking.com/common/flags/FRA.gif,BODET Vincent,VDU,11/06/2005,13
1651,(1625),https://cqranking.com/common/flags/URU.gif,PEREZ ALVAREZ Ciro,AIX,20/03/2005,13
1652,(2432),https://cqranking.com/common/flags/CHI.gif,ROJAS RIVAS Diego,-,19/02/2005,13
1653,(-),https://cqranking.com/common/flags/DEN.gif,BUGGE Markus Klitgaard,-,06/05/1999,13
1654,(-),https://cqranking.com/common/flags/GBR.gif,TARLING Finlay,NDT,02/10/2006,13
1655,(833),https://cqranking.com/common/flags/RUS.gif,SHICHKIN Vlas,-,25/01/2002,13
1656,(1199),https://cqranking.com/common/flags/UKR.gif,SIMON Semen,CTU,21/05/2004,13
1657,(2078),https://cqranking.com/common/flags/NOR.gif,DAHL Marius Innhaug,DCD,19/05/2006,13
1658,(2176),https://cqranking.com/common/flags/ITA.gif,FERRARO Santiago,BCS,20/09/2006,13
1659,(-),https://cqranking.com/common/flags/POL.gif,HELTA Filip,MSP,04/09/1997,13
1660,(2310),https://cqranking.com/common/flags/BUR.gif,ILBOUDO Soumaila,-,16/08/2004,13
1661,(-),https://cqranking.com/common/flags/NED.gif,UPTEGROVE Ed,EEW,10/10/2005,13
1662,(-),https://cqranking.com/common/flags/ESP.gif,CUBILLAS SALVADOR Javier,MOY,28/02/2007,13
1663,(-),https://cqranking.com/common/flags/FRA.gif,VASSAL Théophile,DCD,10/01/2007,13
1664,(-),https://cqranking.com/common/flags/POL.gif,SURDYK Filip,-,16/01/2005,13
1665,(-),https://cqranking.com/common/flags/USA.gif,SHELTON Noah,PEC,29/08/2006,13
1666,(455),https://cqranking.com/common/flags/JPN.gif,ARASHIRO Yukiya,TFT,22/09/1984,12
1667,(-),https://cqranking.com/common/flags/ECU.gif,CAICEDO ROMO Pablo Andres,-,14/10/1986,12
1668,(1731),https://cqranking.com/common/flags/NED.gif,VAN SCHIP Jan-Willem,AVV,20/08/1994,12
1669,(1039),https://cqranking.com/common/flags/CRC.gif,BONILLA QUIROS Daniel Andres,-,18/10/1993,12
1670,(-),https://cqranking.com/common/flags/MAC.gif,KOK Mun Wa,-,31/08/1990,12
1671,(1226),https://cqranking.com/common/flags/TTO.gif,CAMPBELL Akil,-,01/02/1996,12
1672,(1522),https://cqranking.com/common/flags/JPN.gif,YAMAMOTO Masaki,VCF,08/01/1996,12
1673,(1935),https://cqranking.com/common/flags/JPN.gif,MAGOSAKI Daiki,VCH,18/07/1996,12
1674,(2114),https://cqranking.com/common/flags/GRE.gif,VILA Emiliano,-,04/07/1997,12
1675,(1442),https://cqranking.com/common/flags/SUI.gif,SUTER Joel,-,25/10/1998,12
1676,(-),https://cqranking.com/common/flags/KEN.gif,KIPLAGAT Cornelius Kipkemboi,-,17/09/1996,12
1677,(-),https://cqranking.com/common/flags/DEN.gif,SKOT-HANSEN Aksel Bech,TGS,11/06/2000,12
1678,(2029),https://cqranking.com/common/flags/AUT.gif,STEININGER Fabian,SIC,12/09/2000,12
1679,(1347),https://cqranking.com/common/flags/NZL.gif,HORNBLOW Keegan,NZP,25/10/2001,12
1680,(-),https://cqranking.com/common/flags/GUY.gif,GREENE Andre,-,22/06/1996,12
1681,(2622),https://cqranking.com/common/flags/ISL.gif,JONSSON Kristinn,TGS,06/03/2000,12
1682,(-),https://cqranking.com/common/flags/CHN.gif,MENG Shude,CNM,04/10/2001,12
1683,(-),https://cqranking.com/common/flags/RSA.gif,DA SILVA Tiano,THT,17/04/2001,12
1684,(1678),https://cqranking.com/common/flags/TPE.gif,LI Ting Wei,FRT,09/02/2001,12
1685,(2801),https://cqranking.com/common/flags/GER.gif,CZASA Moritz,-,03/06/2002,12
1686,(2634),https://cqranking.com/common/flags/ITA.gif,DIGNANI Filippo,IPD,25/01/2002,12
1687,(-),https://cqranking.com/common/flags/IRI.gif,AGHAKASHI Mahdi,-,27/10/2002,12
1688,(2523),https://cqranking.com/common/flags/NED.gif,NAT Joost,BCY,29/01/2002,12
1689,(1614),https://cqranking.com/common/flags/BEL.gif,VAN DE WYNKELE Lorenz,LWD,19/08/2001,12
1690,(1139),https://cqranking.com/common/flags/FRA.gif,MAHOUDO Nolann,-,17/11/2002,12
1691,(-),https://cqranking.com/common/flags/PAN.gif,RUIZ CHAVEZ Bredio Dario,-,25/07/2001,12
1692,(1900),https://cqranking.com/common/flags/AZE.gif,NURIYEV Nofal,-,25/04/2003,12
1693,(1686),https://cqranking.com/common/flags/DOM.gif,GARCIA SANCHEZ Erlin Antonio,-,16/07/1983,12
1694,(-),https://cqranking.com/common/flags/NOR.gif,EVERTSEN-HEGREBERG Simen,LUC,23/03/2004,12
1695,(1460),https://cqranking.com/common/flags/GBR.gif,GOLLIKER Joshua,EFA,23/03/2004,12
1696,(1365),https://cqranking.com/common/flags/NED.gif,DUBA Maxime,AVV,02/10/2004,12
1697,(1052),https://cqranking.com/common/flags/CAN.gif,WALTON Jonas,CIC,08/03/2004,12
1698,(-),https://cqranking.com/common/flags/NOR.gif,GRANBERG Sander,DRP,29/06/2004,12
1699,(2837),https://cqranking.com/common/flags/AUT.gif,FEURSTEIN Kilian,VBG,06/06/2003,12
1700,(1578),https://cqranking.com/common/flags/BEL.gif,VAN DEN BOER Seppe,TUU,28/11/2005,12
1701,(2073),https://cqranking.com/common/flags/HON.gif,PAVON CANO Ruben Sebastian,4RF,30/05/2005,12
1702,(-),https://cqranking.com/common/flags/POL.gif,KACZOROWSKI Franciszek,MSP,14/02/2004,12
1703,(2445),https://cqranking.com/common/flags/ERI.gif,HAYELOM Samuel,-,23/02/2005,12
1704,(-),https://cqranking.com/common/flags/NED.gif,VEELERS Teun,AVV,02/11/2001,12
1705,(-),https://cqranking.com/common/flags/ECU.gif,CORDOVA SUAREZ Juan Carlos,-,21/07/2001,12
1706,(1275),https://cqranking.com/common/flags/SLO.gif,MERNIK Sven Aleksander,VLD,14/06/2006,12
1707,(-),https://cqranking.com/common/flags/KAZ.gif,ALIK Batyrkhan,ALM,09/05/2006,12
1708,(2858),https://cqranking.com/common/flags/NZL.gif,HOLLAMBY Noah,-,07/08/2006,12
1709,(-),https://cqranking.com/common/flags/GBR.gif,LEE Thomas,-,22/12/2000,12
1710,(2484),https://cqranking.com/common/flags/SWE.gif,KÄLL Rasmus,-,21/10/2003,12
1711,(1767),https://cqranking.com/common/flags/JOR.gif,ALMAYYAS Mohammad Khaled,-,02/10/2002,12
1712,(2318),https://cqranking.com/common/flags/NED.gif,DEN BRABER Simon,-,19/02/2001,12
1713,(-),https://cqranking.com/common/flags/FRA.gif,DOLTAIRE Alex,VDU,15/05/2007,12
1714,(-),https://cqranking.com/common/flags/CRC.gif,CASTRO CASTRO Sebastian,MOY,02/01/2007,12
1715,(-),https://cqranking.com/common/flags/MDA.gif,ZAGAREANU Dumitru,-,02/11/1983,12
1716,(-),https://cqranking.com/common/flags/ARG.gif,SOSA Jorge Adrian,-,25/05/1981,12
1717,(-),https://cqranking.com/common/flags/NED.gif,VAN KLEEF Mark,-,04/01/2006,12
1718,(-),https://cqranking.com/common/flags/ANG.gif,SILVA Igor Alberto Secundino,-,22/10/1984,11
1719,(-),https://cqranking.com/common/flags/MAS.gif,MAZUKI Nur Amirull Fakhruddin,TSG,24/01/1992,11
1720,(1776),https://cqranking.com/common/flags/VEN.gif,SEQUERA SANCHEZ Pedro Jose,-,07/07/1991,11
1721,(2005),https://cqranking.com/common/flags/ISL.gif,OMARSSON Ingvar,-,13/04/1989,11
1722,(721),https://cqranking.com/common/flags/ESP.gif,SOTO GUIRAO Antonio Jesus,EKP,24/12/1994,11
1723,(615),https://cqranking.com/common/flags/FRA.gif,PETERS Nans,-,12/03/1994,11
1724,(1733),https://cqranking.com/common/flags/FIJ.gif,SUE Ronald,-,11,
1725,(2111),https://cqranking.com/common/flags/POR.gif,MARTINGIL Cesar Alexandre Feiteira,TAV,10/01/1995,11
1726,(2014),https://cqranking.com/common/flags/PUR.gif,REYES ACEVEDO Elvys Noel,-,27/01/1995,11
1727,(1525),https://cqranking.com/common/flags/NOR.gif,HOLSTAD Ludvik Aspelund,RSK,01/08/1998,11
1728,(2599),https://cqranking.com/common/flags/GER.gif,GROSS Felix,-,04/09/1998,11
1729,(1787),https://cqranking.com/common/flags/CZE.gif,SCHURAN Michal,TUS,30/06/1996,11
1730,(1342),https://cqranking.com/common/flags/COL.gif,CASTAÑO MUÑOZ Sebastian Alexander,ESC,12/05/1997,11
1731,(1414),https://cqranking.com/common/flags/SLO.gif,BAVEC Timotej,-,20/06/1999,11
1732,(-),https://cqranking.com/common/flags/USA.gif,ROSS Kent,-,02/12/1996,11
1733,(1389),https://cqranking.com/common/flags/POR.gif,PINTO Pedro Henrique Monteiro,EFP,05/11/2000,11
1734,(2365),https://cqranking.com/common/flags/PHI.gif,PAREJA Nichol Blanca,VSC,10/08/2000,11
1735,(1672),https://cqranking.com/common/flags/JPN.gif,TANI Junsei,ABZ,04/08/1994,11
1736,(1638),https://cqranking.com/common/flags/NED.gif,STRAVERS Jarri,UNI,03/04/1997,11
1737,(712),https://cqranking.com/common/flags/CZE.gif,VANICEK Simon,ATT,01/10/1999,11
1738,(1251),https://cqranking.com/common/flags/FRA.gif,HUYET Baptiste,BAI,06/07/2000,11
1739,(2379),https://cqranking.com/common/flags/GUA.gif,SAM POZ Edwin,-,19/11/2001,11
1740,(1955),https://cqranking.com/common/flags/NED.gif,REINDERINK Joris,-,11/10/2003,11
1741,(1824),https://cqranking.com/common/flags/NED.gif,VOOGT Niek,AVV,15/01/2001,11
1742,(1617),https://cqranking.com/common/flags/NOR.gif,LITLERE Sverre,RRS,03/02/2003,11
1743,(-),https://cqranking.com/common/flags/LBN.gif,KALLAS Mark,-,20/03/1989,11
1744,(1307),https://cqranking.com/common/flags/FRA.gif,VEDEL Gabin,-,26/12/2002,11
1745,(1207),https://cqranking.com/common/flags/CUB.gif,DOMINGUEZ GONZALEZ Jose Alberto,-,31/07/2004,11
1746,(2268),https://cqranking.com/common/flags/JPN.gif,MINAMI Kazuto,ART,15/08/2003,11
1747,(2425),https://cqranking.com/common/flags/ITA.gif,FIORIN Matteo,SOA,14/06/2005,11
1748,(-),https://cqranking.com/common/flags/BLR.gif,SHPAKOUSKI Viachaslau,-,03/10/2004,11
1749,(-),https://cqranking.com/common/flags/NED.gif,VAN DEN BERG Maarten,-,10/05/1994,11
1750,(-),https://cqranking.com/common/flags/BEL.gif,DE CLERCK Niels,-,01/06/2004,11
1751,(2719),https://cqranking.com/common/flags/NED.gif,VAN DER WAL Rik,EEW,02/10/2003,11
1752,(-),https://cqranking.com/common/flags/ITA.gif,GAMBA Thomas,GEF,15/05/2006,11
1753,(2863),https://cqranking.com/common/flags/FRA.gif,HABERT Axel,-,02/04/1998,11
1754,(1630),https://cqranking.com/common/flags/KGZ.gif,SHAPILOV Artem,-,24/10/2002,11
1755,(-),https://cqranking.com/common/flags/FRA.gif,SAINT MARTIN Pierre,AIX,21/05/2004,11
1756,(2494),https://cqranking.com/common/flags/NED.gif,WEMMERS Thijs,-,17/10/2005,11
1757,(-),https://cqranking.com/common/flags/BEL.gif,ROMMELAERE Iben,TIS,11/12/2004,11
1758,(2574),https://cqranking.com/common/flags/VEN.gif,MAESTRE LEAL Winston Jose,-,23/06/2006,11
1759,(-),https://cqranking.com/common/flags/FRA.gif,LEBOUCHER Anatole,VCR,18/11/2002,11
1760,(-),https://cqranking.com/common/flags/ESP.gif,VILLATE MOMEÑE Ibai,MOY,29/11/2007,11
1761,(-),https://cqranking.com/common/flags/FRA.gif,TROUVAIN Alexandre,DPP,05/07/2007,11
1762,(1924),https://cqranking.com/common/flags/CRC.gif,LEDEZMA ARAYA Jexon Jose,-,01/11/2004,11
1763,(-),https://cqranking.com/common/flags/USA.gif,MARTIN Nathaniel,-,30/07/2000,11
1764,(-),https://cqranking.com/common/flags/LAO.gif,PHOMSOUVANH Thepphasith,-,24/05/2003,11
1765,(-),https://cqranking.com/common/flags/JAM.gif,KHOURI Simon,-,24/09/1999,11
1766,(-),https://cqranking.com/common/flags/KGZ.gif,SAFRONOV Kirill,-,06/06/2009,11
1767,(357),https://cqranking.com/common/flags/POR.gif,COSTA Rui Alberto Faria,-,05/10/1986,10
1768,(-),https://cqranking.com/common/flags/BRA.gif,NARDIN Thiago Duarte,-,08/07/1988,10
1769,(1654),https://cqranking.com/common/flags/AUS.gif,EARLE Nathan,-,04/06/1988,10
1770,(2580),https://cqranking.com/common/flags/KOR.gif,JANG Kyung-gu,-,29/05/1990,10
1771,(925),https://cqranking.com/common/flags/ITA.gif,FORTIN Filippo,HAC,01/02/1989,10
1772,(1514),https://cqranking.com/common/flags/ESP.gif,TORRES BARCELO Albert,MOV,26/04/1990,10
1773,(1773),https://cqranking.com/common/flags/SYR.gif,WAIS Ahmad Badreddin,-,15/01/1991,10
1774,(-),https://cqranking.com/common/flags/MAR.gif,MRAOUNI Salah Eddine,-,28/12/1992,10
1775,(311),https://cqranking.com/common/flags/ITA.gif,FORMOLO Davide,MOV,25/10/1992,10
1776,(965),https://cqranking.com/common/flags/BEL.gif,DE BUYST Jasper,LOI,24/11/1993,10
1777,(2186),https://cqranking.com/common/flags/BEL.gif,VANTHOURENHOUT Michael,PSC,10/12/1993,10
1778,(787),https://cqranking.com/common/flags/NED.gif,VAN DER HOORN Taco,LOI,04/12/1993,10
1779,(-),https://cqranking.com/common/flags/POR.gif,MATIAS Joao Carlos Araujo,TAV,26/05/1991,10
1780,(2333),https://cqranking.com/common/flags/PER.gif,QUISPE COLQUE Alain Rossbel,-,04/02/1994,10
1781,(-),https://cqranking.com/common/flags/GBR.gif,ARMSTRONG Thomas,-,27/08/1994,10
1782,(2109),https://cqranking.com/common/flags/CHN.gif,NIU Yikui,LNS,02/08/1994,10
1783,(1778),https://cqranking.com/common/flags/BEN.gif,SOWOU Rémi,-,18/07/1996,10
1784,(1735),https://cqranking.com/common/flags/NED.gif,JAKOBSEN Fabio,TVL,31/08/1996,10
1785,(-),https://cqranking.com/common/flags/ECU.gif,VILLARREAL ALMEIDA Esteban David,-,19/05/1996,10
1786,(746),https://cqranking.com/common/flags/DEN.gif,WALLIN Rasmus Bøgh,-,02/01/1996,10
1787,(-),https://cqranking.com/common/flags/HKG.gif,LAU Wan Hei Victor,-,03/02/1995,10
1788,(1786),https://cqranking.com/common/flags/ISV.gif,MORALES David,-,1974,10
1789,(1480),https://cqranking.com/common/flags/CAN.gif,GERVAIS Laurent,PEC,03/11/1997,10
1790,(118),https://cqranking.com/common/flags/AUS.gif,GROVES Kaden,APT,23/12/1998,10
1791,(2351),https://cqranking.com/common/flags/ESP.gif,PEREZ-LANDALUCE GONZALEZ Eduardo,OCT,01/05/1998,10
1792,(1529),https://cqranking.com/common/flags/BAR.gif,VANDERPOOL Gregory,-,05/03/1996,10
1793,(1264),https://cqranking.com/common/flags/POL.gif,VAN DER TUUK Danny,EUS,05/11/1999,10
1794,(1056),https://cqranking.com/common/flags/ALG.gif,MANSOURI Hamza,MPT,13/04/1999,10
1795,(1801),https://cqranking.com/common/flags/AIA.gif,OSBORNE Sherwin,-,02/12/1982,10
1796,(1802),https://cqranking.com/common/flags/BIZ.gif,QUIROZ Oscar,-,04/01/1995,10
1797,(-),https://cqranking.com/common/flags/PHI.gif,GROSPE Ismael Jr.,VSC,07/01/1999,10
1798,(-),https://cqranking.com/common/flags/MKD.gif,MARKOVSKI Kiril,-,25/05/1998,10
1799,(1803),https://cqranking.com/common/flags/FIJ.gif,NAVUNIGASAU Kemueli,-,10,
1800,(-),https://cqranking.com/common/flags/TUR.gif,DOGAN Halil Ibrahim,BKC,06/10/2000,10
1801,(-),https://cqranking.com/common/flags/SLO.gif,SKOK Anze,ADR,15/09/2000,10
1802,(1296),https://cqranking.com/common/flags/NAM.gif,MILLER Alex,-,20/11/2000,10
1803,(2793),https://cqranking.com/common/flags/ARG.gif,BUCHANAN Franco,-,06/11/1992,10
1804,(-),https://cqranking.com/common/flags/JPN.gif,YAMAMOTO Tetsuo,TUK,17/03/2000,10
1805,(-),https://cqranking.com/common/flags/SEY.gif,POOL Julian,-,08/03/1999,10
1806,(720),https://cqranking.com/common/flags/TUR.gif,YIGIT Tahir Bugra,STC,30/09/2001,10
1807,(-),https://cqranking.com/common/flags/ECU.gif,CAIZA PEREZ Erik Daniel,-,18/01/2002,10
1808,(1894),https://cqranking.com/common/flags/ITA.gif,PINAZZI Mattia,BCS,04/04/2001,10
1809,(1946),https://cqranking.com/common/flags/TUR.gif,ARIKAN Dogukan,STC,05/09/2001,10
1810,(1673),https://cqranking.com/common/flags/BEL.gif,VANGHELUWE Warre,SOQ,23/07/2001,10
1811,(-),https://cqranking.com/common/flags/FIN.gif,ÖVERMARK Riku,-,26/01/1989,10
1812,(-),https://cqranking.com/common/flags/NED.gif,BROEX Victor,MET,31/01/2000,10
1813,(-),https://cqranking.com/common/flags/ITA.gif,BOSCARO Davide,PAD,13/07/2000,10
1814,(2132),https://cqranking.com/common/flags/DEN.gif,IWERSEN Emil Schandorff,BPC,15/08/2002,10
1815,(2805),https://cqranking.com/common/flags/FRA.gif,HUCK Léandre,VRR,30/07/2000,10
1816,(1547),https://cqranking.com/common/flags/POL.gif,MAJEWSKI Kacper,LPP,24/06/2002,10
1817,(1681),https://cqranking.com/common/flags/CZE.gif,KMINEK Vojtech,BBH,11/09/2000,10
1818,(-),https://cqranking.com/common/flags/SWZ.gif,SIKHONDZE Sihlangu,-,01/03/1999,10
1819,(-),https://cqranking.com/common/flags/CHN.gif,YU Yuanfeng,CAT,27/03/2001,10
1820,(2134),https://cqranking.com/common/flags/LBN.gif,ALMANE Abdel Azez,-,24/07/2000,10
1821,(-),https://cqranking.com/common/flags/AFG.gif,ARSLAN ANSARI Amir,LUC,19/08/1999,10
1822,(2231),https://cqranking.com/common/flags/FRA.gif,CHAUSSINAND Joris,CIC,26/02/2002,10
1823,(1819),https://cqranking.com/common/flags/GUM.gif,OINGERANG Edward,ECT,07/12/1991,10
1824,(2651),https://cqranking.com/common/flags/COL.gif,RICO LEMUS Cristian David,TNC,29/06/2001,10
1825,(-),https://cqranking.com/common/flags/INA.gif,KUSUMA Terry Yudha,JPC,14/03/1999,10
1826,(-),https://cqranking.com/common/flags/MLI.gif,CISSE Fidèle,-,14/11/2006,10
1827,(1962),https://cqranking.com/common/flags/FRA.gif,RIBEIRO DA CRUZ Mathias,-,10/12/2000,10
1828,(1831),https://cqranking.com/common/flags/MEX.gif,RUVALCABA REYES David,LLA,12/07/2002,10
1829,(1556),https://cqranking.com/common/flags/BAH.gif,DALEY Kevin,-,04/09/1987,10
1830,(-),https://cqranking.com/common/flags/BEL.gif,HANNES Victor,AAR,30/01/2004,10
1831,(-),https://cqranking.com/common/flags/BOT.gif,VAN ZYL Mark,-,1994,10
1832,(1690),https://cqranking.com/common/flags/ITA.gif,ZANINI Simone,XAD,26/03/2004,10
1833,(1965),https://cqranking.com/common/flags/ITA.gif,POLGA Antonio,TNN,26/03/1999,10
1834,(-),https://cqranking.com/common/flags/JPN.gif,TERADA Yoshiki,TUK,23/01/2002,10
1835,(906),https://cqranking.com/common/flags/ITA.gif,AGOSTINACCHIO Filippo,BIE,26/04/2003,10
1836,(-),https://cqranking.com/common/flags/CHN.gif,ZHAO Chenli,XDS,16/08/2004,10
1837,(-),https://cqranking.com/common/flags/ZIM.gif,SIBANDA Lizwilenkosi,-,11/06/2001,10
1838,(-),https://cqranking.com/common/flags/CIV.gif,KOUAME Konan Olivier,-,20/12/2000,10
1839,(1694),https://cqranking.com/common/flags/RSA.gif,DIKE Joshua,-,25/08/2004,10
1840,(1695),https://cqranking.com/common/flags/BEL.gif,MOONEN Zeno,TIS,03/07/2003,10
1841,(2678),https://cqranking.com/common/flags/USA.gif,KILLY Jonah,TIS,01/05/2003,10
1842,(2153),https://cqranking.com/common/flags/UKR.gif,BASARABA Mykhailo,-,01/10/2004,10
1843,(-),https://cqranking.com/common/flags/FRA.gif,CONOR Paul,VDU,22/12/2003,10
1844,(-),https://cqranking.com/common/flags/BEL.gif,POELVOORDE Tars,LWD,25/11/2005,10
1845,(1762),https://cqranking.com/common/flags/FRA.gif,LE NY Benjamin,-,26/07/1999,10
1846,(2067),https://cqranking.com/common/flags/ITA.gif,CIPOLLINI Edoardo,MBH,27/04/2005,10
1847,(-),https://cqranking.com/common/flags/GER.gif,AMANN Meo,-,27/05/2004,10
1848,(-),https://cqranking.com/common/flags/CHN.gif,ZHANG Huibin,MSS,14/07/2004,10
1849,(-),https://cqranking.com/common/flags/RSA.gif,SCHUTTE Ryno,-,25/01/2005,10
1850,(-),https://cqranking.com/common/flags/UAE.gif,ALHAJERI Abdulaziz,-,17/12/2003,10
1851,(2441),https://cqranking.com/common/flags/NOR.gif,VESLUM Sebastian,DRP,22/10/2005,10
1852,(-),https://cqranking.com/common/flags/BEL.gif,KEPPENS Cedric,VLD,10/03/2006,10
1853,(-),https://cqranking.com/common/flags/CRO.gif,BOSNJAK Fran,-,12/09/2003,10
1854,(-),https://cqranking.com/common/flags/ANG.gif,RODRIGUES Kilson,-,13/02/2007,10
1855,(2074),https://cqranking.com/common/flags/BIH.gif,MAHMUTOVIC Amir,-,04/09/1984,10
1856,(1713),https://cqranking.com/common/flags/ETH.gif,TESFAY Teklehaymanot Amanuel,MSR,23/06/2005,10
1857,(2713),https://cqranking.com/common/flags/ESP.gif,ZAFRA CORONELLAS Marc,SQD,22/09/2006,10
1858,(2294),https://cqranking.com/common/flags/FRA.gif,CHALEIL Louis,DCD,21/02/2006,10
1859,(-),https://cqranking.com/common/flags/INA.gif,HAFIZH Muhammad,ASC,07/04/2005,10
1860,(-),https://cqranking.com/common/flags/VEN.gif,MENDEZ CARRERO Arlex Jose,-,27/07/2005,10
1861,(1863),https://cqranking.com/common/flags/VIE.gif,NGO Van Phuong,-,11/07/1998,10
1862,(-),https://cqranking.com/common/flags/ITA.gif,FABBRO Riccardo,UTC,18/11/2006,10
1863,(-),https://cqranking.com/common/flags/IRL.gif,O'BRIEN Killian,TSL,04/04/2006,10
1864,(1402),https://cqranking.com/common/flags/KGZ.gif,MATKARIMOV Mukhammed Ali,BCT,29/07/2005,10
1865,(-),https://cqranking.com/common/flags/ITA.gif,CONSOLIDANI Leonardo,BVD,06/05/2006,10
1866,(1628),https://cqranking.com/common/flags/LES.gif,RAKAOTA Khotsofalang,-,15/08/2006,10
1867,(2180),https://cqranking.com/common/flags/INA.gif,ABI MANYU Julian,ASC,13/06/2006,10
1868,(2083),https://cqranking.com/common/flags/PHI.gif,LIM Nash Joshua,FRT,01/09/2002,10
1869,(2087),https://cqranking.com/common/flags/FIN.gif,AHTOSALO Matias,UNC,27/08/2003,10
1870,(2478),https://cqranking.com/common/flags/DOM.gif,DEL ROSARIO FELIX Juan Carlos,-,18/08/2003,10
1871,(2480),https://cqranking.com/common/flags/ESP.gif,RAMOS MURILLO Unai,EKP,24/09/2005,10
1872,(1874),https://cqranking.com/common/flags/ARM.gif,VARELJYAN Artur,-,21/09/2006,10
1873,(-),https://cqranking.com/common/flags/BUL.gif,SHIVIKOV Koycho,-,09/01/1990,10
1874,(-),https://cqranking.com/common/flags/GER.gif,MAUSS Moritz,UAZ,15/06/2007,10
1875,(-),https://cqranking.com/common/flags/AUT.gif,FUGGER Heimo,UAZ,14/11/2007,10
1876,(-),https://cqranking.com/common/flags/FRA.gif,JORGE Edgar,BAC,11/07/2005,10
1877,(1879),https://cqranking.com/common/flags/IND.gif,KUMAR Niraj,-,03/09/2004,10
1878,(-),https://cqranking.com/common/flags/USA.gif,BESHORE Garrett,MUZ,04/06/2007,10
1879,(-),https://cqranking.com/common/flags/USA.gif,LOKEY Kai,MUZ,30/12/2006,10
1880,(-),https://cqranking.com/common/flags/ITA.gif,GALBUSERA Pietro,XAD,10/09/2007,10
1881,(-),https://cqranking.com/common/flags/BRA.gif,ALMEIDA Luiz Fernando Bomfim,LMS,29/05/2006,10
1882,(-),https://cqranking.com/common/flags/RSA.gif,ERASMUS Alexander,TPC,12/02/2007,10
1883,(-),https://cqranking.com/common/flags/SIN.gif,YIP Ga Cheng,-,19/09/2007,10
1884,(-),https://cqranking.com/common/flags/AUS.gif,WAITES Thomas,STG,01/03/2007,10
1885,(-),https://cqranking.com/common/flags/BEN.gif,SAIZONOU Exodus,-,10/05/2007,10
1886,(-),https://cqranking.com/common/flags/NED.gif,SCHOUREN Jip,-,21/06/2007,10
1887,(-),https://cqranking.com/common/flags/GBR.gif,LOWDEN William,-,11/07/2003,10
1888,(-),https://cqranking.com/common/flags/LAO.gif,PHAPHO Volavath,-,04/08/1990,10
1889,(-),https://cqranking.com/common/flags/PUR.gif,RODRIGUEZ MORALES Angel,-,02/11/2006,10
1890,(-),https://cqranking.com/common/flags/SEN.gif,SOW Nar,-,02/01/1997,10
1891,(-),https://cqranking.com/common/flags/CPV.gif,BARRETO DA COSTA José Carlos,-,15/04/1999,10
1892,(-),https://cqranking.com/common/flags/ARG.gif,CEDEIRA Matias Nahuel,-,01/11/2001,10
1893,(-),https://cqranking.com/common/flags/FRA.gif,DEVEZ Thomas,-,10/02/2002,10
1894,(1596),https://cqranking.com/common/flags/BAR.gif,ELCOCK Russell,-,06/12/1993,9
1895,(-),https://cqranking.com/common/flags/KOR.gif,MIN Kyeong-ho,SCT,25/07/1996,9
1896,(2021),https://cqranking.com/common/flags/GUA.gif,TOC XON Fredy Orlando,-,19/09/1997,9
1897,(1340),https://cqranking.com/common/flags/GER.gif,NOLDE Tobias,VBG,09/12/1998,9
1898,(1889),https://cqranking.com/common/flags/GUM.gif,APONIK Dan,ECT,17/05/1972,9
1899,(-),https://cqranking.com/common/flags/ALG.gif,BENGAYOU Abdelraouf,MCA,07/07/1998,9
1900,(1391),https://cqranking.com/common/flags/GER.gif,HEMING Mika,ATT,06/04/2000,9
1901,(1086),https://cqranking.com/common/flags/GBR.gif,WOOD Harrison,CDF,14/06/2000,9
1902,(1748),https://cqranking.com/common/flags/KOS.gif,YMERI Albion,-,14/10/1995,9
1903,(2369),https://cqranking.com/common/flags/JPN.gif,ODA Hijiri,ART,23/11/1998,9
1904,(-),https://cqranking.com/common/flags/RUS.gif,IGOSHEV Egor,-,02/07/2002,9
1905,(1360),https://cqranking.com/common/flags/NED.gif,KRAMER Jesse,BCY,19/10/2003,9
1906,(1823),https://cqranking.com/common/flags/JPN.gif,MIYAZAKI Taishi,ABZ,05/09/1999,9
1907,(1253),https://cqranking.com/common/flags/ROU.gif,BUTA Catalin,MEN,12/05/2003,9
1908,(2249),https://cqranking.com/common/flags/MAS.gif,KEE Zhe Yie,TSG,18/01/2003,9
1909,(2143),https://cqranking.com/common/flags/BUL.gif,PETROV Yordan,-,26/12/2002,9
1910,(1901),https://cqranking.com/common/flags/MLT.gif,CAMILLERI John,-,23/06/1997,9
1911,(-),https://cqranking.com/common/flags/SUI.gif,SCHLEUNIGER Nicola,RRS,24/08/2003,9
1912,(2393),https://cqranking.com/common/flags/BEL.gif,BAERS Arne,BPL,27/03/2002,9
1913,(-),https://cqranking.com/common/flags/AUT.gif,HOLZKNECHT Jonas,TIR,09/11/2004,9
1914,(1399),https://cqranking.com/common/flags/SUI.gif,MÜLLER Jonas,CLN,06/09/2004,9
1915,(-),https://cqranking.com/common/flags/AUT.gif,TICHLER Thomas,WSA,23/05/2000,9
1916,(500),https://cqranking.com/common/flags/ERI.gif,GHEBREGERGISH Yoel Habteab,BAI,26/03/2004,9
1917,(1464),https://cqranking.com/common/flags/TUR.gif,EMISCI Ferhat,STC,25/10/2004,9
1918,(1697),https://cqranking.com/common/flags/CAN.gif,COUTURE Samuel,-,06/07/2004,9
1919,(1761),https://cqranking.com/common/flags/ITA.gif,BRUNO Andrea Alfio,-,04/02/2003,9
1920,(541),https://cqranking.com/common/flags/ESP.gif,GUARDEÑO ROMA Jaume,CJR,20/02/2003,9
1921,(2064),https://cqranking.com/common/flags/COL.gif,ARBOLEDA RUIZ Anderson,-,05/07/2001,9
1922,(-),https://cqranking.com/common/flags/POR.gif,BAPTISTA Gabriel Arantes,-,28/04/2005,9
1923,(1647),https://cqranking.com/common/flags/COL.gif,VELEZ RIVEROS Cristian Damian,ESC,16/02/2005,9
1924,(2069),https://cqranking.com/common/flags/UGA.gif,MUGALU Shafik,AMN,17/02/2005,9
1925,(2168),https://cqranking.com/common/flags/FRA.gif,MILLET Hugo,-,07/08/2002,9
1926,(-),https://cqranking.com/common/flags/GBR.gif,CHAPLIN Sam,-,08/03/2005,9
1927,(1095),https://cqranking.com/common/flags/RUS.gif,IVANOV Timofei,CDT,04/12/1990,9
1928,(-),https://cqranking.com/common/flags/ESP.gif,REY VAZQUEZ Martin,BBH,11/03/2003,9
1929,(-),https://cqranking.com/common/flags/ITA.gif,REMELLI Cristian,GEF,22/02/2006,9
1930,(-),https://cqranking.com/common/flags/BRA.gif,RIBEIRO Thales Fernando Areias,-,10/05/1991,9
1931,(2851),https://cqranking.com/common/flags/DEN.gif,CARSTENSEN Magnus,EFA,01/01/2006,9
1932,(2178),https://cqranking.com/common/flags/JPN.gif,MATSUI George,ART,25/02/2004,9
1933,(1097),https://cqranking.com/common/flags/SLO.gif,CENCIC Nejc,-,11/02/2000,9
1934,(-),https://cqranking.com/common/flags/SUI.gif,ZUMSTEG Nicola,BIE,03/01/2006,9
1935,(-),https://cqranking.com/common/flags/DEN.gif,ANDERSEN Noah Lindholm Møller,RBC,27/01/2007,9
1936,(-),https://cqranking.com/common/flags/NED.gif,MOURIS Michiel,RBC,07/02/2007,9
1937,(-),https://cqranking.com/common/flags/BEL.gif,MICHIELSEN Thor,LTF,17/08/2007,9
1938,(-),https://cqranking.com/common/flags/FRA.gif,PICARD Paul,SCO,04/10/2005,9
1939,(-),https://cqranking.com/common/flags/BEL.gif,DE GENDT Leander,BVD,04/09/2007,9
1940,(-),https://cqranking.com/common/flags/CRO.gif,LUKIC Leon,ADR,28/06/2007,9
1941,(-),https://cqranking.com/common/flags/NED.gif,WIGGERS Thijs,-,04/10/1995,9
1942,(-),https://cqranking.com/common/flags/GEO.gif,PAPIASHVILI Ivane,-,10/05/2004,9
1943,(-),https://cqranking.com/common/flags/BRA.gif,NASCIMENTO Rodrigo,LMS,23/06/1985,8
1944,(891),https://cqranking.com/common/flags/ITA.gif,PASQUALON Andrea,-,02/01/1988,8
1945,(821),https://cqranking.com/common/flags/ALG.gif,LAGAB Azzedine,MCA,18/09/1986,8
1946,(2104),https://cqranking.com/common/flags/VEN.gif,RIVAS MOLINA Angel Diosmede,-,23/12/1989,8
1947,(1595),https://cqranking.com/common/flags/JPN.gif,IRIBE Shotaro,-,01/08/1989,8
1948,(1223),https://cqranking.com/common/flags/DEN.gif,KLARIS Magnus Bak,GSH,23/01/1996,8
1949,(1478),https://cqranking.com/common/flags/HUN.gif,FILUTAS Viktor,-,28/09/1996,8
1950,(1183),https://cqranking.com/common/flags/BEL.gif,REYNDERS Jens,-,25/05/1998,8
1951,(2615),https://cqranking.com/common/flags/PAN.gif,GUERRA Sandi,-,17/06/1996,8
1952,(1541),https://cqranking.com/common/flags/USA.gif,ARNOPOL Richard,PEC,10/05/1992,8
1953,(-),https://cqranking.com/common/flags/NZL.gif,WILDE Hayden,-,01/09/1997,8
1954,(1948),https://cqranking.com/common/flags/SUI.gif,BÖGLI Noah,EFC,01/08/1996,8
1955,(1951),https://cqranking.com/common/flags/ITA.gif,PEZZO ROSOLA Kevin,GEF,30/11/2002,8
1956,(1301),https://cqranking.com/common/flags/GER.gif,THEILER Ole,RRN,08/10/2002,8
1957,(1679),https://cqranking.com/common/flags/ARG.gif,DIAZ Adrian Lorenzo,-,14/06/1998,8
1958,(1354),https://cqranking.com/common/flags/ITA.gif,PARRAVANO Francesco,MGK,17/12/2000,8
1959,(403),https://cqranking.com/common/flags/ERI.gif,ARAYA Nahom Zeray,TUK,12/09/2002,8
1960,(-),https://cqranking.com/common/flags/ECU.gif,SALGADO LOZA Josue Andres,-,20/10/1994,8
1961,(1356),https://cqranking.com/common/flags/GRE.gif,DRAKOS Nikolaos Michail,TUS,18/07/2002,8
1962,(-),https://cqranking.com/common/flags/ITA.gif,BIANCALANI Andrea,BTC,24/10/2000,8
1963,(2044),https://cqranking.com/common/flags/ALG.gif,BADLIS Slimane,-,16/10/2002,8
1964,(2135),https://cqranking.com/common/flags/SUI.gif,JANSSEN Christoph,FNX,28/04/2000,8
1965,(-),https://cqranking.com/common/flags/BEL.gif,BERNARD Thibaut,LWD,15/01/2003,8
1966,(-),https://cqranking.com/common/flags/URU.gif,HERNANDEZ COUSSAN Christian Nahuel,-,16/07/1998,8
1967,(2812),https://cqranking.com/common/flags/FRA.gif,BOULET Enzo,VVB,26/02/2003,8
1968,(-),https://cqranking.com/common/flags/DEN.gif,MIKKELSEN Pelle Køster,GSH,25/04/2003,8
1969,(1234),https://cqranking.com/common/flags/MEX.gif,MUÑIZ VASQUEZ Jose Ramon,CAJ,19/04/2002,8
1970,(-),https://cqranking.com/common/flags/GBR.gif,ASKEY Ben,-,14/03/2004,8
1971,(-),https://cqranking.com/common/flags/CAN.gif,COWAN Quentin,-,25/11/2003,8
1972,(2668),https://cqranking.com/common/flags/DEN.gif,NIELSEN Magnus Lorents,-,23/11/2003,8
1973,(-),https://cqranking.com/common/flags/POR.gif,DOMINGUES Duarte,LAA,29/02/2004,8
1974,(1146),https://cqranking.com/common/flags/AUS.gif,HEFFERNAN William,CBW,13/12/2004,8
1975,(1619),https://cqranking.com/common/flags/CAN.gif,MATTERN Carson,-,24/02/2004,8
1976,(2262),https://cqranking.com/common/flags/INA.gif,HERLANGGA Muhammad,NCT,09/11/2001,8
1977,(-),https://cqranking.com/common/flags/UKR.gif,TODOROV Anatoliy,-,29/09/1993,8
1978,(2544),https://cqranking.com/common/flags/BEL.gif,SQUIRE Ben,-,07/08/2001,8
1979,(1569),https://cqranking.com/common/flags/TTO.gif,TREPTE Liam,-,04/12/2002,8
1980,(1330),https://cqranking.com/common/flags/BEL.gif,VANDEN HEEDE Lars,SQD,18/03/2005,8
1981,(-),https://cqranking.com/common/flags/GBR.gif,PRITCHARD Alexander,TND,05/06/1996,8
1982,(1971),https://cqranking.com/common/flags/DEN.gif,HELLERUP Malte,TCQ,07/04/2004,8
1983,(1465),https://cqranking.com/common/flags/FRA.gif,FAYOLLE Jean-Loup,CIC,15/06/2005,8
1984,(2274),https://cqranking.com/common/flags/BRA.gif,RABELO Euller Magno,-,09/12/1998,8
1985,(2547),https://cqranking.com/common/flags/BRA.gif,LEME Pedro Figueiredo,LMS,21/04/2001,8
1986,(1315),https://cqranking.com/common/flags/CPV.gif,CRUZ Patrick Nelio,-,26/12/2001,8
1987,(2159),https://cqranking.com/common/flags/NED.gif,VERGOUW Julian,MET,28/09/2005,8
1988,(1238),https://cqranking.com/common/flags/ALB.gif,DE FABRITIIS Gabriele,GSC,19/01/2005,8
1989,(1705),https://cqranking.com/common/flags/POL.gif,MASLAK Piotr,VOS,15/12/2003,8
1990,(1913),https://cqranking.com/common/flags/NED.gif,SWENNE Delano,VWE,31/08/2002,8
1991,(2164),https://cqranking.com/common/flags/LAT.gif,HARKINS Girts,-,05/10/2005,8
1992,(2166),https://cqranking.com/common/flags/NED.gif,VAN REES Christiaan,DPP,28/04/2005,8
1993,(1648),https://cqranking.com/common/flags/GBR.gif,ARMITT Hamish,TNN,24/06/2002,8
1994,(-),https://cqranking.com/common/flags/IRL.gif,CAULFIELD-DREIER Stefan,-,25/02/2003,8
1995,(-),https://cqranking.com/common/flags/CZE.gif,KERL Maximilian,FGI,21/09/2004,8
1996,(-),https://cqranking.com/common/flags/FRA.gif,RULLIER Hans,-,27/01/2004,8
1997,(-),https://cqranking.com/common/flags/NED.gif,KORTLEVE Bart,MET,23/10/2004,8
1998,(1915),https://cqranking.com/common/flags/ITA.gif,STELLA Davide,UAZ,14/04/2006,8
1999,(-),https://cqranking.com/common/flags/ITA.gif,VIEZZI Stefano,APD,05/02/2006,8
2000,(2299),https://cqranking.com/common/flags/POL.gif,LEWANDOWSKI Dawid,NDT,04/04/2006,8
2001,(-),https://cqranking.com/common/flags/AUS.gif,BAUDRY Julian,TBN,20/09/2006,8
2002,(-),https://cqranking.com/common/flags/SLO.gif,OBLAK Gal,FRT,25/08/2006,8
2003,(1918),https://cqranking.com/common/flags/RSA.gif,GORDGE Kieran,HBG,29/06/2005,8
2004,(-),https://cqranking.com/common/flags/BEL.gif,TIRRY Arthur,-,29/10/2005,8
2005,(-),https://cqranking.com/common/flags/FRA.gif,BERGAUD Sacha,SCO,01/10/2006,8
2006,(-),https://cqranking.com/common/flags/AUS.gif,GALLAGHER Oscar,CBW,09/11/2006,8
2007,(-),https://cqranking.com/common/flags/ITA.gif,QUAGLIA Tommaso,PAD,06/03/2006,8
2008,(1989),https://cqranking.com/common/flags/ITA.gif,TRAVELLA Nicholas,BIE,05/02/2006,8
2009,(-),https://cqranking.com/common/flags/CAN.gif,ROY Jacob,PEC,30/11/2006,8
2010,(2095),https://cqranking.com/common/flags/LTU.gif,KLIMAVICIUS Nikolas,ENT,08/03/2006,8
2011,(-),https://cqranking.com/common/flags/POL.gif,BEBEN Szymon,-,12/01/2006,8
2012,(1991),https://cqranking.com/common/flags/BEL.gif,GOOSSENS Simon,APD,15/09/1999,8
2013,(-),https://cqranking.com/common/flags/ISR.gif,TOBUL Yair,-,09/09/2006,8
2014,(-),https://cqranking.com/common/flags/BEL.gif,RAUS Jérôme,AIX,25/06/2003,8
2015,(-),https://cqranking.com/common/flags/GBR.gif,AMEY Oscar,NDT,28/12/2007,8
2016,(-),https://cqranking.com/common/flags/AUT.gif,HOFER Valentin,BVD,05/02/2007,8
2017,(-),https://cqranking.com/common/flags/ALG.gif,HAMZAOUI Mohamed Amine,MPT,20/10/2007,8
2018,(-),https://cqranking.com/common/flags/NZL.gif,JONES Cameron,-,28/11/2000,8
2019,(-),https://cqranking.com/common/flags/BOL.gif,SANCHEZ NAVIA Mario,-,25/03/2007,8
2020,(-),https://cqranking.com/common/flags/NED.gif,VEENIS Vigo,-,09/05/2006,8
2021,(-),https://cqranking.com/common/flags/RUS.gif,GRECHISHKIN Vadim,-,11/07/2007,8
2022,(-),https://cqranking.com/common/flags/LUX.gif,LANG Yannis,-,14/11/2007,8
2023,(-),https://cqranking.com/common/flags/BEL.gif,COOMAN Kjell,-,03/03/2003,8
2024,(-),https://cqranking.com/common/flags/KEN.gif,MUNGAI Kenneth Karaya,-,27/01/1996,8
2025,(-),https://cqranking.com/common/flags/GBS.gif,IE Ivanildo,-,06/02/1998,8
2026,(1994),https://cqranking.com/common/flags/BAR.gif,CLARKE Philip,-,31/12/1974,7
2027,(-),https://cqranking.com/common/flags/VEN.gif,GIL BRICEÑO Gusneiver Jose,-,09/05/1987,7
2028,(736),https://cqranking.com/common/flags/THA.gif,CHAWCHIANGKWANG Peerapol,TCC,17/10/1986,7
2029,(1404),https://cqranking.com/common/flags/ROU.gif,GROSU Eduard-Michael,-,04/09/1992,7
2030,(1432),https://cqranking.com/common/flags/ZAM.gif,SAKALA Yanjanani,-,16/05/1988,7
2031,(1319),https://cqranking.com/common/flags/COL.gif,OYOLA OYOLA Robigzon Leandro,MED,10/08/1988,7
2032,(2004),https://cqranking.com/common/flags/ANG.gif,MARCELINO Dario Antonio,-,22/10/1992,7
2033,(-),https://cqranking.com/common/flags/PER.gif,GAMERO ZUÑIGA Alonso Miguel,-,23/12/1992,7
2034,(2006),https://cqranking.com/common/flags/IND.gif,JOHN Naveen Thomus,-,07/04/1986,7
2035,(2191),https://cqranking.com/common/flags/GER.gif,MERSEBURG Dominik,-,15/09/1991,7
2036,(-),https://cqranking.com/common/flags/COL.gif,PARRA ARIAS Jordan Arley,-,19/04/1994,7
2037,(1885),https://cqranking.com/common/flags/JPN.gif,ARASHIRO Yudai,KIN,03/07/1995,7
2038,(-),https://cqranking.com/common/flags/BLR.gif,KARALIOK Yauheni,-,09/06/1996,7
2039,(1601),https://cqranking.com/common/flags/LAO.gif,PHONASA Thavone,-,12/01/1994,7
2040,(2015),https://cqranking.com/common/flags/AUS.gif,BURTON Matthew,-,20/01/1988,7
2041,(-),https://cqranking.com/common/flags/EGY.gif,ADEL ELZOGHABY Abdelrahman,-,18/11/1997,7
2042,(2784),https://cqranking.com/common/flags/GER.gif,HOMRIGHAUSEN Heiko,-,05/04/1997,7
2043,(1439),https://cqranking.com/common/flags/MLI.gif,DIALLO Yaya,-,15/01/1997,7
2044,(-),https://cqranking.com/common/flags/UAE.gif,ALKAABI Saif Mayouf,-,11/08/1995,7
2045,(2024),https://cqranking.com/common/flags/GUM.gif,MARTIN Jonathan,ECT,09/10/1985,7
2046,(1791),https://cqranking.com/common/flags/RWA.gif,UWIDUHAYE Mike Paul,BBT,15/08/1997,7
2047,(-),https://cqranking.com/common/flags/NCA.gif,VALLE MOLINA Larry Reyn,-,31/10/1995,7
2048,(1082),https://cqranking.com/common/flags/NED.gif,VAN SINTMAARTENSDIJK Daan,BCY,11/06/1998,7
2049,(-),https://cqranking.com/common/flags/GUA.gif,BORON RABINAL Melvin Daniel,-,20/06/1998,7
2050,(1384),https://cqranking.com/common/flags/COL.gif,OCAMPO GIRALDO Victor Alejandro,MED,19/06/1999,7
2051,(2200),https://cqranking.com/common/flags/USA.gif,MCGILL Scott,MAP,20/09/1998,7
2052,(2028),https://cqranking.com/common/flags/UKR.gif,HRYNIV Vitaliy,-,05/04/1995,7
2053,(1388),https://cqranking.com/common/flags/ETH.gif,ABREHA Negasi Haylu,IPD,09/05/2000,7
2054,(2360),https://cqranking.com/common/flags/EGY.gif,ELSAIFY Hassan,-,09/04/1998,7
2055,(2122),https://cqranking.com/common/flags/CAN.gif,MILES Carson,ACR,02/07/2000,7
2056,(1667),https://cqranking.com/common/flags/PHI.gif,LUCERO Jericho Jay,G4G,21/11/1999,7
2057,(2517),https://cqranking.com/common/flags/ITA.gif,BELLERI Michael,BTC,13/05/1999,7
2058,(1743),https://cqranking.com/common/flags/NCA.gif,GUIDO VANEGAS Luis Carlos,-,18/10/2001,7
2059,(1745),https://cqranking.com/common/flags/FRA.gif,LE NY Jean-Louis,VCR,29/01/1998,7
2060,(-),https://cqranking.com/common/flags/NZL.gif,WATTS Kiaan,NDT,27/07/2001,7
2061,(-),https://cqranking.com/common/flags/UKR.gif,BILYI Maksym,-,16/01/2001,7
2062,(-),https://cqranking.com/common/flags/BIH.gif,SELIMOVIC Husein,-,04/01/2001,7
2063,(2631),https://cqranking.com/common/flags/MDA.gif,MORGUN Genadii,-,18/01/2003,7
2064,(2800),https://cqranking.com/common/flags/POL.gif,PROKOPYSZYN Filip,-,10/08/2000,7
2065,(2522),https://cqranking.com/common/flags/POL.gif,MUSIALIK Jakub,LPP,06/03/2002,7
2066,(2232),https://cqranking.com/common/flags/DEN.gif,BAK Simon,TGS,02/12/2000,7
2067,(-),https://cqranking.com/common/flags/AZE.gif,GURBANOV Ali,-,23/10/2000,7
2068,(2646),https://cqranking.com/common/flags/BOL.gif,ARAMAYO VILLENA Jose Manuel,PRC,15/08/2002,7
2069,(-),https://cqranking.com/common/flags/NOR.gif,FJELLHEIM Henrik Teslo,LCT,01/01/2001,7
2070,(2380),https://cqranking.com/common/flags/MLI.gif,DJIRE Daouda,-,06/11/1998,7
2071,(2384),https://cqranking.com/common/flags/FRA.gif,NILSSON-JULIEN Oscar,AIX,10/01/2002,7
2072,(1070),https://cqranking.com/common/flags/BEN.gif,SODJEDE Ricardo Chilvers,-,26/05/2001,7
2073,(-),https://cqranking.com/common/flags/BUR.gif,MOUNI Vincent,-,22/01/2000,7
2074,(1827),https://cqranking.com/common/flags/BEL.gif,WYSEURE Joran,APD,09/01/2001,7
2075,(1456),https://cqranking.com/common/flags/GBR.gif,MACKIE Ewan,-,12/07/2002,7
2076,(-),https://cqranking.com/common/flags/INA.gif,RAMADHAN Ilham Dzikri,NCT,14/12/2001,7
2077,(-),https://cqranking.com/common/flags/HKG.gif,NG Wing Chung,QPT,18/06/1998,7
2078,(-),https://cqranking.com/common/flags/SVK.gif,HOZA Denis,DKB,12/12/2002,7
2079,(2665),https://cqranking.com/common/flags/ITA.gif,VOLPATO Leonardo,CMP,14/12/2004,7
2080,(2055),https://cqranking.com/common/flags/TPE.gif,XU Shi Ru,-,16/10/2003,7
2081,(1500),https://cqranking.com/common/flags/GBR.gif,HICKS Dylan,UNC,05/04/2004,7
2082,(2061),https://cqranking.com/common/flags/ANT.gif,MACK Newell,-,03/02/1984,7
2083,(2412),https://cqranking.com/common/flags/SWE.gif,CARLSSON Jimmy,-,10/09/1989,7
2084,(2682),https://cqranking.com/common/flags/BRA.gif,MOLINA Igor Teodoro,-,12/02/1999,7
2085,(-),https://cqranking.com/common/flags/MAS.gif,MOHD NAWAWI Muhamad Iqbal Daniel,MPC,09/05/2004,7
2086,(1911),https://cqranking.com/common/flags/IVB.gif,SMITH Calvin,-,19/07/1981,7
2087,(-),https://cqranking.com/common/flags/SIN.gif,POON Chung Kiat,-,04/01/1974,7
2088,(1573),https://cqranking.com/common/flags/ECU.gif,MONTEROS ROMERO Luis Javier,BES,12/09/2003,7
2089,(1626),https://cqranking.com/common/flags/SLO.gif,GLADEK Marcel,FRT,31/07/2005,7
2090,(2281),https://cqranking.com/common/flags/CHN.gif,YU Jiaqing,CAT,05/08/2004,7
2091,(-),https://cqranking.com/common/flags/FRA.gif,DEVROUTE Corentin,-,08/10/2003,7
2092,(1375),https://cqranking.com/common/flags/ESP.gif,AZANZA BURUSCO Ibai,EKP,22/02/2004,7
2093,(2170),https://cqranking.com/common/flags/FRA.gif,GREGOIRE Baptiste,CGF,13/02/2006,7
2094,(2450),https://cqranking.com/common/flags/LCA.gif,JOSEPH Eltus,-,11/01/2004,7
2095,(-),https://cqranking.com/common/flags/LBN.gif,PANAYOT Alexander,-,20/07/1983,7
2096,(-),https://cqranking.com/common/flags/CPV.gif,MIKLOS Mota,-,07/02/2006,7
2097,(2555),https://cqranking.com/common/flags/CHN.gif,YANG Mingsen,CCT,12/03/2005,7
2098,(-),https://cqranking.com/common/flags/BUL.gif,ZLATEV Radostin,-,28/12/2005,7
2099,(-),https://cqranking.com/common/flags/BOT.gif,KELAOTSWE Gomolemo,-,01/09/2004,7
2100,(-),https://cqranking.com/common/flags/ITA.gif,SCARSO Andrea,PAD,29/04/2005,7
2101,(-),https://cqranking.com/common/flags/FRA.gif,GRIECO Lucas,AIX,25/06/2003,7
2102,(-),https://cqranking.com/common/flags/AUS.gif,SMITH Jeremy,OCT,02/10/2006,7
2103,(-),https://cqranking.com/common/flags/ITA.gif,FERMANELLI Marco,IPD,11/10/2003,7
2104,(-),https://cqranking.com/common/flags/TUR.gif,CICEK Mehmet Emin,KBB,02/02/2006,7
2105,(2085),https://cqranking.com/common/flags/JAM.gif,DIXON Jaequan,-,20/06/2006,7
2106,(-),https://cqranking.com/common/flags/CHI.gif,RAMIREZ VERA Cristobal Ignacio,-,06/02/2001,7
2107,(2470),https://cqranking.com/common/flags/ARG.gif,BROGGI German Ezequiel,-,08/08/1985,7
2108,(2568),https://cqranking.com/common/flags/SWE.gif,PERSSON Hugo,UNC,08/01/2005,7
2109,(-),https://cqranking.com/common/flags/AND.gif,MORA VIUDUZ Gerard,-,02/12/2006,7
2110,(2737),https://cqranking.com/common/flags/FIN.gif,TEPPO Petja,UNC,18/05/2006,7
2111,(2314),https://cqranking.com/common/flags/SWE.gif,MELLBY Joel,LUC,03/08/2006,7
2112,(1652),https://cqranking.com/common/flags/BEL.gif,HILLEN Michiel,BPL,29/06/1999,7
2113,(2753),https://cqranking.com/common/flags/BAH.gif,MUSGROVE Barron,-,26/07/2005,7
2114,(-),https://cqranking.com/common/flags/MAR.gif,ECHCHAIB Mouhcine,-,26/09/2001,7
2115,(2094),https://cqranking.com/common/flags/ARM.gif,AVETISYAN Ruben,-,7,
2116,(-),https://cqranking.com/common/flags/ETH.gif,LEMA Yared,-,20/05/2006,7
2117,(2097),https://cqranking.com/common/flags/AIA.gif,PROCTOR Carvin,-,19/12/1999,7
2118,(-),https://cqranking.com/common/flags/BIH.gif,SAVIC Zivko,-,07/10/1987,7
2119,(-),https://cqranking.com/common/flags/ESA.gif,REYES CANALES Denis Stiven,-,10/12/2000,7
2120,(2763),https://cqranking.com/common/flags/CAY.gif,MORGAN Carl,-,25/08/1998,7
2121,(-),https://cqranking.com/common/flags/ZAM.gif,MAZABUKA Mathews,-,10/07/2000,7
2122,(-),https://cqranking.com/common/flags/BOT.gif,KHONOFU Rebaone,-,13/04/2006,7
2123,(2767),https://cqranking.com/common/flags/CAY.gif,THOMPSON Ryan,-,28/10/2009,7
2124,(-),https://cqranking.com/common/flags/BEL.gif,DE NEVE Joerik,-,30/08/1999,7
2125,(-),https://cqranking.com/common/flags/FRA.gif,COUDIERE-CANTIN Timothée,VDU,09/10/2007,7
2126,(-),https://cqranking.com/common/flags/FRA.gif,BLANC Gustave,RBC,27/03/2007,7
2127,(-),https://cqranking.com/common/flags/ITA.gif,SERANGELI Giacomo,HBG,18/09/2007,7
2128,(2102),https://cqranking.com/common/flags/IND.gif,PATIL Siddihesh,-,30/01/2004,7
2129,(-),https://cqranking.com/common/flags/ITA.gif,GUGLIELMI Lorenzo,SOA,27/06/2007,7
2130,(-),https://cqranking.com/common/flags/COL.gif,BRAVO PAREJA Felipe,GES,23/03/2007,7
2131,(-),https://cqranking.com/common/flags/PHI.gif,MANDAC Marvin,G4G,07/10/2007,7
2132,(-),https://cqranking.com/common/flags/SLO.gif,STAJNAR Gasper,PGL,12/06/2007,7
2133,(-),https://cqranking.com/common/flags/ZIM.gif,RAVLA Prateek,-,30/04/2007,7
2134,(-),https://cqranking.com/common/flags/GRE.gif,APOSTOLOPOULOS Eleftherios,-,24/07/2007,7
2135,(-),https://cqranking.com/common/flags/GUY.gif,KEILER Marcus,-,23/07/1999,7
2136,(-),https://cqranking.com/common/flags/BEN.gif,GANDAHO Maurice Coffi Charbel,-,22/09/2006,7
2137,(-),https://cqranking.com/common/flags/MAC.gif,LIU Qihua,-,01/07/2001,7
2138,(-),https://cqranking.com/common/flags/SWZ.gif,MNISI Samkeliso,-,26/12/1999,7
2139,(-),https://cqranking.com/common/flags/MNE.gif,VUCKOVIC Jovan,-,20/01/2005,7
2140,(-),https://cqranking.com/common/flags/SLO.gif,KOVACIC Miran,-,13/09/1995,7
2141,(-),https://cqranking.com/common/flags/MKD.gif,ILIJEVSKI Ivan,-,15/07/2005,7
2142,(-),https://cqranking.com/common/flags/DOM.gif,MARTE VALDEZ Roger,-,05/07/2004,7
2143,(-),https://cqranking.com/common/flags/MKD.gif,KRSTOV Mihail,-,13/12/2001,7
2144,(-),https://cqranking.com/common/flags/SEN.gif,FALL Dame,-,05/03/2004,7
2145,(-),https://cqranking.com/common/flags/BUL.gif,VAN DER MERWE Nicholas,-,11/01/2007,7
2146,(-),https://cqranking.com/common/flags/BUL.gif,HADZHISTOYANOV Borislav,-,03/11/2005,7
2147,(-),https://cqranking.com/common/flags/SEY.gif,BRUTUS Derick,-,7,
2148,(-),https://cqranking.com/common/flags/LES.gif,MNTUYEDWA Lisakhanya,-,08/01/2006,7
2149,(-),https://cqranking.com/common/flags/NED.gif,BOCXE Stein,-,18/02/2005,7
2150,(-),https://cqranking.com/common/flags/ECU.gif,HUERA MONTENEGRO Dauleth,-,06/02/2006,7
2151,(763),https://cqranking.com/common/flags/ESP.gif,SEVILLA RIVERA Oscar Miguel,MED,29/09/1976,6
2152,(-),https://cqranking.com/common/flags/NED.gif,SMITS Florian,-,16/10/1981,6
2153,(1257),https://cqranking.com/common/flags/FRA.gif,LEBAS Thomas,-,14/12/1985,6
2154,(-),https://cqranking.com/common/flags/IRI.gif,OLAMAEI Mahdi,-,09/02/1987,6
2155,(-),https://cqranking.com/common/flags/VEN.gif,ABREU SOLER Daniel Miguel,-,22/01/1986,6
2156,(737),https://cqranking.com/common/flags/POL.gif,BERNAS Pawel,VOS,24/05/1990,6
2157,(789),https://cqranking.com/common/flags/ITA.gif,CONTI Valerio,TFT,30/03/1993,6
2158,(1736),https://cqranking.com/common/flags/FRA.gif,LECROQ Jérémy,AUB,07/04/1995,6
2159,(-),https://cqranking.com/common/flags/JPN.gif,ASO Keisuke,SPA,14/04/1992,6
2160,(-),https://cqranking.com/common/flags/ARG.gif,LOPARDO Lucas,-,25/09/1986,6
2161,(-),https://cqranking.com/common/flags/URU.gif,ANCHIERI ZUNINO Pablo Sebastian,-,18/04/1989,6
2162,(-),https://cqranking.com/common/flags/COL.gif,HOYOS CANO Juan Diego,ESC,10/12/1996,6
2163,(-),https://cqranking.com/common/flags/COL.gif,COLON BUELVAS Johan Antonio,GES,26/08/1995,6
2164,(1936),https://cqranking.com/common/flags/PAN.gif,LORENZO Randish Abdul,-,24/05/1997,6
2165,(2116),https://cqranking.com/common/flags/COL.gif,CAÑAVERAL VARGAS Jonathan,-,02/11/1996,6
2166,(-),https://cqranking.com/common/flags/GUA.gif,CALI SEN Wilder,-,09/12/2002,6
2167,(-),https://cqranking.com/common/flags/GRE.gif,KYRIAKIDIS Ioannis,-,14/07/1998,6
2168,(2356),https://cqranking.com/common/flags/GBR.gif,JOBBER James,THT,09/01/1994,6
2169,(1085),https://cqranking.com/common/flags/POL.gif,KOSTANSKI Mateusz,LPP,03/05/1999,6
2170,(1129),https://cqranking.com/common/flags/ROU.gif,MOLDANSKY Gerhard-Cristin,MEN,24/12/1999,6
2171,(-),https://cqranking.com/common/flags/IRL.gif,SMITH Luke,-,19/01/1999,6
2172,(-),https://cqranking.com/common/flags/POR.gif,VIEGAS Daniel Pedroso,ALL,05/01/1998,6
2173,(-),https://cqranking.com/common/flags/RUS.gif,NOVIKOV Savva,-,27/07/1999,6
2174,(2121),https://cqranking.com/common/flags/FIJ.gif,KUMAR Umendra,-,6,
2175,(-),https://cqranking.com/common/flags/COL.gif,MENDEZ NOREÑA Daniel Alejandro,MED,02/06/2000,6
2176,(-),https://cqranking.com/common/flags/PHI.gif,BONDOC Rench Michael Abarca,G4G,11/08/2001,6
2177,(1492),https://cqranking.com/common/flags/AUT.gif,SCHMIDBAUER Maximilian,SIC,23/12/2001,6
2178,(1494),https://cqranking.com/common/flags/LAT.gif,VINDECS Agris,-,05/07/2001,6
2179,(2632),https://cqranking.com/common/flags/CHN.gif,WANG Ruidong,LNS,08/07/2000,6
2180,(1048),https://cqranking.com/common/flags/ETH.gif,REDAE Tesfu Bizaye,MPT,05/12/2002,6
2181,(-),https://cqranking.com/common/flags/NED.gif,JACOBS Arne,-,25/10/1997,6
2182,(-),https://cqranking.com/common/flags/TUR.gif,OZKALBIM Kaan Soylu,STC,12/10/2002,6
2183,(-),https://cqranking.com/common/flags/CHN.gif,HU Renhao,CDT,04/06/2001,6
2184,(-),https://cqranking.com/common/flags/ROU.gif,PESCARU Patrick,-,13/03/2002,6
2185,(-),https://cqranking.com/common/flags/FRA.gif,BARAN Simon,VVB,12/11/2002,6
2186,(2236),https://cqranking.com/common/flags/BEL.gif,CLAEYS Robbe,VWE,13/11/2000,6
2187,(2136),https://cqranking.com/common/flags/FRA.gif,URCEL Damien,-,21/03/1997,6
2188,(-),https://cqranking.com/common/flags/COL.gif,HOYOS LARGO Daniel David,-,03/12/1994,6
2189,(2139),https://cqranking.com/common/flags/MEX.gif,REYES MORALES Jose Miguel,-,20/05/2002,6
2190,(-),https://cqranking.com/common/flags/FRA.gif,CARTY Jahkim,NMC,12/09/2006,6
2191,(2823),https://cqranking.com/common/flags/GER.gif,APPELBAUM Henri Johannes,TSM,30/10/2004,6
2192,(2824),https://cqranking.com/common/flags/NZL.gif,RUSH Christian,FAS,10/12/2001,6
2193,(1908),https://cqranking.com/common/flags/BEN.gif,SAIZONOU Glorad,-,30/07/2004,6
2194,(1622),https://cqranking.com/common/flags/AZE.gif,ISRAFILOV Tural,-,15/12/2006,6
2195,(2414),https://cqranking.com/common/flags/CAN.gif,PARRISH Campbell,-,13/12/2004,6
2196,(1570),https://cqranking.com/common/flags/BUL.gif,PALASHEV Borislav,BKC,13/05/2002,6
2197,(2685),https://cqranking.com/common/flags/MGL.gif,INJYENYER Bilguun,-,31/05/2004,6
2198,(-),https://cqranking.com/common/flags/FRA.gif,FONTAINE Titouan,GFC,20/06/2005,6
2199,(-),https://cqranking.com/common/flags/NED.gif,HAYMA Karst,MET,16/10/2005,6
2200,(-),https://cqranking.com/common/flags/ITA.gif,ROSSETTI Thomas,GEF,10/01/2005,6
2201,(1973),https://cqranking.com/common/flags/ECU.gif,PITA HIDROBO Alejandro Bladimir,-,08/08/2004,6
2202,(-),https://cqranking.com/common/flags/BRA.gif,LAZZARI Cristian Luis,-,12/08/1999,6
2203,(1575),https://cqranking.com/common/flags/ITA.gif,SIERRA Juan David,TUU,25/01/2005,6
2204,(-),https://cqranking.com/common/flags/POR.gif,RIBEIRO Andre,GSU,20/08/2004,6
2205,(-),https://cqranking.com/common/flags/ITA.gif,SAMBINELLO Mattia,HBG,03/11/2005,6
2206,(-),https://cqranking.com/common/flags/ITA.gif,MOTTES Lorenzo,UTC,15/09/2005,6
2207,(-),https://cqranking.com/common/flags/NZL.gif,ERWOOD Marshall,NZP,22/02/2005,6
2208,(-),https://cqranking.com/common/flags/ITA.gif,BAGNARA Luca,IPD,02/12/2003,6
2209,(-),https://cqranking.com/common/flags/BEL.gif,INION Sander,-,08/07/2003,6
2210,(-),https://cqranking.com/common/flags/NOR.gif,WIKANDER Tord Aasgaard,-,18/10/2004,6
2211,(2699),https://cqranking.com/common/flags/ALG.gif,ESSEMIANI Nasrallah Mohamed Aissa,MPT,02/02/2005,6
2212,(-),https://cqranking.com/common/flags/GBR.gif,TRBOVIC Nicholas,-,22/04/1991,6
2213,(2701),https://cqranking.com/common/flags/IRL.gif,INGLIS Ian,-,09/04/1994,6
2214,(-),https://cqranking.com/common/flags/ESP.gif,FRANQUESA PRATS Adria,OCT,16/01/2004,6
2215,(-),https://cqranking.com/common/flags/BEL.gif,VAN STRIJTHEM Matijs,SQD,14/03/2006,6
2216,(1862),https://cqranking.com/common/flags/BEL.gif,TORNEY Artuur,TFB,01/09/2003,6
2217,(2174),https://cqranking.com/common/flags/BEL.gif,BOUSSEMAERE Louic,DCD,26/08/2006,6
2218,(-),https://cqranking.com/common/flags/VEN.gif,QUINTERO DUARTE Antoni Samuel,-,12/02/2005,6
2219,(-),https://cqranking.com/common/flags/FRA.gif,MASSA Dylan,NMC,14/02/2006,6
2220,(2852),https://cqranking.com/common/flags/SWE.gif,LARSSON Linus,EFA,21/07/2006,6
2221,(-),https://cqranking.com/common/flags/HUN.gif,KARPATI Balint,-,14/12/2005,6
2222,(-),https://cqranking.com/common/flags/ESP.gif,GOMEZ LOPEZ DE GOICOECHEA Iker,EKP,27/03/2006,6
2223,(-),https://cqranking.com/common/flags/ESP.gif,FERNANDEZ HERES Samuel,EUS,14/05/2003,6
2224,(-),https://cqranking.com/common/flags/ARG.gif,DUQUE CANO Mateo,-,13/09/2005,6
2225,(1200),https://cqranking.com/common/flags/NED.gif,JONKMANS Tom,-,21/04/2002,6
2226,(1589),https://cqranking.com/common/flags/HUN.gif,GROSZ Gergo,FAS,15/10/2006,6
2227,(2748),https://cqranking.com/common/flags/UZB.gif,MOVLONBERDIYEV Mustafo,-,28/05/2006,6
2228,(-),https://cqranking.com/common/flags/NED.gif,BRASPENNING Martijn,-,12/06/2006,6
2229,(2491),https://cqranking.com/common/flags/ERI.gif,ALEM Yosief,-,18/06/2006,6
2230,(-),https://cqranking.com/common/flags/ITA.gif,BERTOLLI Samuel,TFD,29/05/2005,6
2231,(-),https://cqranking.com/common/flags/BEL.gif,DE DOBBELAERE Born,VWE,18/07/2005,6
2232,(2886),https://cqranking.com/common/flags/BEL.gif,BONROY Max,-,28/06/2003,6
2233,(-),https://cqranking.com/common/flags/ITA.gif,BARUZZI Francesco,VLD,03/01/2007,6
2234,(-),https://cqranking.com/common/flags/FRA.gif,CORON Justin,VCR,30/07/2005,6
2235,(-),https://cqranking.com/common/flags/BEL.gif,JACOBS Lennes,DPP,15/12/2007,6
2236,(-),https://cqranking.com/common/flags/CZE.gif,MATEJEK Simon,FRT,11/07/2007,6
2237,(-),https://cqranking.com/common/flags/ESP.gif,ROTA RUS Oscar,BOA,19/02/2002,6
2238,(-),https://cqranking.com/common/flags/GBR.gif,GREENWELL Samuel,LWD,18/06/2007,6
2239,(-),https://cqranking.com/common/flags/GBR.gif,HINDS Max,NIA,09/04/2007,6
2240,(-),https://cqranking.com/common/flags/POR.gif,REIS Rafael Miguel,CDF,30/03/2007,6
2241,(-),https://cqranking.com/common/flags/COL.gif,CALDERON PALACIO Jeronimo,ESC,08/01/2007,6
2242,(-),https://cqranking.com/common/flags/GBR.gif,WALSHAM Sam,-,13/03/2000,6
2243,(-),https://cqranking.com/common/flags/GBR.gif,DAINTY Harrison,-,14/07/2007,6
2244,(-),https://cqranking.com/common/flags/GER.gif,WEBER Maximilian,-,30/08/2005,6
2245,(-),https://cqranking.com/common/flags/BEL.gif,DE SUTTER Stijn,-,20/08/2002,6
2246,(-),https://cqranking.com/common/flags/BEL.gif,CLERX Ferre,-,16/09/2005,6
2247,(-),https://cqranking.com/common/flags/BRA.gif,PEREIRA Gustavo Xavier Oliveira,-,13/10/2001,6
2248,(-),https://cqranking.com/common/flags/NED.gif,ERBERVELD Jorik,-,14/08/2006,6
2249,(-),https://cqranking.com/common/flags/ALB.gif,PIKU Leo,-,14/10/2007,6
2250,(-),https://cqranking.com/common/flags/ERI.gif,ZERIGABIR Efrem,-,18/08/2007,6
2251,(-),https://cqranking.com/common/flags/MNE.gif,SARAC Srdan,-,15/03/1994,6
2252,(-),https://cqranking.com/common/flags/GBR.gif,KRASINSKI Max,-,27/04/2003,6
2253,(-),https://cqranking.com/common/flags/UKR.gif,MELNYKOV Dmytro,-,29/01/1989,6
2254,(-),https://cqranking.com/common/flags/FRA.gif,HERBRETEAU Victor,-,30/11/2006,6
2255,(-),https://cqranking.com/common/flags/GBR.gif,PERKINS Bradley,7RP,24/10/2003,6
2256,(-),https://cqranking.com/common/flags/FRA.gif,CLAIN Jérémy,-,09/07/1990,6
2257,(1113),https://cqranking.com/common/flags/ITA.gif,CIMOLAI Davide,-,13/08/1989,5
2258,(173),https://cqranking.com/common/flags/POL.gif,MAJKA Rafal,-,12/09/1989,5
2259,(1336),https://cqranking.com/common/flags/ITA.gif,SBARAGLI Kristian,-,08/05/1990,5
2260,(868),https://cqranking.com/common/flags/BEL.gif,VAN HOECKE Gijs,-,12/11/1991,5
2261,(663),https://cqranking.com/common/flags/ESP.gif,PEDRERO LOPEZ Antonio,-,23/10/1991,5
2262,(2001),https://cqranking.com/common/flags/USA.gif,CARPENTER Robin,MAP,20/06/1992,5
2263,(869),https://cqranking.com/common/flags/ITA.gif,PETILLI Simone,-,04/05/1993,5
2264,(1259),https://cqranking.com/common/flags/CRC.gif,VILLALOBOS ALPIZAR Rodolfo,-,29/09/1992,5
2265,(-),https://cqranking.com/common/flags/MEX.gif,PRADO JUAREZ Ignacio Jesus,CAJ,21/09/1993,5
2266,(1116),https://cqranking.com/common/flags/NED.gif,ROOSEN Timo,TPP,11/01/1993,5
2267,(1658),https://cqranking.com/common/flags/PAR.gif,RIVEROS DIARTE Francisco Daniel,-,11/11/1994,5
2268,(1245),https://cqranking.com/common/flags/POR.gif,SILVA Joaquim Ricardo Soares,EFP,19/03/1992,5
2269,(1261),https://cqranking.com/common/flags/VEN.gif,CAMPOS LUCENA Roniel,-,27/07/1993,5
2270,(689),https://cqranking.com/common/flags/SWE.gif,ERIKSSON Lucas,-,10/04/1996,5
2271,(1118),https://cqranking.com/common/flags/CZE.gif,TOUPALIK Adam,URR,09/05/1996,5
2272,(-),https://cqranking.com/common/flags/MGL.gif,BATSAIKHAN Bayanjargal,-,08/09/1996,5
2273,(1661),https://cqranking.com/common/flags/LUX.gif,VALVASORI Larry,-,30/05/1996,5
2274,(425),https://cqranking.com/common/flags/FRA.gif,TOUZE Damien,COF,07/07/1996,5
2275,(2192),https://cqranking.com/common/flags/VEN.gif,GOMEZ UROSA Luis Antonio,-,23/12/1994,5
2276,(947),https://cqranking.com/common/flags/FRA.gif,MORIN Emmanuel,-,13/03/1995,5
2277,(2194),https://cqranking.com/common/flags/SLO.gif,DRINOVEC Matej,-,16/08/1991,5
2278,(-),https://cqranking.com/common/flags/ITA.gif,POLI Umberto,TNN,27/08/1996,5
2279,(-),https://cqranking.com/common/flags/DEN.gif,RODENBERG MADSEN Frederik,-,22/01/1998,5
2280,(1320),https://cqranking.com/common/flags/VEN.gif,TORRES CASTELLANOS Edwin Yair,-,14/02/1997,5
2281,(2195),https://cqranking.com/common/flags/COL.gif,ACOSTA OSPINA Ruben Dario,-,20/08/1996,5
2282,(1263),https://cqranking.com/common/flags/CMR.gif,TIENTCHEU Michel Boris,-,19/08/1992,5
2283,(1343),https://cqranking.com/common/flags/FIN.gif,HÄNNINEN Jaakko,NMC,16/04/1997,5
2284,(912),https://cqranking.com/common/flags/FRA.gif,DAVY Clément,NMC,17/07/1998,5
2285,(-),https://cqranking.com/common/flags/IRL.gif,WATSON Lindsay,-,25/04/1989,5
2286,(885),https://cqranking.com/common/flags/LUX.gif,RIES Michel,-,11/03/1998,5
2287,(1483),https://cqranking.com/common/flags/VEN.gif,QUINTERO ARTEAGA Leonel,VCH,13/03/1997,5
2288,(1171),https://cqranking.com/common/flags/BEL.gif,HUYS Laurens,NMC,24/09/1998,5
2289,(1126),https://cqranking.com/common/flags/BEL.gif,PAQUOT Tom,-,22/09/1999,5
2290,(848),https://cqranking.com/common/flags/ITA.gif,COLLEONI Kevin,-,11/11/1999,5
2291,(1289),https://cqranking.com/common/flags/KAZ.gif,MARUKHIN Daniil,HST,13/02/1999,5
2292,(1010),https://cqranking.com/common/flags/MAS.gif,HAMDAN Wan Abdul Rahman,TSG,19/06/1999,5
2293,(1346),https://cqranking.com/common/flags/FRA.gif,DEBEAUMARCHE Nicolas,COF,24/02/1998,5
2294,(2201),https://cqranking.com/common/flags/DEN.gif,KNUDSEN Oliver,SWT,08/01/1999,5
2295,(430),https://cqranking.com/common/flags/ITA.gif,CONCA Filippo,JAY,22/09/1998,5
2296,(2203),https://cqranking.com/common/flags/ITA.gif,IACCHI Alessandro,TFT,26/05/1999,5
2297,(1804),https://cqranking.com/common/flags/NZL.gif,MEO Felix James,TFT,03/04/1997,5
2298,(-),https://cqranking.com/common/flags/POL.gif,KUS Adam,-,02/02/1999,5
2299,(2125),https://cqranking.com/common/flags/CHN.gif,TENG Geng,-,13/02/1999,5
2300,(-),https://cqranking.com/common/flags/MAS.gif,ABD HALIM Muhammad Shahmir Aiman,TSG,24/04/2000,5
2301,(-),https://cqranking.com/common/flags/GBR.gif,BROWN Jim,LLA,02/10/2000,5
2302,(363),https://cqranking.com/common/flags/NZL.gif,CURRIE Logan,-,24/06/2001,5
2303,(1635),https://cqranking.com/common/flags/DOM.gif,POLANCO ELENA Manuel Steven,-,30/05/2000,5
2304,(2214),https://cqranking.com/common/flags/CHN.gif,SHEN Yutao,MSS,19/09/2000,5
2305,(1808),https://cqranking.com/common/flags/FRA.gif,GUILLON Celestin,-,07/04/1996,5
2306,(2216),https://cqranking.com/common/flags/NOR.gif,KULSET Magnus,RSK,18/08/2000,5
2307,(1674),https://cqranking.com/common/flags/DEN.gif,SKIVILD Robin Juel,-,21/08/2001,5
2308,(1350),https://cqranking.com/common/flags/CHN.gif,LI Yuheng,-,06/01/2002,5
2309,(1949),https://cqranking.com/common/flags/HON.gif,MATUTE BACA Fredd Nahum,4RF,26/10/1985,5
2310,(-),https://cqranking.com/common/flags/POR.gif,FRANCISCO Filipe,ALL,15/10/1998,5
2311,(1953),https://cqranking.com/common/flags/AUS.gif,STENNING Oliver,KSZ,27/02/1998,5
2312,(-),https://cqranking.com/common/flags/CHN.gif,LI Boan,BDR,03/09/2000,5
2313,(-),https://cqranking.com/common/flags/ESP.gif,GARCIA FRANCES Pablo,-,16/01/2001,5
2314,(2235),https://cqranking.com/common/flags/MAS.gif,TSEN Ren Bao,STG,20/01/2003,5
2315,(1451),https://cqranking.com/common/flags/PAR.gif,ACUÑA SANCHEZ Carlos Sebastian,-,14/04/2002,5
2316,(2238),https://cqranking.com/common/flags/ITA.gif,GASPARINI Alessio,PPI,21/10/1998,5
2317,(2138),https://cqranking.com/common/flags/AUT.gif,DIRNBAUER Josef,HAC,27/06/1998,5
2318,(-),https://cqranking.com/common/flags/FRA.gif,WATTELLE Célestin,TNN,15/05/2003,5
2319,(-),https://cqranking.com/common/flags/ECU.gif,PITA BOLAÑOS Sebastian Alexander,KSZ,18/12/2003,5
2320,(1006),https://cqranking.com/common/flags/LUX.gif,KESS Alexandre,LKH,08/08/2003,5
2321,(2244),https://cqranking.com/common/flags/GBR.gif,WOOD George,MGK,06/06/2002,5
2322,(-),https://cqranking.com/common/flags/GBR.gif,TOWERS Lucas,MAP,09/11/2003,5
2323,(1305),https://cqranking.com/common/flags/USA.gif,CHRISTIAN Sean,MAP,20/04/2002,5
2324,(-),https://cqranking.com/common/flags/CHN.gif,GUO Shourong,TYD,03/02/2002,5
2325,(-),https://cqranking.com/common/flags/ESP.gif,MARTIN MUÑOZ Jose Maria,EKP,02/04/2001,5
2326,(-),https://cqranking.com/common/flags/DEN.gif,FALK RASMUSSEN Nicklas Lilleskov,-,13/07/1997,5
2327,(-),https://cqranking.com/common/flags/GER.gif,LENNEMANN Anton Theo,BAI,05/03/2003,5
2328,(2252),https://cqranking.com/common/flags/FRA.gif,SAVIOZ Colin,URR,11/06/2004,5
2329,(1687),https://cqranking.com/common/flags/BEL.gif,VANDENBRANDEN Noah,TFB,29/07/2002,5
2330,(2255),https://cqranking.com/common/flags/DEN.gif,SØRENSEN Anders Vos,TCQ,11/03/2004,5
2331,(2149),https://cqranking.com/common/flags/LUX.gif,MORANG Mil,LKH,15/09/2004,5
2332,(2822),https://cqranking.com/common/flags/NOR.gif,NAKKEN Tobias Risan,DRP,03/09/2004,5
2333,(-),https://cqranking.com/common/flags/AUS.gif,PROCTOR-PARKER Dylan,ROI,12/12/2004,5
2334,(2261),https://cqranking.com/common/flags/GER.gif,KELLER Paul,TSM,07/05/2003,5
2335,(2058),https://cqranking.com/common/flags/INA.gif,MAULANA Astnan,NCT,10/05/2004,5
2336,(-),https://cqranking.com/common/flags/NZL.gif,PAWSON Edward,ROI,23/10/2004,5
2337,(2264),https://cqranking.com/common/flags/PHI.gif,PASCUAL Joshua,-,20/09/2001,5
2338,(1060),https://cqranking.com/common/flags/MAR.gif,EL ALOUANI Driss,-,30/01/2003,5
2339,(-),https://cqranking.com/common/flags/MEX.gif,AGUIRRE GARZA Tomas,-,23/10/2001,5
2340,(1846),https://cqranking.com/common/flags/ESP.gif,IBAÑEZ BELTRAN DE SALAZAR Javier,CJR,29/11/2001,5
2341,(-),https://cqranking.com/common/flags/CMR.gif,FOTSING Claude Harold,-,21/07/2003,5
2342,(1763),https://cqranking.com/common/flags/FRA.gif,MARIN Julien,AIX,12/10/2000,5
2343,(-),https://cqranking.com/common/flags/COD.gif,KASEREKA KYAVIRO Joël,-,12/09/2002,5
2344,(1624),https://cqranking.com/common/flags/AUS.gif,LANE WELSH Tali,CBW,17/08/2000,5
2345,(2277),https://cqranking.com/common/flags/MAS.gif,ZULKIFLI Zulfikri,MPC,10/11/2000,5
2346,(1400),https://cqranking.com/common/flags/SLO.gif,FLAJS Maj,FRT,28/01/2005,5
2347,(2165),https://cqranking.com/common/flags/BEL.gif,DOCKX Gilles,AAR,07/03/2005,5
2348,(-),https://cqranking.com/common/flags/AUS.gif,SHANNON Tynan,TBN,22/01/2000,5
2349,(1856),https://cqranking.com/common/flags/BEL.gif,VANDENBERGHE Viktor,PSC,26/04/2005,5
2350,(-),https://cqranking.com/common/flags/GER.gif,HARTER Luca,-,23/09/2002,5
2351,(-),https://cqranking.com/common/flags/CUB.gif,PARRADO VAZQUEZ Douglas Nelson,-,21/05/2003,5
2352,(2709),https://cqranking.com/common/flags/FRA.gif,LEVEQUE Théo,TEN,21/01/2004,5
2353,(-),https://cqranking.com/common/flags/BEL.gif,VAN DEN BROEK Axel,AAR,03/05/2006,5
2354,(-),https://cqranking.com/common/flags/BEL.gif,MELLAERTS Robbe,BPL,18/08/2001,5
2355,(2711),https://cqranking.com/common/flags/FRA.gif,GUERINEL Manu,-,25/08/2003,5
2356,(2175),https://cqranking.com/common/flags/ESP.gif,MARTIN CUEVAS Marco,EUS,05/10/2006,5
2357,(-),https://cqranking.com/common/flags/ITA.gif,STENICO Mattia,BCS,26/09/2006,5
2358,(2558),https://cqranking.com/common/flags/FRA.gif,PAVIS Evan,VDU,03/01/2005,5
2359,(-),https://cqranking.com/common/flags/BEL.gif,VAN DEN HAUTE Milan,TFB,14/10/2005,5
2360,(-),https://cqranking.com/common/flags/LTU.gif,BRUZAS Dovydas,ENT,06/12/2006,5
2361,(-),https://cqranking.com/common/flags/HKG.gif,WU Chun Yin,HKS,27/06/2006,5
2362,(2723),https://cqranking.com/common/flags/KAZ.gif,PODLUZHNYY Mikhail,XAD,10/01/2006,5
2363,(2308),https://cqranking.com/common/flags/CHN.gif,ZHANG Rongqi,-,01/08/2006,5
2364,(-),https://cqranking.com/common/flags/FRA.gif,LARRONDE Ellande,CJR,07/11/2006,5
2365,(-),https://cqranking.com/common/flags/ESP.gif,VILLAR GALDEANO Iker,CJR,24/11/2006,5
2366,(1317),https://cqranking.com/common/flags/GBR.gif,MORGAN Edward,-,29/07/2000,5
2367,(-),https://cqranking.com/common/flags/DEN.gif,HOUGAARD Frederik Dupont,-,01/03/2006,5
2368,(-),https://cqranking.com/common/flags/USA.gif,GARDON Elouan,-,08/05/2006,5
2369,(2866),https://cqranking.com/common/flags/BEL.gif,NIJS Milan,-,22/10/2006,5
2370,(2571),https://cqranking.com/common/flags/NOR.gif,KJELDSAND Karl Emil,DRP,08/10/2005,5
2371,(1590),https://cqranking.com/common/flags/ESP.gif,FAJARDO TOLEDO Adrian,BBH,27/10/2003,5
2372,(2572),https://cqranking.com/common/flags/POL.gif,GARNEK Ksawier,MSP,01/05/2005,5
2373,(-),https://cqranking.com/common/flags/POL.gif,PERA Marceli,ENT,17/06/2006,5
2374,(1593),https://cqranking.com/common/flags/FRA.gif,BREANT Romain,-,29/06/2004,5
2375,(-),https://cqranking.com/common/flags/FRA.gif,GICQUEL Gabin,VDU,29/06/2007,5
2376,(-),https://cqranking.com/common/flags/ITA.gif,SCOFET Matteo,PAD,22/07/2007,5
2377,(-),https://cqranking.com/common/flags/DEN.gif,THESTRUP Benjamin Kofoed,GSH,29/08/2007,5
2378,(-),https://cqranking.com/common/flags/SWE.gif,EKMAN Vilmer,LUC,16/06/2007,5
2379,(-),https://cqranking.com/common/flags/ITA.gif,TURCONI Matteo,BCS,08/07/2007,5
2380,(-),https://cqranking.com/common/flags/NED.gif,GUNNINK Samuel,MET,08/05/2007,5
2381,(-),https://cqranking.com/common/flags/JPN.gif,HINO Taisei,SMN,27/08/2000,5
2382,(-),https://cqranking.com/common/flags/JPN.gif,YAMASOTO Isshin,SMN,22/01/2005,5
2383,(-),https://cqranking.com/common/flags/AUS.gif,STEVENSON Lucas,TBN,24/11/2007,5
2384,(-),https://cqranking.com/common/flags/BRA.gif,REZENDE JUNIOR Edson Gilmar,LMS,24/01/1997,5
2385,(-),https://cqranking.com/common/flags/ESP.gif,BARCELO GASCON Jaume,-,12/02/2007,5
2386,(-),https://cqranking.com/common/flags/RUS.gif,SADYKOV Ilyas,-,20/09/2006,5
2387,(-),https://cqranking.com/common/flags/CAN.gif,RIGBY Monty,TIR,21/09/2007,5
2388,(-),https://cqranking.com/common/flags/RUS.gif,POPOV Mark,-,17/05/2007,5
2389,(-),https://cqranking.com/common/flags/NED.gif,VAN DER WERF Sven,-,16/11/2004,5
2390,(-),https://cqranking.com/common/flags/CMR.gif,MOUHAMMED Ibrahim,-,15/04/2006,5
2391,(-),https://cqranking.com/common/flags/CAN.gif,GAUTHIER Nicolas,-,21/06/2007,5
2392,(-),https://cqranking.com/common/flags/GBR.gif,TINSLEY Lewis,-,21/10/2006,5
2393,(-),https://cqranking.com/common/flags/GBR.gif,GARDNER Arthur Thomas,-,06/02/2004,5
2394,(-),https://cqranking.com/common/flags/FRA.gif,DAVID Leo,-,17/03/2005,5
2395,(-),https://cqranking.com/common/flags/FRA.gif,CADAT Yolan,-,03/03/2003,5
2396,(-),https://cqranking.com/common/flags/BEL.gif,VANSLEMBROUCK Corneel,-,11/10/2006,5
2397,(-),https://cqranking.com/common/flags/JPN.gif,SHINDO Taito,-,21/05/2007,5
2398,(-),https://cqranking.com/common/flags/SUI.gif,WYSS Marcel,-,25/06/1986,4
2399,(-),https://cqranking.com/common/flags/GBR.gif,BJERGFELT William,-,04/12/1978,4
2400,(1024),https://cqranking.com/common/flags/VEN.gif,BECERRA BECERRA Eduin,-,28/09/1985,4
2401,(1999),https://cqranking.com/common/flags/KOR.gif,CHOE Hyeong-min,-,15/04/1990,4
2402,(-),https://cqranking.com/common/flags/CAY.gif,AMELINE Jerome,-,09/04/1975,4
2403,(2329),https://cqranking.com/common/flags/TPE.gif,HSIAO Shih Hsin,-,03/04/1990,4
2404,(1241),https://cqranking.com/common/flags/JPN.gif,YAMAMOTO Genki,KIN,19/11/1991,4
2405,(-),https://cqranking.com/common/flags/ALG.gif,ABDENNEBI Khaled,-,28/12/1988,4
2406,(2188),https://cqranking.com/common/flags/COL.gif,PAREDES AVELLANEDA Cesar Nicolas,-,05/09/1992,4
2407,(-),https://cqranking.com/common/flags/PHI.gif,ORANZA Ronald Nozuelo,SIP,02/12/1992,4
2408,(1732),https://cqranking.com/common/flags/HKG.gif,MOW Ching Yin,HKS,05/06/1995,4
2409,(2591),https://cqranking.com/common/flags/ZIM.gif,SIBANDA Mthokozisi,-,13/11/1998,4
2410,(1779),https://cqranking.com/common/flags/THA.gif,LADNGERN Peerapong,-,21/12/1995,4
2411,(2339),https://cqranking.com/common/flags/PER.gif,ATENCIO GARCIA Arquimidis Clinion,-,20/04/1993,4
2412,(2010),https://cqranking.com/common/flags/MAS.gif,AHMAD KAMAL Muhammad Ameer,-,05/06/1995,4
2413,(-),https://cqranking.com/common/flags/COL.gif,FLOREZ LOPEZ Miguel Eduardo,-,21/02/1996,4
2414,(-),https://cqranking.com/common/flags/IRI.gif,REZVANI GILKOLAEI Morteza,-,05/03/1990,4
2415,(-),https://cqranking.com/common/flags/BIZ.gif,FLOWERS Tarique,-,20/05/1996,4
2416,(-),https://cqranking.com/common/flags/ANG.gif,ARAUJO Bruno Cesar Amaral,-,07/01/1998,4
2417,(2347),https://cqranking.com/common/flags/BOT.gif,MALETE Abeng,-,03/11/1996,4
2418,(-),https://cqranking.com/common/flags/INA.gif,VAN AERT Bernard Benyamin,NCT,08/09/1997,4
2419,(1383),https://cqranking.com/common/flags/INA.gif,ABDURRAHMAN Muhammad,JPC,16/05/1997,4
2420,(1528),https://cqranking.com/common/flags/UAE.gif,ALSABBAGH Mohamed Humaid Mehrab,-,13/05/1998,4
2421,(2603),https://cqranking.com/common/flags/JAM.gif,BAILEY Barrington,-,22/01/1978,4
2422,(-),https://cqranking.com/common/flags/PHI.gif,CARCUEVA Jonel Pansacala,7RP,23/05/1995,4
2423,(-),https://cqranking.com/common/flags/PER.gif,GONZALES ZENTENO Andre Alexander,-,06/08/1998,4
2424,(-),https://cqranking.com/common/flags/ARG.gif,ESTEVEZ Enrique Hernan,-,27/04/1988,4
2425,(1444),https://cqranking.com/common/flags/ITA.gif,BALDACCINI Davide,-,22/05/1998,4
2426,(2607),https://cqranking.com/common/flags/BAR.gif,HOWARD Dominic,-,20/06/1999,4
2427,(-),https://cqranking.com/common/flags/FRA.gif,LECAMUS-LAMBERT Florentin,VCR,13/05/1999,4
2428,(2358),https://cqranking.com/common/flags/CRC.gif,MOYA RAMIREZ Sebastian,-,15/01/1997,4
2429,(2610),https://cqranking.com/common/flags/MAC.gif,LAO Long San,-,06/12/1998,4
2430,(2359),https://cqranking.com/common/flags/NCA.gif,HERNANDEZ GONZALEZ Oscar Danilo,-,12/05/1996,4
2431,(1606),https://cqranking.com/common/flags/THA.gif,JUMCHAT Nattapol,TCC,24/06/1996,4
2432,(-),https://cqranking.com/common/flags/KAZ.gif,DINMUKHAMETOV Ramis,XAD,21/09/2000,4
2433,(2208),https://cqranking.com/common/flags/RUS.gif,SHAKOTKO Aleksandr,-,08/05/1999,4
2434,(-),https://cqranking.com/common/flags/GBR.gif,TIDBALL William,VVB,22/04/2000,4
2435,(-),https://cqranking.com/common/flags/BLR.gif,MARCHUK Dzianis,-,19/05/2000,4
2436,(2618),https://cqranking.com/common/flags/SWE.gif,AHLSSON Jacob,-,03/08/1998,4
2437,(1634),https://cqranking.com/common/flags/BUL.gif,PAPANOV Martin,-,22/10/1999,4
2438,(-),https://cqranking.com/common/flags/ESA.gif,ORELLANA Alfonso Vladimir,-,05/06/1978,4
2439,(2364),https://cqranking.com/common/flags/ANT.gif,WEATHERED Shawn,-,15/07/1976,4
2440,(1266),https://cqranking.com/common/flags/THA.gif,PHODINGAM Sakchai,GTC,11/03/1998,4
2441,(-),https://cqranking.com/common/flags/NED.gif,VAN VEENENDAAL Hidde,-,03/02/2001,4
2442,(2623),https://cqranking.com/common/flags/HON.gif,MARTINEZ AMADOR Diler Javier,-,01/02/1988,4
2443,(1671),https://cqranking.com/common/flags/AUT.gif,MESSNER Martin,WSA,09/01/2000,4
2444,(1636),https://cqranking.com/common/flags/JPN.gif,KAZAMA Shoma,SMN,22/05/1996,4
2445,(1131),https://cqranking.com/common/flags/RSA.gif,MATTHEWS Daniyal,TPC,25/01/1999,4
2446,(2628),https://cqranking.com/common/flags/BUL.gif,POPOV Martin,-,09/07/1999,4
2447,(-),https://cqranking.com/common/flags/MKD.gif,NAUMOVSKI Bojan,-,21/02/1982,4
2448,(-),https://cqranking.com/common/flags/AZE.gif,EYVAZOV Shahin,-,16/02/2001,4
2449,(-),https://cqranking.com/common/flags/MDA.gif,ISTRATENCO Vladislav,-,27/06/2002,4
2450,(1810),https://cqranking.com/common/flags/ITA.gif,PALOMBA Marco,PAD,05/05/2002,4
2451,(1751),https://cqranking.com/common/flags/ESA.gif,ROMERO GRANADOS Jorge Alfredo,-,12/08/1995,4
2452,(-),https://cqranking.com/common/flags/COL.gif,MANCIPE PUIN Andres Libardo,HIN,10/07/2002,4
2453,(2373),https://cqranking.com/common/flags/IND.gif,SINGH SEKHON Harshveer,-,17/01/1998,4
2454,(-),https://cqranking.com/common/flags/CRO.gif,LEGOVIC Martin,-,21/08/1996,4
2455,(2377),https://cqranking.com/common/flags/MNE.gif,DASIC Milic,-,24/12/1995,4
2456,(2045),https://cqranking.com/common/flags/SIN.gif,LIM Zhen Yu Darren,-,16/01/1998,4
2457,(2046),https://cqranking.com/common/flags/AUT.gif,PAUMANN David,HAC,19/11/2003,4
2458,(-),https://cqranking.com/common/flags/ITA.gif,GUERRA Andrea,BTC,05/08/2001,4
2459,(2649),https://cqranking.com/common/flags/SIN.gif,BIN FAISAL Arfan,-,21/09/2000,4
2460,(2382),https://cqranking.com/common/flags/IND.gif,KUMAR Sahil,-,07/04/1998,4
2461,(2650),https://cqranking.com/common/flags/SWE.gif,KAGEVI Carl,LUC,22/01/2002,4
2462,(1754),https://cqranking.com/common/flags/TUR.gif,EGIN Ali,KBB,03/05/2003,4
2463,(-),https://cqranking.com/common/flags/AUS.gif,CAMPBELL Max,CBW,15/05/2001,4
2464,(2386),https://cqranking.com/common/flags/MEX.gif,MACPHERSON ARROYO Carlos,-,01/11/1998,4
2465,(-),https://cqranking.com/common/flags/JPN.gif,YAMADA Takumi,SMN,01/11/2001,4
2466,(-),https://cqranking.com/common/flags/FIN.gif,PITKÄNEN Lauri,-,11/04/1990,4
2467,(-),https://cqranking.com/common/flags/CRC.gif,AGUILAR GARITA Jose Ricardo,-,15/10/2001,4
2468,(-),https://cqranking.com/common/flags/NOR.gif,HANSEN Martin Solhaug,-,11/05/2003,4
2469,(-),https://cqranking.com/common/flags/IRL.gif,RYAN Stephen,-,26/12/1971,4
2470,(1398),https://cqranking.com/common/flags/LBN.gif,KAMALEDDINE Nafez,-,24/10/2001,4
2471,(2146),https://cqranking.com/common/flags/AUT.gif,ECKERSTORFER Benjamin,TIR,12/01/2004,4
2472,(-),https://cqranking.com/common/flags/POL.gif,KAPELA Marek,-,16/02/2004,4
2473,(-),https://cqranking.com/common/flags/ECU.gif,ROSERO CHAMORRO Bryan Orlando,-,24/12/2001,4
2474,(1235),https://cqranking.com/common/flags/COL.gif,GUATIBONZA BECERRA Jonathan Alexander,MOY,01/06/2004,4
2475,(1422),https://cqranking.com/common/flags/MGL.gif,KHADBAATAR Temuulen,-,29/10/2004,4
2476,(-),https://cqranking.com/common/flags/CHN.gif,SHI Jinggang,MSS,03/08/2004,4
2477,(2151),https://cqranking.com/common/flags/SVK.gif,JURIK Martin,ADR,02/10/2004,4
2478,(1566),https://cqranking.com/common/flags/MRI.gif,MATOMBE Hanson,-,26/04/2001,4
2479,(-),https://cqranking.com/common/flags/URU.gif,BONILLA TECHERA Pablo Sandino,-,16/10/2004,4
2480,(-),https://cqranking.com/common/flags/ARG.gif,FUNES Jorge Ignacio,-,19/01/1984,4
2481,(-),https://cqranking.com/common/flags/MKD.gif,PETROVSKI Aleksandar,-,10/01/1993,4
2482,(2267),https://cqranking.com/common/flags/DEN.gif,CHRISTENSEN Alfred,TCQ,22/09/2004,4
2483,(-),https://cqranking.com/common/flags/BIH.gif,JURKOVIC Toni,-,08/11/1998,4
2484,(-),https://cqranking.com/common/flags/MAR.gif,FARID Youssef,-,01/07/2004,4
2485,(-),https://cqranking.com/common/flags/GBR.gif,LUTZ-ATKINSON Hugo,ECT,17/06/2002,4
2486,(1094),https://cqranking.com/common/flags/MEX.gif,PRIETO DE LUNA Jose Juan,-,01/01/2004,4
2487,(2427),https://cqranking.com/common/flags/VIE.gif,HA Kieu Tan Dai,-,21/06/2000,4
2488,(-),https://cqranking.com/common/flags/CZE.gif,BITTNER Jan,KCR,23/06/2005,4
2489,(2161),https://cqranking.com/common/flags/MGL.gif,TSOODOL Enkhpurev,-,03/03/2005,4
2490,(2428),https://cqranking.com/common/flags/TPE.gif,HO Yen Yi,EKP,24/10/2001,4
2491,(2431),https://cqranking.com/common/flags/CRO.gif,PERAN Ian,-,24/10/2005,4
2492,(2840),https://cqranking.com/common/flags/SWE.gif,GREIJUS Paul,-,10/02/2005,4
2493,(-),https://cqranking.com/common/flags/CAN.gif,WEBSTER Zach,-,09/10/2002,4
2494,(1854),https://cqranking.com/common/flags/RWA.gif,NGENDAHAYO Jeremie,MSR,29/04/2001,4
2495,(-),https://cqranking.com/common/flags/COL.gif,PAREDES ZAPATA Pablo,-,15/02/2003,4
2496,(-),https://cqranking.com/common/flags/NAM.gif,VAN DER WESTHUIZEN Theuns,-,23/03/2005,4
2497,(-),https://cqranking.com/common/flags/USA.gif,HAINES Luca,TSL,17/06/2002,4
2498,(-),https://cqranking.com/common/flags/BUR.gif,BOUDA Wahabou,-,07/06/1995,4
2499,(-),https://cqranking.com/common/flags/BEL.gif,VAN LOOVEREN Thijs,-,03/06/2002,4
2500,(-),https://cqranking.com/common/flags/GER.gif,STERNSDORFF Lennard,BAI,06/10/2004,4
2501,(-),https://cqranking.com/common/flags/FRA.gif,BARUSSEAU Mathéo,VDU,30/04/2005,4
2502,(1274),https://cqranking.com/common/flags/INA.gif,SYELHAN NURAHMAT Muhammad,ASC,21/04/2005,4
2503,(1709),https://cqranking.com/common/flags/ERI.gif,ABDELWAHEB Nurahmed,-,04/04/1994,4
2504,(1858),https://cqranking.com/common/flags/ERI.gif,TESFAY Esrom,-,04/08/2003,4
2505,(1627),https://cqranking.com/common/flags/IVB.gif,JONES Barry,-,17/11/1972,4
2506,(2704),https://cqranking.com/common/flags/DOM.gif,BRITOS ARIAS Maicol,-,10/01/2001,4
2507,(-),https://cqranking.com/common/flags/TUR.gif,DOGAN Eren Baki,STC,19/11/2003,4
2508,(-),https://cqranking.com/common/flags/UZB.gif,NEMATOV Abdurahmon,SAB,01/02/2005,4
2509,(-),https://cqranking.com/common/flags/BOT.gif,RUELE Thebeyame,-,03/03/2003,4
2510,(1401),https://cqranking.com/common/flags/RUS.gif,SAVEKIN Ilya,-,17/05/2005,4
2511,(-),https://cqranking.com/common/flags/POL.gif,WISNIEWSKI Szymon,LPP,19/12/2005,4
2512,(1212),https://cqranking.com/common/flags/KOR.gif,LIM Jong-won,LXC,17/01/2005,4
2513,(2557),https://cqranking.com/common/flags/ITA.gif,VENERI Raffaele,-,27/06/2002,4
2514,(-),https://cqranking.com/common/flags/ESP.gif,FREIRE COBO Marcos,UAZ,16/07/2006,4
2515,(2714),https://cqranking.com/common/flags/CMR.gif,MEKEM TSAKOU Jordan Noel,-,06/01/2002,4
2516,(2454),https://cqranking.com/common/flags/COL.gif,GONZALEZ URQUIJO Anthuar Rachidd,-,05/11/2002,4
2517,(-),https://cqranking.com/common/flags/NED.gif,WESTBROEK Collin,MET,10/09/2006,4
2518,(-),https://cqranking.com/common/flags/VEN.gif,COLMENARES BAUTISTA Jad Sair,-,22/08/2005,4
2519,(-),https://cqranking.com/common/flags/NED.gif,VRIES Lukas,AVV,24/02/2006,4
2520,(-),https://cqranking.com/common/flags/ITA.gif,BOSIO Tommaso,GEF,02/12/2006,4
2521,(2721),https://cqranking.com/common/flags/PAN.gif,CABALLERO GONZALEZ Michael,-,01/03/2003,4
2522,(-),https://cqranking.com/common/flags/BEL.gif,HUYSMANS Nolan,TFB,07/01/2006,4
2523,(2724),https://cqranking.com/common/flags/LES.gif,TLOUOE Thato,-,28/05/2006,4
2524,(2563),https://cqranking.com/common/flags/FRA.gif,KAYSER Aurélien,VVB,21/03/2006,4
2525,(-),https://cqranking.com/common/flags/SVK.gif,FEDOR Samuel,DKB,17/01/2006,4
2526,(-),https://cqranking.com/common/flags/NAM.gif,HANEKOM Jaques,-,22/01/2003,4
2527,(1869),https://cqranking.com/common/flags/MAC.gif,CHEANG Shing Hei,THT,05/03/2006,4
2528,(2565),https://cqranking.com/common/flags/CHN.gif,LI Chaoyi,CDT,13/11/2002,4
2529,(-),https://cqranking.com/common/flags/BOL.gif,ROSAS ZARATE Brayan,-,26/08/2003,4
2530,(1473),https://cqranking.com/common/flags/UKR.gif,CHYZHYKOV Heorhii,CTU,14/02/2006,4
2531,(-),https://cqranking.com/common/flags/ZIM.gif,SIBINDI Amos,-,04/11/2001,4
2532,(2569),https://cqranking.com/common/flags/NOR.gif,SEKSE Jørgen,DRP,31/12/2005,4
2533,(-),https://cqranking.com/common/flags/AND.gif,FUENTES CAPORALI Enzo,-,14/06/2005,4
2534,(-),https://cqranking.com/common/flags/CRC.gif,FERNANDEZ BENAVIDES Kendall Steward,-,12/09/2006,4
2535,(-),https://cqranking.com/common/flags/FRA.gif,CHOBLET Pierre,-,16/01/2005,4
2536,(-),https://cqranking.com/common/flags/ALG.gif,HELLAL BERROUANE Oussama,-,08/12/1996,4
2537,(2873),https://cqranking.com/common/flags/AUT.gif,VIEHBÖCK Paul,TIR,09/03/2006,4
2538,(-),https://cqranking.com/common/flags/ESP.gif,POMBO ALVAREZ Tomas,MOY,28/04/2006,4
2539,(1318),https://cqranking.com/common/flags/GUY.gif,NEWTON Aaron,-,23/03/2005,4
2540,(2752),https://cqranking.com/common/flags/SWZ.gif,MOTSA Thabiso,-,11/10/1999,4
2541,(2092),https://cqranking.com/common/flags/BAH.gif,ROKER Kenton,-,4,
2542,(-),https://cqranking.com/common/flags/ISL.gif,VIDISSON Sigurdur Tomas,-,25/11/2002,4
2543,(1990),https://cqranking.com/common/flags/BIH.gif,TALIC Kadija,-,01/12/1986,4
2544,(-),https://cqranking.com/common/flags/JOR.gif,ALSAOUDI Mohammad,-,15/03/2005,4
2545,(2493),https://cqranking.com/common/flags/GUM.gif,CABACCANG Brian,-,01/01/1974,4
2546,(-),https://cqranking.com/common/flags/ESP.gif,PARETA SALA Roger,MOY,08/03/2006,4
2547,(-),https://cqranking.com/common/flags/CAN.gif,MORIN Ben,NDT,27/08/2007,4
2548,(-),https://cqranking.com/common/flags/BEL.gif,VANDEN WIJNGAERT Matteo,UAZ,18/12/2007,4
2549,(-),https://cqranking.com/common/flags/EST.gif,TAMMEPUU Riko,UNC,16/05/2007,4
2550,(-),https://cqranking.com/common/flags/ITA.gif,PASCARELLA Michele,TFD,24/03/2007,4
2551,(-),https://cqranking.com/common/flags/FIN.gif,PIRINEN Miko,NDT,05/06/2007,4
2552,(-),https://cqranking.com/common/flags/AUS.gif,MEDWAY Fletcher,NIA,24/08/2007,4
2553,(-),https://cqranking.com/common/flags/CAN.gif,LAMOTHE Hubert,-,22/05/2007,4
2554,(-),https://cqranking.com/common/flags/IRL.gif,WALLS Matthew,APS,07/06/2007,4
2555,(-),https://cqranking.com/common/flags/POL.gif,WLODARSKI Marcin,GSC,13/06/2007,4
2556,(-),https://cqranking.com/common/flags/FRA.gif,CLEMENT Thibaut,-,15/01/1993,4
2557,(-),https://cqranking.com/common/flags/URU.gif,CORUJO Cristian,-,02/04/1989,4
2558,(-),https://cqranking.com/common/flags/AUS.gif,HOLGATE Maxwell,STG,04/01/2007,4
2559,(-),https://cqranking.com/common/flags/ESP.gif,JIMENEZ MARTINEZ Eleazar,-,23/09/2006,4
2560,(-),https://cqranking.com/common/flags/ITA.gif,DOVESI Manuel,-,02/09/2000,4
2561,(-),https://cqranking.com/common/flags/ESP.gif,IRIARTE SANZ Igor,-,20/05/2006,4
2562,(-),https://cqranking.com/common/flags/EGY.gif,MOHAMED Yasien,-,01/01/2006,4
2563,(-),https://cqranking.com/common/flags/USA.gif,DRAKE Beckam,EFA,14/10/2007,4
2564,(-),https://cqranking.com/common/flags/USA.gif,RUHE Julien,-,05/08/2005,4
2565,(-),https://cqranking.com/common/flags/ISR.gif,RITZ Yahli,-,19/03/2005,4
2566,(-),https://cqranking.com/common/flags/HKG.gif,YIP Hon Man,-,26/05/2007,4
2567,(-),https://cqranking.com/common/flags/LAT.gif,ZUJEVS Jekabs,-,14/09/2007,4
2568,(-),https://cqranking.com/common/flags/LCA.gif,VOLNEY Andray,-,30/11/1983,4
2569,(-),https://cqranking.com/common/flags/MDA.gif,HARITONOV Andrei,-,05/03/1985,4
2570,(-),https://cqranking.com/common/flags/ETH.gif,GEREZIHER Girmalem,-,01/10/2007,4
2571,(-),https://cqranking.com/common/flags/NOR.gif,ANDERSEN Iver Tildheim,RSK,29/09/2000,4
2572,(-),https://cqranking.com/common/flags/KOS.gif,XHEMAJLI Arber,-,11/07/1993,4
2573,(-),https://cqranking.com/common/flags/JOR.gif,HAJEER Mohammed,-,31/03/2007,4
2574,(-),https://cqranking.com/common/flags/IRL.gif,O'KANE Sean,-,01/03/2004,4
2575,(-),https://cqranking.com/common/flags/LAO.gif,SIPHAKDY Souksavanh,-,07/08/2006,4
2576,(-),https://cqranking.com/common/flags/DOM.gif,HICIANO ORTEGA Joshua,-,03/10/2002,4
2577,(-),https://cqranking.com/common/flags/LBN.gif,WEHBE Jean,-,12/09/1999,4
2578,(-),https://cqranking.com/common/flags/BUR.gif,COMPAORE Isidore,-,00/00/2006,4
2579,(-),https://cqranking.com/common/flags/SUR.gif,SANDIE Jonathan,-,07/12/2001,4
2580,(-),https://cqranking.com/common/flags/MLT.gif,XERRI Carl,-,16/02/1996,4
2581,(-),https://cqranking.com/common/flags/SVK.gif,SOLTES Peter,-,21/03/2007,4
2582,(-),https://cqranking.com/common/flags/FRA.gif,LAURY Nicolas,-,28/12/2005,4
2583,(-),https://cqranking.com/common/flags/VEN.gif,CUADROS RUIZ Arley Alexander,-,03/06/2006,4
2584,(1474),https://cqranking.com/common/flags/ESP.gif,MANCEBO PEREZ Francisco,PIT,09/03/1976,3
2585,(-),https://cqranking.com/common/flags/RUS.gif,GRIGORIEV Aleksandr,EFP,21/03/1992,3
2586,(-),https://cqranking.com/common/flags/BEL.gif,SWEECK Laurens,APD,17/12/1993,3
2587,(2508),https://cqranking.com/common/flags/VEN.gif,FUENTES BARRERA Yorman Natael,-,15/12/1992,3
2588,(1065),https://cqranking.com/common/flags/NED.gif,SCHELLING Ide,-,06/02/1998,3
2589,(-),https://cqranking.com/common/flags/CAN.gif,PLAMONDON Robin,-,07/01/2000,3
2590,(1539),https://cqranking.com/common/flags/FRA.gif,TABELLION Valentin,AIX,23/03/1999,3
2591,(2033),https://cqranking.com/common/flags/GUA.gif,SAM POZ Henry Alberto,-,24/05/1999,3
2592,(2616),https://cqranking.com/common/flags/NED.gif,WEULINK Meindert,AVV,15/05/1999,3
2593,(-),https://cqranking.com/common/flags/CMR.gif,KAMDEM FODJO Jordan,MSR,11/02/1999,3
2594,(1807),https://cqranking.com/common/flags/BEL.gif,MEEUSSEN Witse,APD,08/03/2001,3
2595,(-),https://cqranking.com/common/flags/NED.gif,RONHAAR Pim,BPL,20/07/2001,3
2596,(1747),https://cqranking.com/common/flags/JPN.gif,SAWADA Toki,ABZ,12/01/1994,3
2597,(-),https://cqranking.com/common/flags/RUS.gif,VIUNOSHEV Mikhail,-,24/11/2001,3
2598,(2627),https://cqranking.com/common/flags/FRA.gif,BAGUELIN Jocelyn,AAR,20/05/1999,3
2599,(1947),https://cqranking.com/common/flags/GER.gif,REISSIG Patrick,BUB,03/06/1994,3
2600,(1812),https://cqranking.com/common/flags/NZL.gif,JACKSON George,NZP,20/02/2000,3
2601,(1610),https://cqranking.com/common/flags/ITA.gif,CAROLLO Francesco,SWT,17/08/2000,3
2602,(-),https://cqranking.com/common/flags/VEN.gif,VILLASMIL PEÑA Alexander,-,27/02/1999,3
2603,(2230),https://cqranking.com/common/flags/FRA.gif,JUILLARD Maximilien,VVB,13/12/2001,3
2604,(1816),https://cqranking.com/common/flags/ESP.gif,BONILLO MARTIN Iker,BOA,09/07/2003,3
2605,(-),https://cqranking.com/common/flags/USA.gif,MCDONALD Brody,MAP,30/08/2002,3
2606,(2524),https://cqranking.com/common/flags/ESP.gif,SANCHEZ LOPEZ Eugenio,VSC,10/03/1999,3
2607,(-),https://cqranking.com/common/flags/GER.gif,BOOS Benjamin,RRN,07/08/2003,3
2608,(-),https://cqranking.com/common/flags/NED.gif,MAAS Marijn,BCY,17/01/2002,3
2609,(2049),https://cqranking.com/common/flags/HUN.gif,SZIJARTO Zeteny,TUS,17/04/2003,3
2610,(2532),https://cqranking.com/common/flags/RWA.gif,TUYIZERE Etienne,-,12/08/2003,3
2611,(1830),https://cqranking.com/common/flags/IRL.gif,DOOGAN Odhran,-,11/09/2003,3
2612,(2250),https://cqranking.com/common/flags/GUA.gif,ISPACHE RODAS Julio Amilcar,-,30/06/2001,3
2613,(-),https://cqranking.com/common/flags/ESP.gif,LASA LIZARRAGA Ailetz,TCA,15/03/2000,3
2614,(-),https://cqranking.com/common/flags/NED.gif,ABMA Elmar,VWE,26/04/2004,3
2615,(1567),https://cqranking.com/common/flags/CMR.gif,CHOFOR TWICAM Fabrice,-,03/04/1998,3
2616,(1760),https://cqranking.com/common/flags/AUS.gif,MEDWAY Jackson,TUU,15/10/2004,3
2617,(2152),https://cqranking.com/common/flags/BEL.gif,DE MOYER Kenay,-,22/07/2004,3
2618,(1501),https://cqranking.com/common/flags/CMR.gif,NGUEGUIM Steve Auriol,-,15/06/2001,3
2619,(-),https://cqranking.com/common/flags/ESP.gif,GALVEZ LOPEZ Jorge,ALL,11/04/2000,3
2620,(1368),https://cqranking.com/common/flags/PAR.gif,DOMINGUEZ TRIANA Carlos Vidal,-,25/05/2004,3
2621,(-),https://cqranking.com/common/flags/PHI.gif,MONTEMAYOR Emmanuel Dave,G4G,09/06/2001,3
2622,(-),https://cqranking.com/common/flags/COL.gif,GONZALEZ SUESCA David Alejandro,MED,20/06/2002,3
2623,(-),https://cqranking.com/common/flags/ESP.gif,GARCIA GIMENEZ Alvaro,NDT,06/04/2005,3
2624,(2273),https://cqranking.com/common/flags/ITA.gif,BIONDANI Riccardo,GSC,16/09/2005,3
2625,(2690),https://cqranking.com/common/flags/GUA.gif,PANJOJ AJQUIJAY Adonias Nelson,-,24/10/2002,3
2626,(1211),https://cqranking.com/common/flags/GBR.gif,BAKER Rowan,-,04/03/2002,3
2627,(1053),https://cqranking.com/common/flags/USA.gif,DUNHAM Ethan,APS,27/02/2003,3
2628,(-),https://cqranking.com/common/flags/MEX.gif,MARTINEZ HUERTA Jorge Fabrizio,-,29/01/2002,3
2629,(2842),https://cqranking.com/common/flags/BRA.gif,DOMINGOS Kaua Werik,-,08/03/2004,3
2630,(-),https://cqranking.com/common/flags/SUI.gif,SOMMER Lars,-,11/10/2002,3
2631,(-),https://cqranking.com/common/flags/GER.gif,MEYER Julius,-,14/09/1998,3
2632,(-),https://cqranking.com/common/flags/FRA.gif,LEQUET Corentin,-,26/08/2004,3
2633,(2169),https://cqranking.com/common/flags/CRC.gif,PACHECO MADRIZ Gabriel,-,18/07/2003,3
2634,(-),https://cqranking.com/common/flags/BEL.gif,NUYENS Wies,PSC,17/02/2005,3
2635,(-),https://cqranking.com/common/flags/ESP.gif,ROCA TRIAS Albert,-,29/06/2005,3
2636,(-),https://cqranking.com/common/flags/FRA.gif,BERGER Antoine,AUB,06/08/1999,3
2637,(-),https://cqranking.com/common/flags/POR.gif,LEAL Claudio,ALL,30/07/2004,3
2638,(-),https://cqranking.com/common/flags/HUN.gif,ENDREDI Mate,TUS,22/09/2005,3
2639,(-),https://cqranking.com/common/flags/FRA.gif,MENANTEAU Lucas,VDU,25/02/2006,3
2640,(-),https://cqranking.com/common/flags/GER.gif,KREUZER Tobias,RRS,19/09/2000,3
2641,(-),https://cqranking.com/common/flags/ISR.gif,IDAN Saar,-,08/01/2006,3
2642,(-),https://cqranking.com/common/flags/ECU.gif,WHITE ESPADERO Robert Jacob,-,15/11/2004,3
2643,(-),https://cqranking.com/common/flags/BRA.gif,SOUSA SILVA Gabriel,LMS,13/05/2003,3
2644,(1429),https://cqranking.com/common/flags/UKR.gif,KOZORIZ Danylo,CTU,19/11/2006,3
2645,(2312),https://cqranking.com/common/flags/USA.gif,CUSACK Nathan,EFA,31/07/2005,3
2646,(-),https://cqranking.com/common/flags/ESP.gif,LAJARIN ROJAS Luis Alberto,-,28/10/2006,3
2647,(2315),https://cqranking.com/common/flags/NED.gif,NOORLOOS Casper,-,24/01/2004,3
2648,(2877),https://cqranking.com/common/flags/CAN.gif,SEGUIN Gabriel,-,04/02/2006,3
2649,(-),https://cqranking.com/common/flags/ESP.gif,ROCA SIQUIER Joan,-,11/04/2006,3
2650,(-),https://cqranking.com/common/flags/FRA.gif,DUBOIS Yann,CGF,12/10/2007,3
2651,(-),https://cqranking.com/common/flags/ITA.gif,SCAGLIOLA Gabriele,LTF,20/03/2007,3
2652,(-),https://cqranking.com/common/flags/CZE.gif,NOVAK Filip,MOY,12/11/2007,3
2653,(-),https://cqranking.com/common/flags/FRA.gif,CHAMPENOIS Tom,SCO,16/03/2007,3
2654,(-),https://cqranking.com/common/flags/NED.gif,BROMMERSMA Elmer,AVV,05/04/2007,3
2655,(-),https://cqranking.com/common/flags/ITA.gif,MORLINO Luca,SOA,11/06/2007,3
2656,(-),https://cqranking.com/common/flags/ECU.gif,COQUE GUERRA Anthony Sebastian,BES,27/10/2007,3
2657,(-),https://cqranking.com/common/flags/AUT.gif,HOLZER Christoph,WSA,02/03/2005,3
2658,(-),https://cqranking.com/common/flags/AUS.gif,PAGE-BROWN Reuben,TBN,08/11/2006,3
2659,(-),https://cqranking.com/common/flags/THA.gif,SAKUNTAE Thanapat,-,04/12/2007,3
2660,(-),https://cqranking.com/common/flags/GRE.gif,SIFOUNIOS Michael Timotheos,PPI,03/08/2007,3
2661,(-),https://cqranking.com/common/flags/ESP.gif,ZARAGOZA PASCUAL Vicent,-,29/02/2004,3
2662,(-),https://cqranking.com/common/flags/DEN.gif,BØGE Noah,-,18/09/2006,3
2663,(-),https://cqranking.com/common/flags/BRA.gif,FERNANDES Peterson Augusto Senegaglea,-,12/10/2005,3
2664,(-),https://cqranking.com/common/flags/GBR.gif,PAIN Caleb,-,29/06/2004,3
2665,(-),https://cqranking.com/common/flags/FRA.gif,FERGUEN Yanis,-,14/08/1997,3
2666,(-),https://cqranking.com/common/flags/COL.gif,ESTUPIÑAN VARGAS Kevin Andres,-,12/08/2007,3
2667,(-),https://cqranking.com/common/flags/RSA.gif,HORTER Matthew,-,27/11/2007,3
2668,(-),https://cqranking.com/common/flags/ERI.gif,FISEHAYE Nebay,-,03/10/2004,3
2669,(2498),https://cqranking.com/common/flags/IRI.gif,ASKARI Hossein,-,23/03/1975,2
2670,(-),https://cqranking.com/common/flags/MRI.gif,LINCOLN Yannick,-,30/12/1982,2
2671,(-),https://cqranking.com/common/flags/TTO.gif,ALEXANDER Joshua Stephen,-,26/07/1984,2
2672,(-),https://cqranking.com/common/flags/JPN.gif,KUBOKI Kazushige,TUK,06/06/1989,2
2673,(786),https://cqranking.com/common/flags/ALG.gif,REGUIGUI Youcef,MPT,09/01/1990,2
2674,(2582),https://cqranking.com/common/flags/COL.gif,PARRA BUSTAMENTE Heiner Rodrigo,CAJ,09/10/1991,2
2675,(2584),https://cqranking.com/common/flags/TPE.gif,PENG Yuan Tang,-,10/05/1993,2
2676,(-),https://cqranking.com/common/flags/COL.gif,MONTOYA GIRALDO Cristhian,-,04/08/1989,2
2677,(1729),https://cqranking.com/common/flags/CZE.gif,TUREK Daniel,FGI,19/01/1993,2
2678,(1380),https://cqranking.com/common/flags/SIN.gif,YEO Boon Kiak,-,07/03/1988,2
2679,(2590),https://cqranking.com/common/flags/BER.gif,RICHARDSON Che'quan,-,23/09/1993,2
2680,(1435),https://cqranking.com/common/flags/MAR.gif,RAHIL Zouhair,SUS,26/11/1993,2
2681,(2592),https://cqranking.com/common/flags/NED.gif,NIJSSEN Kenny,UNI,06/09/1990,2
2682,(-),https://cqranking.com/common/flags/COL.gif,QUIROZ AYALA Oscar Adalberto,TNC,03/07/1994,2
2683,(-),https://cqranking.com/common/flags/SWZ.gif,ZWANE Mduduzi,-,27/02/1996,2
2684,(2344),https://cqranking.com/common/flags/LTU.gif,LASINIS Venantas,-,26/02/1997,2
2685,(1663),https://cqranking.com/common/flags/URU.gif,MALDONADO SANCHEZ Anderson Samuel,-,17/10/1994,2
2686,(-),https://cqranking.com/common/flags/FRA.gif,DENIS Thomas,-,18/07/1997,2
2687,(-),https://cqranking.com/common/flags/AUT.gif,EICHINGER Daniel,-,23/10/1995,2
2688,(2115),https://cqranking.com/common/flags/POR.gif,CARVALHO Andre Rodrigues,ALL,31/10/1997,2
2689,(2598),https://cqranking.com/common/flags/VIE.gif,QUANG Van Cuong,-,11/11/1997,2
2690,(-),https://cqranking.com/common/flags/MKD.gif,PETRUSHEVSKI David,-,13/12/1996,2
2691,(-),https://cqranking.com/common/flags/NAM.gif,DE LANGE Tristan,-,15/06/1997,2
2692,(1128),https://cqranking.com/common/flags/SLO.gif,CERNE Gregor Matija,-,20/05/1998,2
2693,(-),https://cqranking.com/common/flags/VEN.gif,RINCON PEÑUELA German,-,10/11/1998,2
2694,(-),https://cqranking.com/common/flags/NED.gif,DE JONG Jeen,UNI,05/01/1996,2
2695,(-),https://cqranking.com/common/flags/NED.gif,SCHULTEN Chiel,EEW,22/06/1999,2
2696,(1248),https://cqranking.com/common/flags/USA.gif,BORSTELMANN John,-,17/06/1991,2
2697,(2613),https://cqranking.com/common/flags/MEX.gif,LEMUS GUERRERO Salvador,-,09/04/1998,2
2698,(-),https://cqranking.com/common/flags/INA.gif,OETOMO Yosandy Darmawan,JPC,26/04/2000,2
2699,(-),https://cqranking.com/common/flags/COL.gif,GOMEZ MARIN David Santiago,-,22/01/1999,2
2700,(2620),https://cqranking.com/common/flags/FIJ.gif,RAMAN Francis,-,1954,2
2701,(-),https://cqranking.com/common/flags/VEN.gif,RUJANO VELAZQUEZ Jeison Jose,-,18/08/2001,2
2702,(1267),https://cqranking.com/common/flags/NOR.gif,STENSBY Anton,-,17/01/2001,2
2703,(916),https://cqranking.com/common/flags/FRA.gif,BENNETT Stéfan,ECT,15/04/1992,2
2704,(-),https://cqranking.com/common/flags/LUX.gif,MEYERS Charel,-,24/05/2000,2
2705,(2633),https://cqranking.com/common/flags/NCA.gif,URIARTE ABURTO Leenar Antonio,-,27/09/1995,2
2706,(2218),https://cqranking.com/common/flags/ITA.gif,QUARANTA Samuel,GSC,15/04/2002,2
2707,(-),https://cqranking.com/common/flags/POR.gif,MORAIS Francisco Grilo,TAV,27/08/1998,2
2708,(-),https://cqranking.com/common/flags/AUS.gif,REES Brent,-,22/08/1998,2
2709,(-),https://cqranking.com/common/flags/SWE.gif,LOVIDIUS Edvin,UNC,02/03/2002,2
2710,(-),https://cqranking.com/common/flags/EGY.gif,ELHUSSEINI KHALIL Assem,-,14/07/2000,2
2711,(-),https://cqranking.com/common/flags/BLR.gif,GRINKEVICH Mark,-,31/01/2001,2
2712,(2636),https://cqranking.com/common/flags/MEX.gif,TORRES RAMIREZ Cristopher Hans,-,28/10/2002,2
2713,(2637),https://cqranking.com/common/flags/IND.gif,DESAI Sachin,-,02/04/1999,2
2714,(2375),https://cqranking.com/common/flags/AUT.gif,GERETSCHNIG Martin,-,24/08/1988,2
2715,(-),https://cqranking.com/common/flags/GER.gif,NIEHUES Sebastian,-,27/07/1999,2
2716,(1548),https://cqranking.com/common/flags/TUR.gif,ERKAN Muhammed,KBB,30/08/2001,2
2717,(2642),https://cqranking.com/common/flags/KOS.gif,BINAKAJ Valon,-,18/05/1990,2
2718,(2643),https://cqranking.com/common/flags/BIH.gif,PIHLJAK Tarik,-,12/03/1996,2
2719,(2644),https://cqranking.com/common/flags/SXM.gif,MAIDWELL Mark,-,09/11/1967,2
2720,(-),https://cqranking.com/common/flags/BEN.gif,HOUETO Emile,-,19/09/1999,2
2721,(-),https://cqranking.com/common/flags/MDA.gif,TCACENKO Alexandr,-,02/03/2002,2
2722,(-),https://cqranking.com/common/flags/BEL.gif,DHAEYE Enrico,-,02/02/2001,2
2723,(-),https://cqranking.com/common/flags/BEL.gif,HULSMANS Senne,VWE,22/10/2003,2
2724,(1140),https://cqranking.com/common/flags/FRA.gif,BONIFACE Lucas,-,24/10/2000,2
2725,(-),https://cqranking.com/common/flags/POL.gif,RADOSZ Maksymilian,MSP,25/09/2003,2
2726,(1822),https://cqranking.com/common/flags/ARG.gif,PAEZ Mauricio Pablo Javier,-,01/02/1987,2
2727,(-),https://cqranking.com/common/flags/MAS.gif,SHAARI Muhammad Yusri,-,27/04/1999,2
2728,(-),https://cqranking.com/common/flags/ECU.gif,MONTENEGRO FARINANGO Jhonatan Byron,-,21/11/2002,2
2729,(2241),https://cqranking.com/common/flags/IRI.gif,GHAVAMI Ramyar,-,24/03/2002,2
2730,(1615),https://cqranking.com/common/flags/COL.gif,CHAVES TORRES Jhonathan Steven,TNC,13/02/2001,2
2731,(2385),https://cqranking.com/common/flags/ZIM.gif,CHAKAZA Amos,-,00/00/1988,2
2732,(-),https://cqranking.com/common/flags/GRE.gif,MOUTSIOS Martinos,-,07/09/2001,2
2733,(-),https://cqranking.com/common/flags/BEL.gif,WERTZ Hugo,CCA,15/09/2004,2
2734,(1329),https://cqranking.com/common/flags/NED.gif,WIJFJE Tom,UNI,06/02/1998,2
2735,(-),https://cqranking.com/common/flags/GER.gif,JOHN Vincent,SIC,13/12/2004,2
2736,(2667),https://cqranking.com/common/flags/UAE.gif,ALHAMMADI Ali Eissa Abdulla,-,30/01/2000,2
2737,(-),https://cqranking.com/common/flags/ITA.gif,BASSO Davide,BTC,11/02/2004,2
2738,(-),https://cqranking.com/common/flags/JPN.gif,SATO Hikaru,-,25/10/2002,2
2739,(-),https://cqranking.com/common/flags/RUS.gif,SHULCHENKO Nikita,DFT,31/05/1999,2
2740,(2263),https://cqranking.com/common/flags/NZL.gif,HARRIS Jonty,7RP,30/08/2003,2
2741,(-),https://cqranking.com/common/flags/LES.gif,THULO Karabo,-,24/05/1991,2
2742,(2675),https://cqranking.com/common/flags/COL.gif,BUSTOS GONZALEZ Cristian Yesid,-,12/02/2000,2
2743,(-),https://cqranking.com/common/flags/GBR.gif,MCKAY James,-,21/03/1997,2
2744,(-),https://cqranking.com/common/flags/LAO.gif,XAYALATH Thongmany,-,18/06/1985,2
2745,(1165),https://cqranking.com/common/flags/RWA.gif,NKUNDABERA Eric,-,01/01/1997,2
2746,(1842),https://cqranking.com/common/flags/ANT.gif,FLEMING Abbiel,-,05/01/1982,2
2747,(-),https://cqranking.com/common/flags/BIZ.gif,GABOUREL Goran,-,10/09/2004,2
2748,(-),https://cqranking.com/common/flags/HON.gif,VASQUEZ GARCIA Sergio,-,05/02/2003,2
2749,(2831),https://cqranking.com/common/flags/LAT.gif,KOVGERS Kristers,-,24/11/1992,2
2750,(-),https://cqranking.com/common/flags/DOM.gif,GARCIA OLIVO Lisander Michael,-,24/11/2000,2
2751,(-),https://cqranking.com/common/flags/ANG.gif,LUCAMBA Jose Omar Meirinhos,-,29/04/2006,2
2752,(2422),https://cqranking.com/common/flags/MLT.gif,BORG Luke,-,24/06/2002,2
2753,(2545),https://cqranking.com/common/flags/COL.gif,ALARCON PAEZ Julian David,PRC,19/06/2002,2
2754,(-),https://cqranking.com/common/flags/NED.gif,TIJSSEN Viego,-,05/04/2005,2
2755,(-),https://cqranking.com/common/flags/POR.gif,PINTO Pedro Castro,GSU,13/06/2004,2
2756,(-),https://cqranking.com/common/flags/CPV.gif,MONTEIRO Klisman David,-,14/09/1996,2
2757,(2163),https://cqranking.com/common/flags/ECU.gif,POZO ROBLES Erik Fernando,BES,28/06/2005,2
2758,(2430),https://cqranking.com/common/flags/MAS.gif,AWANG ILAH Ahmad Syazrin,MPC,05/10/1997,2
2759,(2694),https://cqranking.com/common/flags/NAM.gif,KEY Adrian,-,26/08/2005,2
2760,(-),https://cqranking.com/common/flags/USA.gif,STOKES Ben,-,02/01/2005,2
2761,(1331),https://cqranking.com/common/flags/EST.gif,MAEUIBO Markus,-,31/10/2005,2
2762,(2702),https://cqranking.com/common/flags/DEN.gif,HUNDT August Birk,-,03/05/2005,2
2763,(-),https://cqranking.com/common/flags/SUI.gif,CASAGRANDE Diego,TUU,05/08/2004,2
2764,(-),https://cqranking.com/common/flags/ZIM.gif,PEEBLES Andrew,-,09/01/1989,2
2765,(-),https://cqranking.com/common/flags/PUR.gif,ESTRADA MIRANDA Kevin,-,22/05/2005,2
2766,(2706),https://cqranking.com/common/flags/MNE.gif,HADZIABLAHOVIC Hasan,-,13/11/1995,2
2767,(2708),https://cqranking.com/common/flags/GUM.gif,TORRES Jacob,-,17/07/1992,2
2768,(2715),https://cqranking.com/common/flags/RSA.gif,VAN NIEKERK Emile,TPC,23/06/2004,2
2769,(1064),https://cqranking.com/common/flags/ETH.gif,HAILEMARYAM Gereziher Geremedhin,-,10/05/2005,2
2770,(-),https://cqranking.com/common/flags/AUS.gif,CLARK Jack,-,29/01/2006,2
2771,(-),https://cqranking.com/common/flags/FRA.gif,SORANZO Mael,AIX,11/11/2004,2
2772,(-),https://cqranking.com/common/flags/GER.gif,ALBRECHT Pepe,RRN,22/08/2006,2
2773,(-),https://cqranking.com/common/flags/KGZ.gif,VELIAMOV Daniiar,-,20/12/2002,2
2774,(-),https://cqranking.com/common/flags/RWA.gif,NSHUTIRAGUMA Kevin,-,22/11/2006,2
2775,(-),https://cqranking.com/common/flags/KAZ.gif,BEISEMBAY Mansur,XAD,09/01/2006,2
2776,(-),https://cqranking.com/common/flags/EGY.gif,ELSHINAWY Ahmed Esameldin,-,14/03/1997,2
2777,(2729),https://cqranking.com/common/flags/BOL.gif,CANAVIRI CHOQUE Samuel,-,26/06/2002,2
2778,(-),https://cqranking.com/common/flags/ESP.gif,SORIANO GARCIA Iker,-,05/11/2004,2
2779,(-),https://cqranking.com/common/flags/BRA.gif,CONSTANTINO Matheus,LMS,23/09/2006,2
2780,(2311),https://cqranking.com/common/flags/DEN.gif,NIELSEN Thor Vangsø,GSH,26/06/2006,2
2781,(-),https://cqranking.com/common/flags/PUR.gif,ORTIZ PEREZ Orlando,-,22/01/1998,2
2782,(2742),https://cqranking.com/common/flags/ANG.gif,TEIXEIRA Cristian,-,27/08/2005,2
2783,(-),https://cqranking.com/common/flags/ALG.gif,SASSI Cheems Eddine,-,24/05/1989,2
2784,(2091),https://cqranking.com/common/flags/MKD.gif,NASTEVSKI Slobodan,-,27/09/1985,2
2785,(2481),https://cqranking.com/common/flags/KOR.gif,HONG Young-taek,-,13/07/2004,2
2786,(2751),https://cqranking.com/common/flags/CRO.gif,BLAZEVIC Jonathan,-,22/07/1994,2
2787,(-),https://cqranking.com/common/flags/ISL.gif,BJARNASON Bjorgvin Haukur,-,21/01/2002,2
2788,(2754),https://cqranking.com/common/flags/CPV.gif,MONTEIRO DIAS Gilberto,-,07/09/2006,2
2789,(2486),https://cqranking.com/common/flags/MAC.gif,LEI Kwok Hung,-,03/10/1979,2
2790,(1922),https://cqranking.com/common/flags/IVB.gif,JERVIS Amory,-,13/03/1975,2
2791,(2883),https://cqranking.com/common/flags/ISR.gif,BEN ARI Roi,-,20/06/2006,2
2792,(-),https://cqranking.com/common/flags/BEL.gif,DE SCHAMPHELEIRE Jonas,-,30/10/2003,2
2793,(-),https://cqranking.com/common/flags/FRA.gif,BLANC Johan,CGF,14/05/2007,2
2794,(-),https://cqranking.com/common/flags/ITA.gif,FORLIN Daniele,MOY,03/11/2007,2
2795,(-),https://cqranking.com/common/flags/ITA.gif,DALLE CRODE Lorenzo,UTC,18/02/2007,2
2796,(-),https://cqranking.com/common/flags/BRA.gif,VIEIRA Renan,-,08/02/1991,2
2797,(-),https://cqranking.com/common/flags/BEL.gif,VERBRUGGE Jasper,HBG,01/02/2007,2
2798,(2770),https://cqranking.com/common/flags/VIE.gif,VO Minh Gia Bao,-,28/09/2003,2
2799,(-),https://cqranking.com/common/flags/SWE.gif,REINHOLD Vilgot,LUC,04/11/2007,2
2800,(-),https://cqranking.com/common/flags/SVK.gif,ZAHOREC Filip,DKB,01/06/2007,2
2801,(-),https://cqranking.com/common/flags/DEN.gif,LOUW LARSEN Oskar,GSH,27/12/2007,2
2802,(2772),https://cqranking.com/common/flags/IND.gif,TYAGI Akshar,-,03/04/2005,2
2803,(-),https://cqranking.com/common/flags/GUA.gif,TORRES YUMAN Melvin Eduardo,HIN,14/05/2005,2
2804,(-),https://cqranking.com/common/flags/PHI.gif,VILLASEÑOR Darius John,VSC,11/03/2007,2
2805,(-),https://cqranking.com/common/flags/ITA.gif,GARDANI Simone,BTC,03/04/2007,2
2806,(-),https://cqranking.com/common/flags/ITA.gif,FRIGO Davide,NIA,22/01/2007,2
2807,(-),https://cqranking.com/common/flags/MAR.gif,M'HAH Yassine,SUS,04/02/2007,2
2808,(-),https://cqranking.com/common/flags/BEL.gif,BODEN Rune,APD,12/07/2007,2
2809,(-),https://cqranking.com/common/flags/KOR.gif,JANG Jun-u,SCT,12/12/2007,2
2810,(-),https://cqranking.com/common/flags/NOR.gif,LAFORCE Aksel,RSK,15/04/2006,2
2811,(-),https://cqranking.com/common/flags/AUS.gif,CORRELL Alexander,CBW,30/05/2007,2
2812,(-),https://cqranking.com/common/flags/URU.gif,CLARA SARAVIA Federico Marcel,-,04/05/1994,2
2813,(-),https://cqranking.com/common/flags/ESP.gif,JIMENEZ BLAZQUEZ Jose Ramon,-,12/06/2004,2
2814,(-),https://cqranking.com/common/flags/BEL.gif,HANNES Kamiel,AAR,15/12/2007,2
2815,(-),https://cqranking.com/common/flags/CHI.gif,MANBRAN SANCHEZ Ignacio,-,20/04/2006,2
2816,(-),https://cqranking.com/common/flags/RUS.gif,BORTNIK Ivan,PIT,05/09/2007,2
2817,(-),https://cqranking.com/common/flags/FRA.gif,SEGUIN Yanis,-,28/01/2003,2
2818,(-),https://cqranking.com/common/flags/SIN.gif,TOH Brayden,-,09/05/2007,2
2819,(-),https://cqranking.com/common/flags/BEL.gif,VAN DEN MEERSSCHE Warre,-,18/07/2004,2
2820,(-),https://cqranking.com/common/flags/POL.gif,LYZWA Bartosz,-,12/01/2007,2
2821,(-),https://cqranking.com/common/flags/UAE.gif,ALWHEIBI Saeed,-,13/04/1998,2
2822,(-),https://cqranking.com/common/flags/UZB.gif,ABDIKODIROV Djurabek,-,20/08/2006,2
2823,(-),https://cqranking.com/common/flags/DEN.gif,VESTERGAARD Sebastian,BPC,03/02/2006,2
2824,(-),https://cqranking.com/common/flags/DEN.gif,HAANING Sebastian,-,21/09/2006,2
2825,(-),https://cqranking.com/common/flags/ESP.gif,MONTURIOL QUINDOS Narcis,-,30/07/2007,2
2826,(-),https://cqranking.com/common/flags/ALB.gif,LLANA Habib,-,06/04/2007,2
2827,(-),https://cqranking.com/common/flags/LCA.gif,CELESTIN Joshua,-,27/11/2009,2
2828,(-),https://cqranking.com/common/flags/KEN.gif,KARANJA Peter,-,23/05/1998,2
2829,(-),https://cqranking.com/common/flags/BIZ.gif,LEVY Dylan,-,07/03/2001,2
2830,(-),https://cqranking.com/common/flags/LAO.gif,CHINNACHACK Salibout,-,26/06/2007,2
2831,(-),https://cqranking.com/common/flags/DEN.gif,WEIGELT Mikkel Bang Fredsø,-,05/11/2007,2
2832,(-),https://cqranking.com/common/flags/JOR.gif,ALHMOUD Ismael,-,2,
2833,(-),https://cqranking.com/common/flags/IRL.gif,CONROY Jack,-,27/07/2004,2
2834,(-),https://cqranking.com/common/flags/ANT.gif,KING Jomari,-,29/04/2007,2
2835,(-),https://cqranking.com/common/flags/MLI.gif,SIDIBE Sibiri,-,02/04/2007,2
2836,(-),https://cqranking.com/common/flags/BAR.gif,BRATHWAITE Kamali,-,25/04/2005,2
2837,(-),https://cqranking.com/common/flags/CYP.gif,VASILOUDES BAYADAS Orpheas,-,20/10/2006,2
2838,(-),https://cqranking.com/common/flags/SWE.gif,PERSSON Filip,-,11/10/2006,2
2839,(-),https://cqranking.com/common/flags/PER.gif,CONDORI CONTRERAS Aldair,-,20/02/2002,2
2840,(-),https://cqranking.com/common/flags/UZB.gif,MIRZALIEV Shakhzod,-,08/10/2006,2
2841,(-),https://cqranking.com/common/flags/SUR.gif,KOORNDIJK Ernesto,-,12/10/2002,2
2842,(-),https://cqranking.com/common/flags/BOT.gif,WATSON-BEN Carlyn,-,17/04/2007,2
2843,(-),https://cqranking.com/common/flags/ARG.gif,PUJO Adriano,-,23/02/1990,2
2844,(-),https://cqranking.com/common/flags/FRA.gif,CASI-VIALLET Isao Robin,-,01/12/2003,2
2845,(-),https://cqranking.com/common/flags/GBS.gif,TE Feliciano Jose,-,13/05/1993,2
2846,(-),https://cqranking.com/common/flags/GBR.gif,LARKIN Mak,-,19/06/2007,2
2847,(-),https://cqranking.com/common/flags/VEN.gif,PEÑA GONZALEZ Miguel Javier,-,24/05/2004,2
2848,(-),https://cqranking.com/common/flags/BEL.gif,HEMERYCK Wout,-,05/05/2006,2
2849,(-),https://cqranking.com/common/flags/BEL.gif,PUNNEWAERT Liam,-,07/06/2004,2
2850,(-),https://cqranking.com/common/flags/ECU.gif,CARDONA LOPEZ Santiago,-,05/05/2005,2
2851,(-),https://cqranking.com/common/flags/NCA.gif,AGUIRRE BAEZ Gabriel Luis,-,24/09/1979,2
2852,(-),https://cqranking.com/common/flags/FRA.gif,CARENE Boris,-,07/12/1985,1
2853,(2499),https://cqranking.com/common/flags/NED.gif,SCHULTING Peter,-,19/08/1987,1
2854,(-),https://cqranking.com/common/flags/ECU.gif,NAVARRETE NAVARRETE Segundo Mesias,-,21/05/1985,1
2855,(-),https://cqranking.com/common/flags/CRC.gif,MONTOYA CANTILLO Paolo Cesar,-,15/06/1985,1
2856,(-),https://cqranking.com/common/flags/LUX.gif,THILL Tom,-,31/03/1990,1
2857,(1881),https://cqranking.com/common/flags/RUS.gif,MAIKIN Roman,-,14/08/1990,1
2858,(-),https://cqranking.com/common/flags/CHN.gif,YUE Hao,-,26/11/1992,1
2859,(-),https://cqranking.com/common/flags/ESP.gif,MORA VEDRI Sebastian,-,19/02/1988,1
2860,(2778),https://cqranking.com/common/flags/MEX.gif,CASTILLO SOTO Ulises Alfredo,-,05/03/1992,1
2861,(1656),https://cqranking.com/common/flags/GUA.gif,MONTERROSO MONTERROSO Dorian Javier,HIN,06/01/1993,1
2862,(2780),https://cqranking.com/common/flags/CRC.gif,SALAS SANCHEZ Brian Alonso,-,27/12/1991,1
2863,(-),https://cqranking.com/common/flags/COL.gif,SUAZA ARANGO Bernardo Albeiro,-,28/11/1992,1
2864,(2783),https://cqranking.com/common/flags/COL.gif,GOMEZ PEÑALOZA Bryan Steve,-,19/11/1994,1
2865,(1521),https://cqranking.com/common/flags/HON.gif,LOPEZ NOLASCO Luis Fernando Enrique,-,17/09/1997,1
2866,(-),https://cqranking.com/common/flags/MGL.gif,BATERDENE Narankhuu,-,23/02/1995,1
2867,(1888),https://cqranking.com/common/flags/ITA.gif,TAGLIANI Filippo,CNM,14/08/1995,1
2868,(-),https://cqranking.com/common/flags/POL.gif,ZUBER Adam,-,25/12/1979,1
2869,(-),https://cqranking.com/common/flags/VEN.gif,MEDINA FREITEZ Rafael Eduardo,-,13/10/1994,1
2870,(-),https://cqranking.com/common/flags/CHI.gif,MARQUEZ MARQUEZ Mandel Arnold,-,08/05/1992,1
2871,(1792),https://cqranking.com/common/flags/GUA.gif,VASQUEZ ORDOÑEZ Adolfo Bernabe,HIN,25/01/1995,1
2872,(2605),https://cqranking.com/common/flags/BEL.gif,VAN DYCK Wesley,-,15/09/1994,1
2873,(1386),https://cqranking.com/common/flags/RSA.gif,MAHLANGU Thokozani,TPC,24/11/1990,1
2874,(-),https://cqranking.com/common/flags/ESP.gif,BENNASSAR ROSSELLO Joan Marti,-,30/05/1999,1
2875,(2619),https://cqranking.com/common/flags/IRL.gif,KEOGH Cian,APS,06/04/1999,1
2876,(-),https://cqranking.com/common/flags/GBR.gif,KING Matthew,-,20/10/1995,1
2877,(1744),https://cqranking.com/common/flags/GUA.gif,JULAJUJ JULAJUJ Alex Rony,-,15/02/1998,1
2878,(1893),https://cqranking.com/common/flags/POR.gif,MEDEIROS Joao Pedro,LAA,04/08/2000,1
2879,(-),https://cqranking.com/common/flags/FRA.gif,DEVANNE Antoine,-,16/09/2000,1
2880,(-),https://cqranking.com/common/flags/BRN.gif,MADAN Ahmed,BVD,25/08/2000,1
2881,(2213),https://cqranking.com/common/flags/COL.gif,BARBOZA NADER Juan Manuel,-,27/09/2000,1
2882,(-),https://cqranking.com/common/flags/HUN.gif,PALUMBY Zsomber,TUS,06/06/1996,1
2883,(-),https://cqranking.com/common/flags/EST.gif,KURITS Joonas,-,15/04/2002,1
2884,(2806),https://cqranking.com/common/flags/VEN.gif,MENDOZA FREITEZ David Jose,-,07/01/2003,1
2885,(-),https://cqranking.com/common/flags/GER.gif,VOEGE Lennart,TSM,05/02/2000,1
2886,(-),https://cqranking.com/common/flags/ARG.gif,DIAZ Rodrigo Daniel,-,12/01/2002,1
2887,(2653),https://cqranking.com/common/flags/PAN.gif,VARGAS MIRANDA Cristopher,-,30/08/2003,1
2888,(-),https://cqranking.com/common/flags/BUR.gif,ILBOUDO Mohamadi,-,20/11/2000,1
2889,(1829),https://cqranking.com/common/flags/GBR.gif,PAIGE Charles,BAC,07/07/2001,1
2890,(2813),https://cqranking.com/common/flags/NED.gif,LANGE Wessel,UNI,23/12/1999,1
2891,(-),https://cqranking.com/common/flags/IRL.gif,CROWLEY Liam,-,02/04/2002,1
2892,(2816),https://cqranking.com/common/flags/TUR.gif,TEKIN Mustafa,STC,06/01/2003,1
2893,(2050),https://cqranking.com/common/flags/BUL.gif,GROZEV Gabriel,-,04/05/2003,1
2894,(-),https://cqranking.com/common/flags/ESP.gif,BENNASSAR ROSSELLO Francesc,-,08/07/2002,1
2895,(993),https://cqranking.com/common/flags/MEX.gif,GARCIA TREJO Carlos Alfonso,-,21/11/2003,1
2896,(2664),https://cqranking.com/common/flags/GBR.gif,JOLLY Carl,-,20/07/1999,1
2897,(-),https://cqranking.com/common/flags/POR.gif,MARTINS Joao Silva,LAA,27/03/2004,1
2898,(-),https://cqranking.com/common/flags/CZE.gif,POKORNY Ondrej,SKC,15/05/2004,1
2899,(1689),https://cqranking.com/common/flags/POR.gif,LIMA Daniel Botelho Freitas,BAC,12/12/2004,1
2900,(-),https://cqranking.com/common/flags/BEL.gif,DE GRAEVE Quinten,TNN,24/10/2000,1
2901,(-),https://cqranking.com/common/flags/USA.gif,FELTON Quinn,PEC,06/08/2002,1
2902,(-),https://cqranking.com/common/flags/MEX.gif,ZARATE ANIMA Michael,-,11/03/2004,1
2903,(-),https://cqranking.com/common/flags/ESP.gif,AZNAR VIJUESCA Unai,EUS,26/07/2002,1
2904,(-),https://cqranking.com/common/flags/NED.gif,KONING Stef,AVV,18/03/2004,1
2905,(-),https://cqranking.com/common/flags/BRA.gif,ANDRE Andrey Braguni,GSU,10/11/2005,1
2906,(2160),https://cqranking.com/common/flags/DEN.gif,TROELSEN Tore,TCQ,17/06/2005,1
2907,(2548),https://cqranking.com/common/flags/GER.gif,ARENZ Leon,RRN,19/08/2005,1
2908,(2275),https://cqranking.com/common/flags/SUI.gif,BENAREAU Victor,-,12/04/2005,1
2909,(2693),https://cqranking.com/common/flags/KAZ.gif,BASHLYKOV Vladislav,XAD,06/03/2005,1
2910,(-),https://cqranking.com/common/flags/ALG.gif,FERHAT Ashraf,MCA,14/09/2004,1
2911,(1505),https://cqranking.com/common/flags/UGA.gif,LOROT Lawrence,AMN,15/05/2005,1
2912,(-),https://cqranking.com/common/flags/CHN.gif,QU Chengjun,-,24/02/2004,1
2913,(2553),https://cqranking.com/common/flags/FRA.gif,MAINGUENAUD Lucas,-,04/03/2004,1
2914,(-),https://cqranking.com/common/flags/ERI.gif,HABTOM Hiyab,-,19/11/2004,1
2915,(2285),https://cqranking.com/common/flags/KAZ.gif,KARABUTOV Ilya,-,26/07/2004,1
2916,(-),https://cqranking.com/common/flags/DEN.gif,ØHLENSCHLAEGER Kasper Jul,TGS,19/02/2002,1
2917,(962),https://cqranking.com/common/flags/SUI.gif,HUBER Jan,TUU,28/05/2005,1
2918,(-),https://cqranking.com/common/flags/NED.gif,DEN BRABER Tim,-,04/11/1998,1
2919,(-),https://cqranking.com/common/flags/ITA.gif,CAPELLO Roberto,EFA,25/09/2007,1
2920,(-),https://cqranking.com/common/flags/RUS.gif,MISHANKOV Maxim,MGK,01/07/2005,1
2921,(-),https://cqranking.com/common/flags/ITA.gif,MONTAGNER Andrea,BCS,15/02/2006,1
2922,(2850),https://cqranking.com/common/flags/ITA.gif,DE TOTTO Andrea,GSC,05/01/2000,1
2923,(-),https://cqranking.com/common/flags/USA.gif,STREIF Noah,EFA,07/04/2006,1
2924,(-),https://cqranking.com/common/flags/GER.gif,PETRY Paul-Felix,RRN,15/08/2006,1
2925,(-),https://cqranking.com/common/flags/AUS.gif,HEATH Will,CBW,11/09/2006,1
2926,(-),https://cqranking.com/common/flags/FRA.gif,DROUET Jules,BAC,14/04/2006,1
2927,(2855),https://cqranking.com/common/flags/FRA.gif,SALVADORI Axel,VVB,13/10/2004,1
2928,(-),https://cqranking.com/common/flags/ITA.gif,MILITELLO Jacopo,-,17/04/2004,1
2929,(1717),https://cqranking.com/common/flags/COL.gif,GARCIA GOMEZ Estiven,ESC,18/11/2004,1
2930,(-),https://cqranking.com/common/flags/CHN.gif,ZHANG Hao,CCT,01/09/2005,1
2931,(-),https://cqranking.com/common/flags/RUS.gif,SERGEEV Georgiy,-,31/08/2005,1
2932,(-),https://cqranking.com/common/flags/COL.gif,HOYOS CASTRO David Esteban,TNC,20/10/2004,1
2933,(-),https://cqranking.com/common/flags/USA.gif,ELPHINGSTONE Luke,PEC,28/02/2003,1
2934,(-),https://cqranking.com/common/flags/CZE.gif,STREJCEK Adam,-,24/11/2006,1
2935,(-),https://cqranking.com/common/flags/UZB.gif,BAHODIROV Behzod,SAB,16/05/2006,1
2936,(-),https://cqranking.com/common/flags/NED.gif,VAN DER POEL Tim,-,05/02/2005,1
2937,(-),https://cqranking.com/common/flags/NOR.gif,BRUUN Christopher Ringkjøb,-,07/03/2005,1
2938,(-),https://cqranking.com/common/flags/ESP.gif,ARTIGUES COSANO Jordi,-,29/09/2004,1
2939,(2882),https://cqranking.com/common/flags/MEX.gif,CHAPARRO FLORES Jesus Uriel,-,13/05/2006,1
2940,(-),https://cqranking.com/common/flags/NED.gif,VAN LIEROP Danny,-,20/08/2003,1
2941,(-),https://cqranking.com/common/flags/FRA.gif,COYOT Sacha,VCR,01/05/2007,1
2942,(-),https://cqranking.com/common/flags/CZE.gif,PITAK Matej,VLD,19/01/2007,1
2943,(2889),https://cqranking.com/common/flags/ITA.gif,TROIA Ivan,GSC,07/03/2000,1
2944,(-),https://cqranking.com/common/flags/NED.gif,SCHOONVELDE Gijs,RBC,29/01/2007,1
2945,(-),https://cqranking.com/common/flags/GBR.gif,HUDSON Harry,LTF,29/08/2007,1
2946,(-),https://cqranking.com/common/flags/GER.gif,BENZ Benedikt,LTF,24/05/2007,1
2947,(-),https://cqranking.com/common/flags/FRA.gif,ALEXANDRE Arthur,VCR,24/05/2007,1
2948,(-),https://cqranking.com/common/flags/FRA.gif,BOUTELOUP Alexis,DCD,17/01/2007,1
2949,(-),https://cqranking.com/common/flags/EST.gif,PUURAID Joonas,BAI,02/03/2007,1
2950,(-),https://cqranking.com/common/flags/GER.gif,WEDEKIND Victor,RRN,26/04/2007,1
2951,(-),https://cqranking.com/common/flags/SVK.gif,JAVOR Jakub,DKB,20/01/2007,1
2952,(-),https://cqranking.com/common/flags/POR.gif,SILVA Joao,ACR,15/01/2007,1
2953,(-),https://cqranking.com/common/flags/AUS.gif,HONE Levi,TBN,27/06/2006,1
2954,(-),https://cqranking.com/common/flags/ITA.gif,MATTEOLI Francesco,GSC,21/09/2007,1
2955,(-),https://cqranking.com/common/flags/VEN.gif,GARCIA VERA Moises Alenjandro,-,22/04/2005,1
2956,(-),https://cqranking.com/common/flags/BEL.gif,DAELMANS Lars,PSC,01/12/2007,1
2957,(-),https://cqranking.com/common/flags/URU.gif,RACEDO CIOL Robert Ortilio,-,08/02/1998,1
2958,(-),https://cqranking.com/common/flags/CHI.gif,GALLO FLORIDO Ignacio,PPZ,07/12/2000,1
2959,(-),https://cqranking.com/common/flags/NED.gif,VAN DE PUT Luke,-,15/11/2000,1
2960,(-),https://cqranking.com/common/flags/BEL.gif,JAMIN Antoine,AAR,23/03/2005,1
2961,(-),https://cqranking.com/common/flags/UZB.gif,RAKHMATOV Javlon,-,02/05/2006,1
2962,(-),https://cqranking.com/common/flags/UZB.gif,KIRONOV Jurabek,-,26/05/2006,1
2963,(-),https://cqranking.com/common/flags/UZB.gif,LUTFULLAYEV Pardaboy,-,23/09/2006,1
2964,(-),https://cqranking.com/common/flags/CAN.gif,SEBEL Aidan,-,14/02/2006,1
2965,(-),https://cqranking.com/common/flags/RUS.gif,KAZAKOV Daniil,-,08/01/2005,1
2966,(-),https://cqranking.com/common/flags/BEL.gif,DECABOOTER Lance,-,22/08/2001,1
2967,(-),https://cqranking.com/common/flags/ESP.gif,ORMAZABAL GALDOS Kepa,-,07/07/2006,1
2968,(-),https://cqranking.com/common/flags/SUI.gif,DENERVAUD Thom,-,03/06/2006,1
2969,(-),https://cqranking.com/common/flags/FRA.gif,HENRIETTE Christopher,-,18/09/2005,1
2970,(-),https://cqranking.com/common/flags/RSA.gif,VISAGIE Willem,-,12/07/2005,1
2971,(-),https://cqranking.com/common/flags/NED.gif,VAN DER VOORT Boris,-,16/10/2007,1
2972,(-),https://cqranking.com/common/flags/CAN.gif,CHATEAUNEUF Alexandre,-,27/03/2003,1
2973,(-),https://cqranking.com/common/flags/POL.gif,LISTWON Mikolaj,-,12/11/2007,1
2974,(-),https://cqranking.com/common/flags/FRA.gif,QUETIN Yann,-,10/08/2006,1
2975,(-),https://cqranking.com/common/flags/CAN.gif,WOJCIECHOWSKI Maxim,-,06/09/2007,1
2976,(-),https://cqranking.com/common/flags/NED.gif,SMIT Stan,-,13/01/2006,1
2977,(-),https://cqranking.com/common/flags/DEN.gif,RØSSEL Alexander Kamstrup,-,28/06/2007,1
2978,(-),https://cqranking.com/common/flags/GRE.gif,ATHANASIADIS Alexandros,-,18/10/2003,1
2979,(-),https://cqranking.com/common/flags/FRA.gif,HERNANDEZ REILHE Jan,-,26/03/2007,1
2980,(-),https://cqranking.com/common/flags/IRI.gif,GOMARIAN KHESAL Mehrdad,-,22/06/1991,1
2981,(-),https://cqranking.com/common/flags/NOR.gif,ROKKE Sondre,-,05/12/2003,1
2982,(-),https://cqranking.com/common/flags/JPN.gif,MOCHIZUKI Ren,-,13/08/2006,1
2983,(-),https://cqranking.com/common/flags/FRA.gif,JULLIAN Evan,-,14/01/2006,1
2984,(-),https://cqranking.com/common/flags/BEL.gif,TORFS Rik,-,24/01/2003,1
2985,(-),https://cqranking.com/common/flags/NED.gif,SILLEKENS Luuk,-,28/09/2001,1
2986,(-),https://cqranking.com/common/flags/BRA.gif,GALVAO Guilherme Freitas,-,10/04/2006,1
